scanned_at,route_id,label,dest,origin,depart_date,price_usd,airline,stops,booking_url
2026-07-22T00:12:17+00:00,nrt-any,Tokyo (any airline),NRT,OAK,2026-07-24,820,Alaska,2,https://www.google.com/travel/flights?q=Flights%20from%20OAK%20to%20NRT%20on%202026-07-24%20one%20way
2026-07-29T00:14:15+00:00,nrt-any,Tokyo (any airline),NRT,OAK,2026-07-31,790,?,Unknown,https://www.google.com/travel/flights?q=Flights%20from%20OAK%20to%20NRT%20on%202026-07-31%20one%20way
2026-07-25T06:37:16+00:00,nrt-any,Tokyo (any airline),NRT,OAK,2026-08-02,685,?,Unknown,https://www.google.com/travel/flights?q=Flights%20from%20OAK%20to%20NRT%20on%202026-08-02%20one%20way
2026-07-28T07:59:05+00:00,nrt-any,Tokyo (any airline),NRT,OAK,2026-08-06,596,?,Unknown,https://www.google.com/travel/flights?q=Flights%20from%20OAK%20to%20NRT%20on%202026-08-06%20one%20way
2026-07-25T11:47:25+00:00,nrt-any,Tokyo (any airline),NRT,OAK,2026-08-07,735,?,Unknown,https://www.google.com/travel/flights?q=Flights%20from%20OAK%20to%20NRT%20on%202026-08-07%20one%20way
2026-08-06T00:14:35+00:00,nrt-any,Tokyo (any airline),NRT,OAK,2026-08-08,538,"Alaska, JAL",1,https://www.google.com/travel/flights?q=Flights%20from%20OAK%20to%20NRT%20on%202026-08-08%20one%20way
2026-08-01T06:47:22+00:00,nrt-any,Tokyo (any airline),NRT,OAK,2026-08-09,538,"Alaska, JAL",1,https://www.google.com/travel/flights?q=Flights%20from%20OAK%20to%20NRT%20on%202026-08-09%20one%20way
2026-08-07T01:52:32+00:00,nrt-any,Tokyo (any airline),NRT,OAK,2026-08-10,538,"Alaska, JAL",1,https://www.google.com/travel/flights?q=Flights%20from%20OAK%20to%20NRT%20on%202026-08-10%20one%20way
2026-07-25T15:51:33+00:00,nrt-any,Tokyo (any airline),NRT,OAK,2026-08-11,542,?,Unknown,https://www.google.com/travel/flights?q=Flights%20from%20OAK%20to%20NRT%20on%202026-08-11%20one%20way
2026-08-04T06:40:28+00:00,nrt-any,Tokyo (any airline),NRT,OAK,2026-08-12,538,"Alaska, JAL",1,https://www.google.com/travel/flights?q=Flights%20from%20OAK%20to%20NRT%20on%202026-08-12%20one%20way
2026-08-03T08:52:37+00:00,nrt-any,Tokyo (any airline),NRT,OAK,2026-08-13,588,?,Unknown,https://www.google.com/travel/flights?q=Flights%20from%20OAK%20to%20NRT%20on%202026-08-13%20one%20way
2026-08-08T04:32:02+00:00,nrt-any,Tokyo (any airline),NRT,OAK,2026-08-14,538,"Alaska, JAL",1,https://www.google.com/travel/flights?q=Flights%20from%20OAK%20to%20NRT%20on%202026-08-14%20one%20way
2026-08-09T04:48:21+00:00,nrt-any,Tokyo (any airline),NRT,OAK,2026-08-15,538,"Alaska, JAL",1,https://www.google.com/travel/flights?q=Flights%20from%20OAK%20to%20NRT%20on%202026-08-15%20one%20way
2026-08-02T12:42:33+00:00,nrt-any,Tokyo (any airline),NRT,OAK,2026-08-16,538,"Alaska, JAL",1,https://www.google.com/travel/flights?q=Flights%20from%20OAK%20to%20NRT%20on%202026-08-16%20one%20way
2026-08-11T04:06:22+00:00,nrt-any,Tokyo (any airline),NRT,OAK,2026-08-17,538,?,Unknown,https://www.google.com/travel/flights?q=Flights%20from%20OAK%20to%20NRT%20on%202026-08-17%20one%20way
2026-08-07T09:43:11+00:00,nrt-any,Tokyo (any airline),NRT,OAK,2026-08-18,538,"Alaska, JAL",1,https://www.google.com/travel/flights?q=Flights%20from%20OAK%20to%20NRT%20on%202026-08-18%20one%20way
2026-08-12T05:49:38+00:00,nrt-any,Tokyo (any airline),NRT,OAK,2026-08-19,529,"Alaska, Cathay Pacific",2,https://www.google.com/travel/flights?q=Flights%20from%20OAK%20to%20NRT%20on%202026-08-19%20one%20way
2026-08-15T03:08:02+00:00,nrt-any,Tokyo (any airline),NRT,OAK,2026-08-20,527,?,Unknown,https://www.google.com/travel/flights?q=Flights%20from%20OAK%20to%20NRT%20on%202026-08-20%20one%20way
2026-08-16T03:28:42+00:00,nrt-any,Tokyo (any airline),NRT,OAK,2026-08-21,527,?,Unknown,https://www.google.com/travel/flights?q=Flights%20from%20OAK%20to%20NRT%20on%202026-08-21%20one%20way
2026-08-17T03:29:29+00:00,nrt-any,Tokyo (any airline),NRT,OAK,2026-08-22,527,Alaska,1,https://www.google.com/travel/flights?q=Flights%20from%20OAK%20to%20NRT%20on%202026-08-22%20one%20way
2026-08-18T03:13:06+00:00,nrt-any,Tokyo (any airline),NRT,OAK,2026-08-23,527,Alaska,1,https://www.google.com/travel/flights?q=Flights%20from%20OAK%20to%20NRT%20on%202026-08-23%20one%20way
2026-08-21T01:57:35+00:00,nrt-any,Tokyo (any airline),NRT,OAK,2026-08-24,527,Alaska,1,https://www.google.com/travel/flights?q=Flights%20from%20OAK%20to%20NRT%20on%202026-08-24%20one%20way
2026-08-22T01:50:09+00:00,nrt-any,Tokyo (any airline),NRT,OAK,2026-08-25,527,Alaska,1,https://www.google.com/travel/flights?q=Flights%20from%20OAK%20to%20NRT%20on%202026-08-25%20one%20way
2026-08-23T01:59:42+00:00,nrt-any,Tokyo (any airline),NRT,OAK,2026-08-26,527,?,Unknown,https://www.google.com/travel/flights?q=Flights%20from%20OAK%20to%20NRT%20on%202026-08-26%20one%20way
2026-08-24T01:57:43+00:00,nrt-any,Tokyo (any airline),NRT,OAK,2026-08-27,527,Alaska,1,https://www.google.com/travel/flights?q=Flights%20from%20OAK%20to%20NRT%20on%202026-08-27%20one%20way
2026-08-25T01:52:31+00:00,nrt-any,Tokyo (any airline),NRT,OAK,2026-08-28,527,?,Unknown,https://www.google.com/travel/flights?q=Flights%20from%20OAK%20to%20NRT%20on%202026-08-28%20one%20way
2026-08-26T01:58:19+00:00,nrt-any,Tokyo (any airline),NRT,OAK,2026-08-29,527,?,Unknown,https://www.google.com/travel/flights?q=Flights%20from%20OAK%20to%20NRT%20on%202026-08-29%20one%20way
2026-08-25T03:59:31+00:00,nrt-any,Tokyo (any airline),NRT,OAK,2026-08-30,527,Alaska,1,https://www.google.com/travel/flights?q=Flights%20from%20OAK%20to%20NRT%20on%202026-08-30%20one%20way
2026-08-26T03:17:57+00:00,nrt-any,Tokyo (any airline),NRT,OAK,2026-08-31,527,?,Unknown,https://www.google.com/travel/flights?q=Flights%20from%20OAK%20to%20NRT%20on%202026-08-31%20one%20way
2026-08-27T03:19:35+00:00,nrt-any,Tokyo (any airline),NRT,OAK,2026-09-01,529,"Alaska, Cathay Pacific",2,https://www.google.com/travel/flights?q=Flights%20from%20OAK%20to%20NRT%20on%202026-09-01%20one%20way
2026-08-30T01:15:23+00:00,nrt-any,Tokyo (any airline),NRT,OAK,2026-09-02,516,"Alaska, Cathay Pacific",2,https://www.google.com/travel/flights?q=Flights%20from%20OAK%20to%20NRT%20on%202026-09-02%20one%20way
2026-08-25T07:58:10+00:00,nrt-any,Tokyo (any airline),NRT,OAK,2026-09-03,595,?,Unknown,https://www.google.com/travel/flights?q=Flights%20from%20OAK%20to%20NRT%20on%202026-09-03%20one%20way
2026-09-02T00:14:40+00:00,nrt-any,Tokyo (any airline),NRT,OAK,2026-09-04,748,?,Unknown,https://www.google.com/travel/flights?q=Flights%20from%20OAK%20to%20NRT%20on%202026-09-04%20one%20way
2026-09-03T00:15:57+00:00,nrt-any,Tokyo (any airline),NRT,OAK,2026-09-05,707,?,Unknown,https://www.google.com/travel/flights?q=Flights%20from%20OAK%20to%20NRT%20on%202026-09-05%20one%20way
2026-09-04T00:06:22+00:00,nrt-any,Tokyo (any airline),NRT,OAK,2026-09-06,534,Alaska,1,https://www.google.com/travel/flights?q=Flights%20from%20OAK%20to%20NRT%20on%202026-09-06%20one%20way
2026-08-30T06:40:33+00:00,nrt-any,Tokyo (any airline),NRT,OAK,2026-09-07,516,"Alaska, Cathay Pacific",2,https://www.google.com/travel/flights?q=Flights%20from%20OAK%20to%20NRT%20on%202026-09-07%20one%20way
2026-09-02T04:34:13+00:00,nrt-any,Tokyo (any airline),NRT,OAK,2026-09-08,504,Alaska,1,https://www.google.com/travel/flights?q=Flights%20from%20OAK%20to%20NRT%20on%202026-09-08%20one%20way
2026-09-03T04:34:43+00:00,nrt-any,Tokyo (any airline),NRT,OAK,2026-09-09,516,?,Unknown,https://www.google.com/travel/flights?q=Flights%20from%20OAK%20to%20NRT%20on%202026-09-09%20one%20way
2026-09-04T04:33:42+00:00,nrt-any,Tokyo (any airline),NRT,OAK,2026-09-10,516,"Alaska, Cathay Pacific",2,https://www.google.com/travel/flights?q=Flights%20from%20OAK%20to%20NRT%20on%202026-09-10%20one%20way
2026-08-29T11:05:19+00:00,nrt-any,Tokyo (any airline),NRT,OAK,2026-09-11,595,"Alaska, JAL",1,https://www.google.com/travel/flights?q=Flights%20from%20OAK%20to%20NRT%20on%202026-09-11%20one%20way
2026-08-27T14:18:40+00:00,nrt-any,Tokyo (any airline),NRT,OAK,2026-09-12,546,Alaska,1,https://www.google.com/travel/flights?q=Flights%20from%20OAK%20to%20NRT%20on%202026-09-12%20one%20way
2026-09-02T09:37:49+00:00,nrt-any,Tokyo (any airline),NRT,OAK,2026-09-13,504,Alaska,1,https://www.google.com/travel/flights?q=Flights%20from%20OAK%20to%20NRT%20on%202026-09-13%20one%20way
2026-09-03T09:50:38+00:00,nrt-any,Tokyo (any airline),NRT,OAK,2026-09-14,516,"Alaska, Cathay Pacific",2,https://www.google.com/travel/flights?q=Flights%20from%20OAK%20to%20NRT%20on%202026-09-14%20one%20way
2026-08-31T13:50:56+00:00,nrt-any,Tokyo (any airline),NRT,OAK,2026-09-15,516,?,Unknown,https://www.google.com/travel/flights?q=Flights%20from%20OAK%20to%20NRT%20on%202026-09-15%20one%20way
2026-08-26T19:18:45+00:00,nrt-any,Tokyo (any airline),NRT,OAK,2026-09-16,486,?,Unknown,https://www.google.com/travel/flights?q=Flights%20from%20OAK%20to%20NRT%20on%202026-09-16%20one%20way
2026-09-01T14:53:27+00:00,nrt-any,Tokyo (any airline),NRT,OAK,2026-09-17,484,Alaska,1,https://www.google.com/travel/flights?q=Flights%20from%20OAK%20to%20NRT%20on%202026-09-17%20one%20way
2026-09-02T14:29:37+00:00,nrt-any,Tokyo (any airline),NRT,OAK,2026-09-18,569,Alaska,1,https://www.google.com/travel/flights?q=Flights%20from%20OAK%20to%20NRT%20on%202026-09-18%20one%20way
2026-09-03T14:34:41+00:00,nrt-any,Tokyo (any airline),NRT,OAK,2026-09-19,547,Alaska,1,https://www.google.com/travel/flights?q=Flights%20from%20OAK%20to%20NRT%20on%202026-09-19%20one%20way
2026-08-24T01:57:43+00:00,nrt-any,Tokyo (any airline),NRT,OAK,2026-09-20,548,?,Unknown,https://www.google.com/travel/flights?q=Flights%20from%20OAK%20to%20NRT%20on%202026-09-20%20one%20way
2026-09-01T18:30:46+00:00,nrt-any,Tokyo (any airline),NRT,OAK,2026-09-21,413,Alaska,1,https://www.google.com/travel/flights?q=Flights%20from%20OAK%20to%20NRT%20on%202026-09-21%20one%20way
2026-09-02T18:42:50+00:00,nrt-any,Tokyo (any airline),NRT,OAK,2026-09-22,695,"Alaska, JAL",1,https://www.google.com/travel/flights?q=Flights%20from%20OAK%20to%20NRT%20on%202026-09-22%20one%20way
2026-09-03T18:39:20+00:00,nrt-any,Tokyo (any airline),NRT,OAK,2026-09-23,619,?,Unknown,https://www.google.com/travel/flights?q=Flights%20from%20OAK%20to%20NRT%20on%202026-09-23%20one%20way
2026-09-01T21:46:54+00:00,nrt-any,Tokyo (any airline),NRT,OAK,2026-09-24,605,Alaska,1,https://www.google.com/travel/flights?q=Flights%20from%20OAK%20to%20NRT%20on%202026-09-24%20one%20way
2026-09-02T21:49:33+00:00,nrt-any,Tokyo (any airline),NRT,OAK,2026-09-25,801,"Alaska, EVA Air",2,https://www.google.com/travel/flights?q=Flights%20from%20OAK%20to%20NRT%20on%202026-09-25%20one%20way
2026-09-03T21:42:38+00:00,nrt-any,Tokyo (any airline),NRT,OAK,2026-09-26,574,"Alaska, JAL",2,https://www.google.com/travel/flights?q=Flights%20from%20OAK%20to%20NRT%20on%202026-09-26%20one%20way
2026-08-25T07:58:10+00:00,nrt-any,Tokyo (any airline),NRT,OAK,2026-09-27,662,?,Unknown,https://www.google.com/travel/flights?q=Flights%20from%20OAK%20to%20NRT%20on%202026-09-27%20one%20way
2026-09-02T00:14:40+00:00,nrt-any,Tokyo (any airline),NRT,OAK,2026-09-28,574,"Alaska, JAL",2,https://www.google.com/travel/flights?q=Flights%20from%20OAK%20to%20NRT%20on%202026-09-28%20one%20way
2026-09-03T00:15:57+00:00,nrt-any,Tokyo (any airline),NRT,OAK,2026-09-29,548,"Alaska, JAL",1,https://www.google.com/travel/flights?q=Flights%20from%20OAK%20to%20NRT%20on%202026-09-29%20one%20way
2026-09-04T00:06:22+00:00,nrt-any,Tokyo (any airline),NRT,OAK,2026-09-30,619,?,Unknown,https://www.google.com/travel/flights?q=Flights%20from%20OAK%20to%20NRT%20on%202026-09-30%20one%20way
2026-08-30T06:40:33+00:00,nrt-any,Tokyo (any airline),NRT,OAK,2026-10-01,700,?,Unknown,https://www.google.com/travel/flights?q=Flights%20from%20OAK%20to%20NRT%20on%202026-10-01%20one%20way
2026-09-02T04:34:13+00:00,nrt-any,Tokyo (any airline),NRT,OAK,2026-10-02,742,"Alaska, JAL",1,https://www.google.com/travel/flights?q=Flights%20from%20OAK%20to%20NRT%20on%202026-10-02%20one%20way
2026-09-03T04:34:43+00:00,nrt-any,Tokyo (any airline),NRT,OAK,2026-10-03,563,"Alaska, JAL",2,https://www.google.com/travel/flights?q=Flights%20from%20OAK%20to%20NRT%20on%202026-10-03%20one%20way
2026-09-04T04:33:42+00:00,nrt-any,Tokyo (any airline),NRT,OAK,2026-10-04,639,"Alaska, Cathay Pacific",3,https://www.google.com/travel/flights?q=Flights%20from%20OAK%20to%20NRT%20on%202026-10-04%20one%20way
2026-08-29T11:05:19+00:00,nrt-any,Tokyo (any airline),NRT,OAK,2026-10-05,558,"Alaska, JAL",2,https://www.google.com/travel/flights?q=Flights%20from%20OAK%20to%20NRT%20on%202026-10-05%20one%20way
2026-08-27T14:18:40+00:00,nrt-any,Tokyo (any airline),NRT,OAK,2026-10-06,630,?,Unknown,https://www.google.com/travel/flights?q=Flights%20from%20OAK%20to%20NRT%20on%202026-10-06%20one%20way
2026-09-02T09:37:49+00:00,nrt-any,Tokyo (any airline),NRT,OAK,2026-10-07,763,?,Unknown,https://www.google.com/travel/flights?q=Flights%20from%20OAK%20to%20NRT%20on%202026-10-07%20one%20way
2026-09-03T09:50:38+00:00,nrt-any,Tokyo (any airline),NRT,OAK,2026-10-08,0,?,Unknown,https://www.google.com/travel/flights?q=Flights%20from%20OAK%20to%20NRT%20on%202026-10-08%20one%20way
2026-08-31T13:50:56+00:00,nrt-any,Tokyo (any airline),NRT,OAK,2026-10-09,776,"Alaska, JAL",2,https://www.google.com/travel/flights?q=Flights%20from%20OAK%20to%20NRT%20on%202026-10-09%20one%20way
2026-08-26T19:18:45+00:00,nrt-any,Tokyo (any airline),NRT,OAK,2026-10-10,700,"Alaska, EVA Air",2,https://www.google.com/travel/flights?q=Flights%20from%20OAK%20to%20NRT%20on%202026-10-10%20one%20way
2026-09-01T14:53:27+00:00,nrt-any,Tokyo (any airline),NRT,OAK,2026-10-11,566,?,Unknown,https://www.google.com/travel/flights?q=Flights%20from%20OAK%20to%20NRT%20on%202026-10-11%20one%20way
2026-09-02T14:29:37+00:00,nrt-any,Tokyo (any airline),NRT,OAK,2026-10-12,517,Alaska,1,https://www.google.com/travel/flights?q=Flights%20from%20OAK%20to%20NRT%20on%202026-10-12%20one%20way
2026-09-03T14:34:41+00:00,nrt-any,Tokyo (any airline),NRT,OAK,2026-10-13,563,?,Unknown,https://www.google.com/travel/flights?q=Flights%20from%20OAK%20to%20NRT%20on%202026-10-13%20one%20way
2026-08-24T01:57:43+00:00,nrt-any,Tokyo (any airline),NRT,OAK,2026-10-14,662,"Alaska, EVA Air",2,https://www.google.com/travel/flights?q=Flights%20from%20OAK%20to%20NRT%20on%202026-10-14%20one%20way
2026-09-01T18:30:46+00:00,nrt-any,Tokyo (any airline),NRT,OAK,2026-10-15,587,Alaska,2,https://www.google.com/travel/flights?q=Flights%20from%20OAK%20to%20NRT%20on%202026-10-15%20one%20way
2026-09-02T18:42:50+00:00,nrt-any,Tokyo (any airline),NRT,OAK,2026-10-16,685,"Alaska, China Airlines",2,https://www.google.com/travel/flights?q=Flights%20from%20OAK%20to%20NRT%20on%202026-10-16%20one%20way
2026-09-03T18:39:20+00:00,nrt-any,Tokyo (any airline),NRT,OAK,2026-10-17,563,?,Unknown,https://www.google.com/travel/flights?q=Flights%20from%20OAK%20to%20NRT%20on%202026-10-17%20one%20way
2026-09-01T21:46:54+00:00,nrt-any,Tokyo (any airline),NRT,OAK,2026-10-18,667,"Alaska, Cathay Pacific",3,https://www.google.com/travel/flights?q=Flights%20from%20OAK%20to%20NRT%20on%202026-10-18%20one%20way
2026-09-02T21:49:33+00:00,nrt-any,Tokyo (any airline),NRT,OAK,2026-10-19,563,?,Unknown,https://www.google.com/travel/flights?q=Flights%20from%20OAK%20to%20NRT%20on%202026-10-19%20one%20way
2026-08-30T01:15:23+00:00,nrt-any,Tokyo (any airline),NRT,OAK,2026-10-20,583,?,Unknown,https://www.google.com/travel/flights?q=Flights%20from%20OAK%20to%20NRT%20on%202026-10-20%20one%20way
2026-08-25T07:58:10+00:00,nrt-any,Tokyo (any airline),NRT,OAK,2026-10-21,583,"Delta, Korean Air",2,https://www.google.com/travel/flights?q=Flights%20from%20OAK%20to%20NRT%20on%202026-10-21%20one%20way
2026-09-02T00:14:40+00:00,nrt-any,Tokyo (any airline),NRT,OAK,2026-10-22,696,?,Unknown,https://www.google.com/travel/flights?q=Flights%20from%20OAK%20to%20NRT%20on%202026-10-22%20one%20way
2026-09-03T00:15:57+00:00,nrt-any,Tokyo (any airline),NRT,OAK,2026-10-23,595,"Alaska, JAL",1,https://www.google.com/travel/flights?q=Flights%20from%20OAK%20to%20NRT%20on%202026-10-23%20one%20way
2026-09-04T00:06:22+00:00,nrt-any,Tokyo (any airline),NRT,OAK,2026-10-24,544,"Alaska, JAL",2,https://www.google.com/travel/flights?q=Flights%20from%20OAK%20to%20NRT%20on%202026-10-24%20one%20way
2026-08-30T06:40:33+00:00,nrt-any,Tokyo (any airline),NRT,OAK,2026-10-25,576,"Alaska, Cathay Pacific",3,https://www.google.com/travel/flights?q=Flights%20from%20OAK%20to%20NRT%20on%202026-10-25%20one%20way
2026-09-02T04:34:13+00:00,nrt-any,Tokyo (any airline),NRT,OAK,2026-10-26,504,Alaska,1,https://www.google.com/travel/flights?q=Flights%20from%20OAK%20to%20NRT%20on%202026-10-26%20one%20way
2026-09-03T04:34:43+00:00,nrt-any,Tokyo (any airline),NRT,OAK,2026-10-27,560,"Alaska, JAL",1,https://www.google.com/travel/flights?q=Flights%20from%20OAK%20to%20NRT%20on%202026-10-27%20one%20way
2026-09-04T04:33:42+00:00,nrt-any,Tokyo (any airline),NRT,OAK,2026-10-28,548,"Alaska, JAL",1,https://www.google.com/travel/flights?q=Flights%20from%20OAK%20to%20NRT%20on%202026-10-28%20one%20way
2026-08-29T11:05:19+00:00,nrt-any,Tokyo (any airline),NRT,OAK,2026-10-29,630,"Alaska, China Airlines",2,https://www.google.com/travel/flights?q=Flights%20from%20OAK%20to%20NRT%20on%202026-10-29%20one%20way
2026-08-27T14:18:40+00:00,nrt-any,Tokyo (any airline),NRT,OAK,2026-10-30,649,"Alaska, China Airlines",2,https://www.google.com/travel/flights?q=Flights%20from%20OAK%20to%20NRT%20on%202026-10-30%20one%20way
2026-09-02T09:37:49+00:00,nrt-any,Tokyo (any airline),NRT,OAK,2026-10-31,517,Alaska,1,https://www.google.com/travel/flights?q=Flights%20from%20OAK%20to%20NRT%20on%202026-10-31%20one%20way
2026-08-25T18:56:40+00:00,nrt-any,Tokyo (any airline),NRT,OAK,2026-11-01,630,?,Unknown,https://www.google.com/travel/flights?q=Flights%20from%20OAK%20to%20NRT%20on%202026-11-01%20one%20way
2026-08-31T13:50:56+00:00,nrt-any,Tokyo (any airline),NRT,OAK,2026-11-02,558,?,Unknown,https://www.google.com/travel/flights?q=Flights%20from%20OAK%20to%20NRT%20on%202026-11-02%20one%20way
2026-08-26T19:18:45+00:00,nrt-any,Tokyo (any airline),NRT,OAK,2026-11-03,558,"Alaska, JAL",2,https://www.google.com/travel/flights?q=Flights%20from%20OAK%20to%20NRT%20on%202026-11-03%20one%20way
2026-09-01T14:53:27+00:00,nrt-any,Tokyo (any airline),NRT,OAK,2026-11-04,510,?,Unknown,https://www.google.com/travel/flights?q=Flights%20from%20OAK%20to%20NRT%20on%202026-11-04%20one%20way
2026-09-02T14:29:37+00:00,nrt-any,Tokyo (any airline),NRT,OAK,2026-11-05,569,Alaska,1,https://www.google.com/travel/flights?q=Flights%20from%20OAK%20to%20NRT%20on%202026-11-05%20one%20way
2026-09-03T14:34:41+00:00,nrt-any,Tokyo (any airline),NRT,OAK,2026-11-06,576,"Alaska, Cathay Pacific",3,https://www.google.com/travel/flights?q=Flights%20from%20OAK%20to%20NRT%20on%202026-11-06%20one%20way
2026-08-24T01:57:43+00:00,nrt-any,Tokyo (any airline),NRT,OAK,2026-11-07,544,?,Unknown,https://www.google.com/travel/flights?q=Flights%20from%20OAK%20to%20NRT%20on%202026-11-07%20one%20way
2026-09-01T18:30:46+00:00,nrt-any,Tokyo (any airline),NRT,OAK,2026-11-08,576,"Alaska, Cathay Pacific",3,https://www.google.com/travel/flights?q=Flights%20from%20OAK%20to%20NRT%20on%202026-11-08%20one%20way
2026-09-02T18:42:50+00:00,nrt-any,Tokyo (any airline),NRT,OAK,2026-11-09,517,Alaska,1,https://www.google.com/travel/flights?q=Flights%20from%20OAK%20to%20NRT%20on%202026-11-09%20one%20way
2026-09-03T18:39:20+00:00,nrt-any,Tokyo (any airline),NRT,OAK,2026-11-10,544,?,Unknown,https://www.google.com/travel/flights?q=Flights%20from%20OAK%20to%20NRT%20on%202026-11-10%20one%20way
2026-09-01T21:46:54+00:00,nrt-any,Tokyo (any airline),NRT,OAK,2026-11-11,530,Alaska,2,https://www.google.com/travel/flights?q=Flights%20from%20OAK%20to%20NRT%20on%202026-11-11%20one%20way
2026-09-02T21:49:33+00:00,nrt-any,Tokyo (any airline),NRT,OAK,2026-11-12,569,Alaska,1,https://www.google.com/travel/flights?q=Flights%20from%20OAK%20to%20NRT%20on%202026-11-12%20one%20way
2026-09-03T21:42:38+00:00,nrt-any,Tokyo (any airline),NRT,OAK,2026-11-13,576,"Alaska, Cathay Pacific",3,https://www.google.com/travel/flights?q=Flights%20from%20OAK%20to%20NRT%20on%202026-11-13%20one%20way
2026-08-25T07:58:10+00:00,nrt-any,Tokyo (any airline),NRT,OAK,2026-11-14,544,?,Unknown,https://www.google.com/travel/flights?q=Flights%20from%20OAK%20to%20NRT%20on%202026-11-14%20one%20way
2026-09-02T00:14:40+00:00,nrt-any,Tokyo (any airline),NRT,OAK,2026-11-15,576,"Alaska, Cathay Pacific",3,https://www.google.com/travel/flights?q=Flights%20from%20OAK%20to%20NRT%20on%202026-11-15%20one%20way
2026-09-03T00:15:57+00:00,nrt-any,Tokyo (any airline),NRT,OAK,2026-11-16,504,?,Unknown,https://www.google.com/travel/flights?q=Flights%20from%20OAK%20to%20NRT%20on%202026-11-16%20one%20way
2026-09-04T00:06:22+00:00,nrt-any,Tokyo (any airline),NRT,OAK,2026-11-17,548,"Alaska, JAL",1,https://www.google.com/travel/flights?q=Flights%20from%20OAK%20to%20NRT%20on%202026-11-17%20one%20way
2026-08-30T06:40:33+00:00,nrt-any,Tokyo (any airline),NRT,OAK,2026-11-18,591,?,Unknown,https://www.google.com/travel/flights?q=Flights%20from%20OAK%20to%20NRT%20on%202026-11-18%20one%20way
2026-09-02T04:34:13+00:00,nrt-any,Tokyo (any airline),NRT,OAK,2026-11-19,911,"Alaska, JAL",2,https://www.google.com/travel/flights?q=Flights%20from%20OAK%20to%20NRT%20on%202026-11-19%20one%20way
2026-09-03T04:34:43+00:00,nrt-any,Tokyo (any airline),NRT,OAK,2026-11-20,956,Alaska,1,https://www.google.com/travel/flights?q=Flights%20from%20OAK%20to%20NRT%20on%202026-11-20%20one%20way
2026-09-04T04:33:42+00:00,nrt-any,Tokyo (any airline),NRT,OAK,2026-11-21,691,"Alaska, JAL",2,https://www.google.com/travel/flights?q=Flights%20from%20OAK%20to%20NRT%20on%202026-11-21%20one%20way
2026-08-29T11:05:19+00:00,nrt-any,Tokyo (any airline),NRT,OAK,2026-11-22,618,?,Unknown,https://www.google.com/travel/flights?q=Flights%20from%20OAK%20to%20NRT%20on%202026-11-22%20one%20way
2026-08-27T14:18:40+00:00,nrt-any,Tokyo (any airline),NRT,OAK,2026-11-23,529,"Alaska, Cathay Pacific",3,https://www.google.com/travel/flights?q=Flights%20from%20OAK%20to%20NRT%20on%202026-11-23%20one%20way
2026-09-02T09:37:49+00:00,nrt-any,Tokyo (any airline),NRT,OAK,2026-11-24,504,Alaska,1,https://www.google.com/travel/flights?q=Flights%20from%20OAK%20to%20NRT%20on%202026-11-24%20one%20way
2026-09-03T09:50:38+00:00,nrt-any,Tokyo (any airline),NRT,OAK,2026-11-25,544,"Alaska, JAL",2,https://www.google.com/travel/flights?q=Flights%20from%20OAK%20to%20NRT%20on%202026-11-25%20one%20way
2026-08-31T13:50:56+00:00,nrt-any,Tokyo (any airline),NRT,OAK,2026-11-26,611,"Alaska, JAL",2,https://www.google.com/travel/flights?q=Flights%20from%20OAK%20to%20NRT%20on%202026-11-26%20one%20way
2026-08-25T20:45:57+00:00,nrt-any,Tokyo (any airline),NRT,OAK,2026-11-27,606,"Alaska, JAL",1,https://www.google.com/travel/flights?q=Flights%20from%20OAK%20to%20NRT%20on%202026-11-27%20one%20way
2026-09-01T14:53:27+00:00,nrt-any,Tokyo (any airline),NRT,OAK,2026-11-28,665,Alaska,2,https://www.google.com/travel/flights?q=Flights%20from%20OAK%20to%20NRT%20on%202026-11-28%20one%20way
2026-09-02T14:29:37+00:00,nrt-any,Tokyo (any airline),NRT,OAK,2026-11-29,723,"Delta, Korean Air",2,https://www.google.com/travel/flights?q=Flights%20from%20OAK%20to%20NRT%20on%202026-11-29%20one%20way
2026-09-03T14:34:41+00:00,nrt-any,Tokyo (any airline),NRT,OAK,2026-11-30,582,?,Unknown,https://www.google.com/travel/flights?q=Flights%20from%20OAK%20to%20NRT%20on%202026-11-30%20one%20way
2026-08-24T01:57:43+00:00,nrt-any,Tokyo (any airline),NRT,OAK,2026-12-01,548,?,Unknown,https://www.google.com/travel/flights?q=Flights%20from%20OAK%20to%20NRT%20on%202026-12-01%20one%20way
2026-09-01T18:30:46+00:00,nrt-any,Tokyo (any airline),NRT,OAK,2026-12-02,510,Alaska,2,https://www.google.com/travel/flights?q=Flights%20from%20OAK%20to%20NRT%20on%202026-12-02%20one%20way
2026-09-02T18:42:50+00:00,nrt-any,Tokyo (any airline),NRT,OAK,2026-12-03,569,Alaska,1,https://www.google.com/travel/flights?q=Flights%20from%20OAK%20to%20NRT%20on%202026-12-03%20one%20way
2026-08-25T03:59:31+00:00,nrt-any,Tokyo (any airline),NRT,OAK,2026-12-04,591,"Alaska, JAL",2,https://www.google.com/travel/flights?q=Flights%20from%20OAK%20to%20NRT%20on%202026-12-04%20one%20way
2026-09-01T21:46:54+00:00,nrt-any,Tokyo (any airline),NRT,OAK,2026-12-05,489,?,Unknown,https://www.google.com/travel/flights?q=Flights%20from%20OAK%20to%20NRT%20on%202026-12-05%20one%20way
2026-09-02T21:49:33+00:00,nrt-any,Tokyo (any airline),NRT,OAK,2026-12-06,504,?,Unknown,https://www.google.com/travel/flights?q=Flights%20from%20OAK%20to%20NRT%20on%202026-12-06%20one%20way
2026-09-03T21:42:38+00:00,nrt-any,Tokyo (any airline),NRT,OAK,2026-12-07,544,"Alaska, JAL",2,https://www.google.com/travel/flights?q=Flights%20from%20OAK%20to%20NRT%20on%202026-12-07%20one%20way
2026-08-25T07:58:10+00:00,nrt-any,Tokyo (any airline),NRT,OAK,2026-12-08,544,"Alaska, JAL",2,https://www.google.com/travel/flights?q=Flights%20from%20OAK%20to%20NRT%20on%202026-12-08%20one%20way
2026-09-02T00:14:40+00:00,nrt-any,Tokyo (any airline),NRT,OAK,2026-12-09,548,"Alaska, JAL",1,https://www.google.com/travel/flights?q=Flights%20from%20OAK%20to%20NRT%20on%202026-12-09%20one%20way
2026-09-03T00:15:57+00:00,nrt-any,Tokyo (any airline),NRT,OAK,2026-12-10,591,?,Unknown,https://www.google.com/travel/flights?q=Flights%20from%20OAK%20to%20NRT%20on%202026-12-10%20one%20way
2026-09-04T00:06:22+00:00,nrt-any,Tokyo (any airline),NRT,OAK,2026-12-11,591,"Alaska, JAL",2,https://www.google.com/travel/flights?q=Flights%20from%20OAK%20to%20NRT%20on%202026-12-11%20one%20way
2026-08-30T06:40:33+00:00,nrt-any,Tokyo (any airline),NRT,OAK,2026-12-12,691,?,Unknown,https://www.google.com/travel/flights?q=Flights%20from%20OAK%20to%20NRT%20on%202026-12-12%20one%20way
2026-09-02T04:34:13+00:00,nrt-any,Tokyo (any airline),NRT,OAK,2026-12-13,695,?,Unknown,https://www.google.com/travel/flights?q=Flights%20from%20OAK%20to%20NRT%20on%202026-12-13%20one%20way
2026-09-03T04:34:43+00:00,nrt-any,Tokyo (any airline),NRT,OAK,2026-12-14,544,"Alaska, JAL",2,https://www.google.com/travel/flights?q=Flights%20from%20OAK%20to%20NRT%20on%202026-12-14%20one%20way
2026-09-04T04:33:42+00:00,nrt-any,Tokyo (any airline),NRT,OAK,2026-12-15,548,"Alaska, JAL",1,https://www.google.com/travel/flights?q=Flights%20from%20OAK%20to%20NRT%20on%202026-12-15%20one%20way
2026-08-29T11:05:19+00:00,nrt-any,Tokyo (any airline),NRT,OAK,2026-12-16,1325,?,Unknown,https://www.google.com/travel/flights?q=Flights%20from%20OAK%20to%20NRT%20on%202026-12-16%20one%20way
2026-08-27T14:18:40+00:00,nrt-any,Tokyo (any airline),NRT,OAK,2026-12-17,1373,"Alaska, JAL",1,https://www.google.com/travel/flights?q=Flights%20from%20OAK%20to%20NRT%20on%202026-12-17%20one%20way
2026-09-02T09:37:49+00:00,nrt-any,Tokyo (any airline),NRT,OAK,2026-12-18,1672,"Alaska, China Airlines",2,https://www.google.com/travel/flights?q=Flights%20from%20OAK%20to%20NRT%20on%202026-12-18%20one%20way
2026-09-03T09:50:38+00:00,nrt-any,Tokyo (any airline),NRT,OAK,2026-12-19,1375,"Alaska, JAL",2,https://www.google.com/travel/flights?q=Flights%20from%20OAK%20to%20NRT%20on%202026-12-19%20one%20way
2026-08-31T13:50:56+00:00,nrt-any,Tokyo (any airline),NRT,OAK,2026-12-20,1331,"Alaska, JAL",2,https://www.google.com/travel/flights?q=Flights%20from%20OAK%20to%20NRT%20on%202026-12-20%20one%20way
2026-08-26T19:18:45+00:00,nrt-any,Tokyo (any airline),NRT,OAK,2026-12-21,1325,"Alaska, JAL",1,https://www.google.com/travel/flights?q=Flights%20from%20OAK%20to%20NRT%20on%202026-12-21%20one%20way
2026-09-01T14:53:27+00:00,nrt-any,Tokyo (any airline),NRT,OAK,2026-12-22,1210,"Alaska, EVA Air",2,https://www.google.com/travel/flights?q=Flights%20from%20OAK%20to%20NRT%20on%202026-12-22%20one%20way
2026-09-02T14:29:37+00:00,nrt-any,Tokyo (any airline),NRT,OAK,2026-12-23,1257,?,Unknown,https://www.google.com/travel/flights?q=Flights%20from%20OAK%20to%20NRT%20on%202026-12-23%20one%20way
2026-09-03T14:34:41+00:00,nrt-any,Tokyo (any airline),NRT,OAK,2026-12-24,831,Alaska,3,https://www.google.com/travel/flights?q=Flights%20from%20OAK%20to%20NRT%20on%202026-12-24%20one%20way
2026-08-24T01:57:43+00:00,nrt-any,Tokyo (any airline),NRT,OAK,2026-12-25,973,?,Unknown,https://www.google.com/travel/flights?q=Flights%20from%20OAK%20to%20NRT%20on%202026-12-25%20one%20way
2026-09-01T18:30:46+00:00,nrt-any,Tokyo (any airline),NRT,OAK,2026-12-26,895,?,Unknown,https://www.google.com/travel/flights?q=Flights%20from%20OAK%20to%20NRT%20on%202026-12-26%20one%20way
2026-09-02T18:42:50+00:00,nrt-any,Tokyo (any airline),NRT,OAK,2026-12-27,645,?,Unknown,https://www.google.com/travel/flights?q=Flights%20from%20OAK%20to%20NRT%20on%202026-12-27%20one%20way
2026-09-03T18:39:20+00:00,nrt-any,Tokyo (any airline),NRT,OAK,2026-12-28,613,?,Unknown,https://www.google.com/travel/flights?q=Flights%20from%20OAK%20to%20NRT%20on%202026-12-28%20one%20way
2026-09-01T21:46:54+00:00,nrt-any,Tokyo (any airline),NRT,OAK,2026-12-29,594,Alaska,2,https://www.google.com/travel/flights?q=Flights%20from%20OAK%20to%20NRT%20on%202026-12-29%20one%20way
2026-09-02T21:49:33+00:00,nrt-any,Tokyo (any airline),NRT,OAK,2026-12-30,504,Alaska,1,https://www.google.com/travel/flights?q=Flights%20from%20OAK%20to%20NRT%20on%202026-12-30%20one%20way
2026-09-03T21:42:38+00:00,nrt-any,Tokyo (any airline),NRT,OAK,2026-12-31,690,?,Unknown,https://www.google.com/travel/flights?q=Flights%20from%20OAK%20to%20NRT%20on%202026-12-31%20one%20way
2026-08-25T07:58:10+00:00,nrt-any,Tokyo (any airline),NRT,OAK,2027-01-01,943,"Alaska, EVA Air",2,https://www.google.com/travel/flights?q=Flights%20from%20OAK%20to%20NRT%20on%202027-01-01%20one%20way
2026-09-02T00:14:40+00:00,nrt-any,Tokyo (any airline),NRT,OAK,2027-01-02,861,"Alaska, EVA Air",2,https://www.google.com/travel/flights?q=Flights%20from%20OAK%20to%20NRT%20on%202027-01-02%20one%20way
2026-09-03T00:15:57+00:00,nrt-any,Tokyo (any airline),NRT,OAK,2027-01-03,854,?,Unknown,https://www.google.com/travel/flights?q=Flights%20from%20OAK%20to%20NRT%20on%202027-01-03%20one%20way
2026-08-26T09:56:58+00:00,nrt-any,Tokyo (any airline),NRT,OAK,2027-01-04,824,?,Unknown,https://www.google.com/travel/flights?q=Flights%20from%20OAK%20to%20NRT%20on%202027-01-04%20one%20way
2026-08-30T06:40:33+00:00,nrt-any,Tokyo (any airline),NRT,OAK,2027-01-05,658,?,Unknown,https://www.google.com/travel/flights?q=Flights%20from%20OAK%20to%20NRT%20on%202027-01-05%20one%20way
2026-09-02T04:34:13+00:00,nrt-any,Tokyo (any airline),NRT,OAK,2027-01-06,763,Alaska,3,https://www.google.com/travel/flights?q=Flights%20from%20OAK%20to%20NRT%20on%202027-01-06%20one%20way
2026-09-03T04:34:43+00:00,nrt-any,Tokyo (any airline),NRT,OAK,2027-01-07,737,?,Unknown,https://www.google.com/travel/flights?q=Flights%20from%20OAK%20to%20NRT%20on%202027-01-07%20one%20way
2026-08-26T13:16:22+00:00,nrt-any,Tokyo (any airline),NRT,OAK,2027-01-08,835,"Alaska, EVA Air",2,https://www.google.com/travel/flights?q=Flights%20from%20OAK%20to%20NRT%20on%202027-01-08%20one%20way
2026-08-29T11:05:19+00:00,nrt-any,Tokyo (any airline),NRT,OAK,2027-01-09,553,"Alaska, JAL",2,https://www.google.com/travel/flights?q=Flights%20from%20OAK%20to%20NRT%20on%202027-01-09%20one%20way
2026-08-27T14:18:40+00:00,nrt-any,Tokyo (any airline),NRT,OAK,2027-01-10,548,"Alaska, JAL",1,https://www.google.com/travel/flights?q=Flights%20from%20OAK%20to%20NRT%20on%202027-01-10%20one%20way
2026-09-02T09:37:49+00:00,nrt-any,Tokyo (any airline),NRT,OAK,2027-01-11,516,"Alaska, Cathay Pacific",2,https://www.google.com/travel/flights?q=Flights%20from%20OAK%20to%20NRT%20on%202027-01-11%20one%20way
2026-09-03T09:50:38+00:00,nrt-any,Tokyo (any airline),NRT,OAK,2027-01-12,516,"Alaska, Cathay Pacific",2,https://www.google.com/travel/flights?q=Flights%20from%20OAK%20to%20NRT%20on%202027-01-12%20one%20way
2026-08-31T13:50:56+00:00,nrt-any,Tokyo (any airline),NRT,OAK,2027-01-13,516,"Alaska, Cathay Pacific",2,https://www.google.com/travel/flights?q=Flights%20from%20OAK%20to%20NRT%20on%202027-01-13%20one%20way
2026-08-26T19:18:45+00:00,nrt-any,Tokyo (any airline),NRT,OAK,2027-01-14,529,?,Unknown,https://www.google.com/travel/flights?q=Flights%20from%20OAK%20to%20NRT%20on%202027-01-14%20one%20way
2026-09-01T14:53:27+00:00,nrt-any,Tokyo (any airline),NRT,OAK,2027-01-15,511,?,Unknown,https://www.google.com/travel/flights?q=Flights%20from%20OAK%20to%20NRT%20on%202027-01-15%20one%20way
2026-09-02T14:29:37+00:00,nrt-any,Tokyo (any airline),NRT,OAK,2027-01-16,560,?,Unknown,https://www.google.com/travel/flights?q=Flights%20from%20OAK%20to%20NRT%20on%202027-01-16%20one%20way
2026-09-03T14:34:41+00:00,nrt-any,Tokyo (any airline),NRT,OAK,2027-01-17,544,"Alaska, JAL",2,https://www.google.com/travel/flights?q=Flights%20from%20OAK%20to%20NRT%20on%202027-01-17%20one%20way
2026-08-24T01:57:43+00:00,nrt-any,Tokyo (any airline),NRT,OAK,2027-01-18,529,"Alaska, Cathay Pacific",2,https://www.google.com/travel/flights?q=Flights%20from%20OAK%20to%20NRT%20on%202027-01-18%20one%20way
2026-09-01T18:30:46+00:00,nrt-any,Tokyo (any airline),NRT,OAK,2027-01-19,516,"Alaska, Cathay Pacific",2,https://www.google.com/travel/flights?q=Flights%20from%20OAK%20to%20NRT%20on%202027-01-19%20one%20way
2026-09-02T18:42:50+00:00,nrt-any,Tokyo (any airline),NRT,OAK,2027-01-20,516,"Alaska, Cathay Pacific",2,https://www.google.com/travel/flights?q=Flights%20from%20OAK%20to%20NRT%20on%202027-01-20%20one%20way
2026-09-03T18:39:20+00:00,nrt-any,Tokyo (any airline),NRT,OAK,2027-01-21,516,"Alaska, Cathay Pacific",2,https://www.google.com/travel/flights?q=Flights%20from%20OAK%20to%20NRT%20on%202027-01-21%20one%20way
2026-09-01T21:46:54+00:00,nrt-any,Tokyo (any airline),NRT,OAK,2027-01-22,576,"Alaska, Cathay Pacific",3,https://www.google.com/travel/flights?q=Flights%20from%20OAK%20to%20NRT%20on%202027-01-22%20one%20way
2026-09-02T21:49:33+00:00,nrt-any,Tokyo (any airline),NRT,OAK,2027-01-23,559,"Alaska, JAL",1,https://www.google.com/travel/flights?q=Flights%20from%20OAK%20to%20NRT%20on%202027-01-23%20one%20way
2026-09-03T21:42:38+00:00,nrt-any,Tokyo (any airline),NRT,OAK,2027-01-24,544,"Alaska, JAL",2,https://www.google.com/travel/flights?q=Flights%20from%20OAK%20to%20NRT%20on%202027-01-24%20one%20way
2026-08-25T07:58:10+00:00,nrt-any,Tokyo (any airline),NRT,OAK,2027-01-25,529,"Alaska, Cathay Pacific",2,https://www.google.com/travel/flights?q=Flights%20from%20OAK%20to%20NRT%20on%202027-01-25%20one%20way
2026-09-02T00:14:40+00:00,nrt-any,Tokyo (any airline),NRT,OAK,2027-01-26,516,?,Unknown,https://www.google.com/travel/flights?q=Flights%20from%20OAK%20to%20NRT%20on%202027-01-26%20one%20way
2026-09-03T00:15:57+00:00,nrt-any,Tokyo (any airline),NRT,OAK,2027-01-27,548,"Alaska, JAL",1,https://www.google.com/travel/flights?q=Flights%20from%20OAK%20to%20NRT%20on%202027-01-27%20one%20way
2026-09-04T00:06:22+00:00,nrt-any,Tokyo (any airline),NRT,OAK,2027-01-28,591,?,Unknown,https://www.google.com/travel/flights?q=Flights%20from%20OAK%20to%20NRT%20on%202027-01-28%20one%20way
2026-08-31T05:35:23+00:00,nrt-any,Tokyo (any airline),NRT,OAK,2027-01-29,595,"Alaska, JAL",1,https://www.google.com/travel/flights?q=Flights%20from%20OAK%20to%20NRT%20on%202027-01-29%20one%20way
2026-09-02T04:34:13+00:00,nrt-any,Tokyo (any airline),NRT,OAK,2027-01-30,553,"Alaska, JAL",2,https://www.google.com/travel/flights?q=Flights%20from%20OAK%20to%20NRT%20on%202027-01-30%20one%20way
2026-09-03T04:34:43+00:00,nrt-any,Tokyo (any airline),NRT,OAK,2027-01-31,517,?,Unknown,https://www.google.com/travel/flights?q=Flights%20from%20OAK%20to%20NRT%20on%202027-01-31%20one%20way
2026-08-28T11:23:35+00:00,nrt-any,Tokyo (any airline),NRT,OAK,2027-02-01,544,"Alaska, JAL",2,https://www.google.com/travel/flights?q=Flights%20from%20OAK%20to%20NRT%20on%202027-02-01%20one%20way
2026-08-29T11:05:19+00:00,nrt-any,Tokyo (any airline),NRT,OAK,2027-02-02,544,"Alaska, JAL",2,https://www.google.com/travel/flights?q=Flights%20from%20OAK%20to%20NRT%20on%202027-02-02%20one%20way
2026-08-27T14:18:40+00:00,nrt-any,Tokyo (any airline),NRT,OAK,2027-02-03,548,"Alaska, JAL",1,https://www.google.com/travel/flights?q=Flights%20from%20OAK%20to%20NRT%20on%202027-02-03%20one%20way
2026-09-02T09:37:49+00:00,nrt-any,Tokyo (any airline),NRT,OAK,2027-02-04,569,?,Unknown,https://www.google.com/travel/flights?q=Flights%20from%20OAK%20to%20NRT%20on%202027-02-04%20one%20way
2026-09-03T09:50:38+00:00,nrt-any,Tokyo (any airline),NRT,OAK,2027-02-05,607,"Alaska, JAL",1,https://www.google.com/travel/flights?q=Flights%20from%20OAK%20to%20NRT%20on%202027-02-05%20one%20way
2026-08-31T13:50:56+00:00,nrt-any,Tokyo (any airline),NRT,OAK,2027-02-06,544,?,Unknown,https://www.google.com/travel/flights?q=Flights%20from%20OAK%20to%20NRT%20on%202027-02-06%20one%20way
2026-08-26T19:18:45+00:00,nrt-any,Tokyo (any airline),NRT,OAK,2027-02-07,548,"Alaska, JAL",1,https://www.google.com/travel/flights?q=Flights%20from%20OAK%20to%20NRT%20on%202027-02-07%20one%20way
2026-09-01T14:53:27+00:00,nrt-any,Tokyo (any airline),NRT,OAK,2027-02-08,450,"Delta, Korean Air",2,https://www.google.com/travel/flights?q=Flights%20from%20OAK%20to%20NRT%20on%202027-02-08%20one%20way
2026-09-02T14:29:37+00:00,nrt-any,Tokyo (any airline),NRT,OAK,2027-02-09,504,?,Unknown,https://www.google.com/travel/flights?q=Flights%20from%20OAK%20to%20NRT%20on%202027-02-09%20one%20way
2026-09-03T14:34:41+00:00,nrt-any,Tokyo (any airline),NRT,OAK,2027-02-10,516,?,Unknown,https://www.google.com/travel/flights?q=Flights%20from%20OAK%20to%20NRT%20on%202027-02-10%20one%20way
2026-08-24T01:57:43+00:00,nrt-any,Tokyo (any airline),NRT,OAK,2027-02-11,595,"Alaska, JAL",1,https://www.google.com/travel/flights?q=Flights%20from%20OAK%20to%20NRT%20on%202027-02-11%20one%20way
2026-09-01T18:30:46+00:00,nrt-any,Tokyo (any airline),NRT,OAK,2027-02-12,742,"Alaska, JAL",1,https://www.google.com/travel/flights?q=Flights%20from%20OAK%20to%20NRT%20on%202027-02-12%20one%20way
2026-09-02T18:42:50+00:00,nrt-any,Tokyo (any airline),NRT,OAK,2027-02-13,690,?,Unknown,https://www.google.com/travel/flights?q=Flights%20from%20OAK%20to%20NRT%20on%202027-02-13%20one%20way
2026-09-03T18:39:20+00:00,nrt-any,Tokyo (any airline),NRT,OAK,2027-02-14,548,"Alaska, JAL",1,https://www.google.com/travel/flights?q=Flights%20from%20OAK%20to%20NRT%20on%202027-02-14%20one%20way
2026-09-01T21:46:54+00:00,nrt-any,Tokyo (any airline),NRT,OAK,2027-02-15,516,"Alaska, Cathay Pacific",2,https://www.google.com/travel/flights?q=Flights%20from%20OAK%20to%20NRT%20on%202027-02-15%20one%20way
2026-08-31T23:50:53+00:00,nrt-any,Tokyo (any airline),NRT,OAK,2027-02-16,516,"Alaska, Cathay Pacific",2,https://www.google.com/travel/flights?q=Flights%20from%20OAK%20to%20NRT%20on%202027-02-16%20one%20way
2026-09-03T21:42:38+00:00,nrt-any,Tokyo (any airline),NRT,OAK,2027-02-17,516,"Alaska, Cathay Pacific",2,https://www.google.com/travel/flights?q=Flights%20from%20OAK%20to%20NRT%20on%202027-02-17%20one%20way
2026-08-25T07:58:10+00:00,nrt-any,Tokyo (any airline),NRT,OAK,2027-02-18,529,"Alaska, Cathay Pacific",2,https://www.google.com/travel/flights?q=Flights%20from%20OAK%20to%20NRT%20on%202027-02-18%20one%20way
2026-09-02T00:14:40+00:00,nrt-any,Tokyo (any airline),NRT,OAK,2027-02-19,576,"Alaska, Cathay Pacific",3,https://www.google.com/travel/flights?q=Flights%20from%20OAK%20to%20NRT%20on%202027-02-19%20one%20way
2026-09-03T00:15:57+00:00,nrt-any,Tokyo (any airline),NRT,OAK,2027-02-20,517,Alaska,1,https://www.google.com/travel/flights?q=Flights%20from%20OAK%20to%20NRT%20on%202027-02-20%20one%20way
2026-09-04T00:06:22+00:00,nrt-any,Tokyo (any airline),NRT,OAK,2027-02-21,497,Alaska,2,https://www.google.com/travel/flights?q=Flights%20from%20OAK%20to%20NRT%20on%202027-02-21%20one%20way
2026-08-30T06:40:33+00:00,nrt-any,Tokyo (any airline),NRT,OAK,2027-02-22,516,?,Unknown,https://www.google.com/travel/flights?q=Flights%20from%20OAK%20to%20NRT%20on%202027-02-22%20one%20way
2026-09-02T04:34:13+00:00,nrt-any,Tokyo (any airline),NRT,OAK,2027-02-23,516,"Alaska, Cathay Pacific",2,https://www.google.com/travel/flights?q=Flights%20from%20OAK%20to%20NRT%20on%202027-02-23%20one%20way
2026-09-03T04:34:43+00:00,nrt-any,Tokyo (any airline),NRT,OAK,2027-02-24,516,"Alaska, Cathay Pacific",2,https://www.google.com/travel/flights?q=Flights%20from%20OAK%20to%20NRT%20on%202027-02-24%20one%20way
2026-09-04T04:33:42+00:00,nrt-any,Tokyo (any airline),NRT,OAK,2027-02-25,516,"Alaska, Cathay Pacific",2,https://www.google.com/travel/flights?q=Flights%20from%20OAK%20to%20NRT%20on%202027-02-25%20one%20way
2026-08-29T11:05:19+00:00,nrt-any,Tokyo (any airline),NRT,OAK,2027-02-26,576,"Alaska, Cathay Pacific",3,https://www.google.com/travel/flights?q=Flights%20from%20OAK%20to%20NRT%20on%202027-02-26%20one%20way
2026-08-27T14:18:40+00:00,nrt-any,Tokyo (any airline),NRT,OAK,2027-02-27,544,?,Unknown,https://www.google.com/travel/flights?q=Flights%20from%20OAK%20to%20NRT%20on%202027-02-27%20one%20way
2026-09-02T09:37:49+00:00,nrt-any,Tokyo (any airline),NRT,OAK,2027-02-28,553,"Alaska, JAL",2,https://www.google.com/travel/flights?q=Flights%20from%20OAK%20to%20NRT%20on%202027-02-28%20one%20way
2026-09-03T09:50:38+00:00,nrt-any,Tokyo (any airline),NRT,OAK,2027-03-01,516,"Alaska, Cathay Pacific",2,https://www.google.com/travel/flights?q=Flights%20from%20OAK%20to%20NRT%20on%202027-03-01%20one%20way
2026-08-31T13:50:56+00:00,nrt-any,Tokyo (any airline),NRT,OAK,2027-03-02,516,"Alaska, Cathay Pacific",2,https://www.google.com/travel/flights?q=Flights%20from%20OAK%20to%20NRT%20on%202027-03-02%20one%20way
2026-08-26T19:18:45+00:00,nrt-any,Tokyo (any airline),NRT,OAK,2027-03-03,548,?,Unknown,https://www.google.com/travel/flights?q=Flights%20from%20OAK%20to%20NRT%20on%202027-03-03%20one%20way
2026-09-01T14:53:27+00:00,nrt-any,Tokyo (any airline),NRT,OAK,2027-03-04,579,?,Unknown,https://www.google.com/travel/flights?q=Flights%20from%20OAK%20to%20NRT%20on%202027-03-04%20one%20way
2026-09-02T14:29:37+00:00,nrt-any,Tokyo (any airline),NRT,OAK,2027-03-05,576,"Alaska, Cathay Pacific",3,https://www.google.com/travel/flights?q=Flights%20from%20OAK%20to%20NRT%20on%202027-03-05%20one%20way
2026-08-29T19:24:36+00:00,nrt-any,Tokyo (any airline),NRT,OAK,2027-03-06,576,"Alaska, Cathay Pacific",2,https://www.google.com/travel/flights?q=Flights%20from%20OAK%20to%20NRT%20on%202027-03-06%20one%20way
2026-08-24T01:57:43+00:00,nrt-any,Tokyo (any airline),NRT,OAK,2027-03-07,589,"Alaska, Cathay Pacific",3,https://www.google.com/travel/flights?q=Flights%20from%20OAK%20to%20NRT%20on%202027-03-07%20one%20way
2026-09-01T18:30:46+00:00,nrt-any,Tokyo (any airline),NRT,OAK,2027-03-08,516,"Alaska, Cathay Pacific",2,https://www.google.com/travel/flights?q=Flights%20from%20OAK%20to%20NRT%20on%202027-03-08%20one%20way
2026-09-02T18:42:50+00:00,nrt-any,Tokyo (any airline),NRT,OAK,2027-03-09,516,"Alaska, Cathay Pacific",2,https://www.google.com/travel/flights?q=Flights%20from%20OAK%20to%20NRT%20on%202027-03-09%20one%20way
2026-09-03T18:39:20+00:00,nrt-any,Tokyo (any airline),NRT,OAK,2027-03-10,516,"Alaska, Cathay Pacific",2,https://www.google.com/travel/flights?q=Flights%20from%20OAK%20to%20NRT%20on%202027-03-10%20one%20way
2026-09-01T21:46:54+00:00,nrt-any,Tokyo (any airline),NRT,OAK,2027-03-11,667,"Alaska, Cathay Pacific",2,https://www.google.com/travel/flights?q=Flights%20from%20OAK%20to%20NRT%20on%202027-03-11%20one%20way
2026-09-02T21:49:33+00:00,nrt-any,Tokyo (any airline),NRT,OAK,2027-03-12,576,?,Unknown,https://www.google.com/travel/flights?q=Flights%20from%20OAK%20to%20NRT%20on%202027-03-12%20one%20way
2026-09-03T21:42:38+00:00,nrt-any,Tokyo (any airline),NRT,OAK,2027-03-13,576,"Alaska, Cathay Pacific",2,https://www.google.com/travel/flights?q=Flights%20from%20OAK%20to%20NRT%20on%202027-03-13%20one%20way
2026-08-25T07:58:10+00:00,nrt-any,Tokyo (any airline),NRT,OAK,2027-03-14,653,"Alaska, Cathay Pacific",3,https://www.google.com/travel/flights?q=Flights%20from%20OAK%20to%20NRT%20on%202027-03-14%20one%20way
2026-09-02T00:14:40+00:00,nrt-any,Tokyo (any airline),NRT,OAK,2027-03-15,516,"Alaska, Cathay Pacific",2,https://www.google.com/travel/flights?q=Flights%20from%20OAK%20to%20NRT%20on%202027-03-15%20one%20way
2026-09-03T00:15:57+00:00,nrt-any,Tokyo (any airline),NRT,OAK,2027-03-16,559,?,Unknown,https://www.google.com/travel/flights?q=Flights%20from%20OAK%20to%20NRT%20on%202027-03-16%20one%20way
2026-09-04T00:06:22+00:00,nrt-any,Tokyo (any airline),NRT,OAK,2027-03-17,700,"Alaska, EVA Air",2,https://www.google.com/travel/flights?q=Flights%20from%20OAK%20to%20NRT%20on%202027-03-17%20one%20way
2026-08-31T05:35:23+00:00,nrt-any,Tokyo (any airline),NRT,OAK,2027-03-18,692,?,Unknown,https://www.google.com/travel/flights?q=Flights%20from%20OAK%20to%20NRT%20on%202027-03-18%20one%20way
2026-09-02T04:34:13+00:00,nrt-any,Tokyo (any airline),NRT,OAK,2027-03-19,737,"Alaska, EVA Air",2,https://www.google.com/travel/flights?q=Flights%20from%20OAK%20to%20NRT%20on%202027-03-19%20one%20way
2026-09-03T04:34:43+00:00,nrt-any,Tokyo (any airline),NRT,OAK,2027-03-20,690,?,Unknown,https://www.google.com/travel/flights?q=Flights%20from%20OAK%20to%20NRT%20on%202027-03-20%20one%20way
2026-09-04T04:33:42+00:00,nrt-any,Tokyo (any airline),NRT,OAK,2027-03-21,639,"Alaska, Cathay Pacific",3,https://www.google.com/travel/flights?q=Flights%20from%20OAK%20to%20NRT%20on%202027-03-21%20one%20way
2026-08-29T11:05:19+00:00,nrt-any,Tokyo (any airline),NRT,OAK,2027-03-22,667,?,Unknown,https://www.google.com/travel/flights?q=Flights%20from%20OAK%20to%20NRT%20on%202027-03-22%20one%20way
2026-08-27T14:18:40+00:00,nrt-any,Tokyo (any airline),NRT,OAK,2027-03-23,687,"Alaska, Cathay Pacific",2,https://www.google.com/travel/flights?q=Flights%20from%20OAK%20to%20NRT%20on%202027-03-23%20one%20way
2026-09-02T09:37:49+00:00,nrt-any,Tokyo (any airline),NRT,OAK,2027-03-24,747,?,Unknown,https://www.google.com/travel/flights?q=Flights%20from%20OAK%20to%20NRT%20on%202027-03-24%20one%20way
2026-09-03T09:50:38+00:00,nrt-any,Tokyo (any airline),NRT,OAK,2027-03-25,854,"Alaska, China Airlines",2,https://www.google.com/travel/flights?q=Flights%20from%20OAK%20to%20NRT%20on%202027-03-25%20one%20way
2026-08-29T15:37:50+00:00,nrt-any,Tokyo (any airline),NRT,OAK,2027-03-26,1132,"Alaska, EVA Air",2,https://www.google.com/travel/flights?q=Flights%20from%20OAK%20to%20NRT%20on%202027-03-26%20one%20way
2026-08-25T20:45:57+00:00,nrt-any,Tokyo (any airline),NRT,OAK,2027-03-27,847,?,Unknown,https://www.google.com/travel/flights?q=Flights%20from%20OAK%20to%20NRT%20on%202027-03-27%20one%20way
2026-09-01T14:53:27+00:00,nrt-any,Tokyo (any airline),NRT,OAK,2027-03-28,996,"Alaska, China Airlines",2,https://www.google.com/travel/flights?q=Flights%20from%20OAK%20to%20NRT%20on%202027-03-28%20one%20way
2026-09-02T14:29:37+00:00,nrt-any,Tokyo (any airline),NRT,OAK,2027-03-29,799,?,Unknown,https://www.google.com/travel/flights?q=Flights%20from%20OAK%20to%20NRT%20on%202027-03-29%20one%20way
2026-08-29T19:24:36+00:00,nrt-any,Tokyo (any airline),NRT,OAK,2027-03-30,799,"Alaska, Cathay Pacific",2,https://www.google.com/travel/flights?q=Flights%20from%20OAK%20to%20NRT%20on%202027-03-30%20one%20way
2026-08-24T01:57:43+00:00,nrt-any,Tokyo (any airline),NRT,OAK,2027-03-31,1096,Alaska,3,https://www.google.com/travel/flights?q=Flights%20from%20OAK%20to%20NRT%20on%202027-03-31%20one%20way
2026-09-01T18:30:46+00:00,nrt-any,Tokyo (any airline),NRT,OAK,2027-04-01,986,Alaska,3,https://www.google.com/travel/flights?q=Flights%20from%20OAK%20to%20NRT%20on%202027-04-01%20one%20way
2026-09-02T18:42:50+00:00,nrt-any,Tokyo (any airline),NRT,OAK,2027-04-02,837,?,Unknown,https://www.google.com/travel/flights?q=Flights%20from%20OAK%20to%20NRT%20on%202027-04-02%20one%20way
2026-09-03T18:39:20+00:00,nrt-any,Tokyo (any airline),NRT,OAK,2027-04-03,665,"Alaska, China Airlines",2,https://www.google.com/travel/flights?q=Flights%20from%20OAK%20to%20NRT%20on%202027-04-03%20one%20way
2026-09-01T21:46:54+00:00,nrt-any,Tokyo (any airline),NRT,OAK,2027-04-04,700,"Alaska, EVA Air",2,https://www.google.com/travel/flights?q=Flights%20from%20OAK%20to%20NRT%20on%202027-04-04%20one%20way
2026-09-02T21:49:33+00:00,nrt-any,Tokyo (any airline),NRT,OAK,2027-04-05,516,"Alaska, Cathay Pacific",2,https://www.google.com/travel/flights?q=Flights%20from%20OAK%20to%20NRT%20on%202027-04-05%20one%20way
2026-09-03T21:42:38+00:00,nrt-any,Tokyo (any airline),NRT,OAK,2027-04-06,665,"Alaska, China Airlines",2,https://www.google.com/travel/flights?q=Flights%20from%20OAK%20to%20NRT%20on%202027-04-06%20one%20way
2026-08-25T07:58:10+00:00,nrt-any,Tokyo (any airline),NRT,OAK,2027-04-07,617,?,Unknown,https://www.google.com/travel/flights?q=Flights%20from%20OAK%20to%20NRT%20on%202027-04-07%20one%20way
2026-09-02T00:14:40+00:00,nrt-any,Tokyo (any airline),NRT,OAK,2027-04-08,737,?,Unknown,https://www.google.com/travel/flights?q=Flights%20from%20OAK%20to%20NRT%20on%202027-04-08%20one%20way
2026-09-03T00:15:57+00:00,nrt-any,Tokyo (any airline),NRT,OAK,2027-04-09,785,"Alaska, EVA Air",2,https://www.google.com/travel/flights?q=Flights%20from%20OAK%20to%20NRT%20on%202027-04-09%20one%20way
2026-09-04T00:06:22+00:00,nrt-any,Tokyo (any airline),NRT,OAK,2027-04-10,739,Alaska,2,https://www.google.com/travel/flights?q=Flights%20from%20OAK%20to%20NRT%20on%202027-04-10%20one%20way
2026-08-31T05:35:23+00:00,nrt-any,Tokyo (any airline),NRT,OAK,2027-04-11,772,Alaska,2,https://www.google.com/travel/flights?q=Flights%20from%20OAK%20to%20NRT%20on%202027-04-11%20one%20way
2026-09-02T04:34:13+00:00,nrt-any,Tokyo (any airline),NRT,OAK,2027-04-12,516,?,Unknown,https://www.google.com/travel/flights?q=Flights%20from%20OAK%20to%20NRT%20on%202027-04-12%20one%20way
2026-09-03T04:34:43+00:00,nrt-any,Tokyo (any airline),NRT,OAK,2027-04-13,516,?,Unknown,https://www.google.com/travel/flights?q=Flights%20from%20OAK%20to%20NRT%20on%202027-04-13%20one%20way
2026-09-04T04:33:42+00:00,nrt-any,Tokyo (any airline),NRT,OAK,2027-04-14,516,"Alaska, Cathay Pacific",2,https://www.google.com/travel/flights?q=Flights%20from%20OAK%20to%20NRT%20on%202027-04-14%20one%20way
2026-08-29T11:05:19+00:00,nrt-any,Tokyo (any airline),NRT,OAK,2027-04-15,670,Alaska,2,https://www.google.com/travel/flights?q=Flights%20from%20OAK%20to%20NRT%20on%202027-04-15%20one%20way
2026-08-27T14:18:40+00:00,nrt-any,Tokyo (any airline),NRT,OAK,2027-04-16,761,Alaska,2,https://www.google.com/travel/flights?q=Flights%20from%20OAK%20to%20NRT%20on%202027-04-16%20one%20way
2026-09-02T09:37:49+00:00,nrt-any,Tokyo (any airline),NRT,OAK,2027-04-17,639,?,Unknown,https://www.google.com/travel/flights?q=Flights%20from%20OAK%20to%20NRT%20on%202027-04-17%20one%20way
2026-09-03T09:50:38+00:00,nrt-any,Tokyo (any airline),NRT,OAK,2027-04-18,749,Alaska,2,https://www.google.com/travel/flights?q=Flights%20from%20OAK%20to%20NRT%20on%202027-04-18%20one%20way
2026-08-31T13:50:56+00:00,nrt-any,Tokyo (any airline),NRT,OAK,2027-04-19,516,"Alaska, Cathay Pacific",2,https://www.google.com/travel/flights?q=Flights%20from%20OAK%20to%20NRT%20on%202027-04-19%20one%20way
2026-08-26T19:18:45+00:00,nrt-any,Tokyo (any airline),NRT,OAK,2027-04-20,529,"Alaska, Cathay Pacific",2,https://www.google.com/travel/flights?q=Flights%20from%20OAK%20to%20NRT%20on%202027-04-20%20one%20way
2026-09-01T14:53:27+00:00,nrt-any,Tokyo (any airline),NRT,OAK,2027-04-21,463,Alaska,2,https://www.google.com/travel/flights?q=Flights%20from%20OAK%20to%20NRT%20on%202027-04-21%20one%20way
2026-09-02T14:29:37+00:00,nrt-any,Tokyo (any airline),NRT,OAK,2027-04-22,649,Alaska,2,https://www.google.com/travel/flights?q=Flights%20from%20OAK%20to%20NRT%20on%202027-04-22%20one%20way
2026-08-29T19:24:36+00:00,nrt-any,Tokyo (any airline),NRT,OAK,2027-04-23,677,"Alaska, China Airlines",2,https://www.google.com/travel/flights?q=Flights%20from%20OAK%20to%20NRT%20on%202027-04-23%20one%20way
2026-08-24T01:57:43+00:00,nrt-any,Tokyo (any airline),NRT,OAK,2027-04-24,623,Alaska,2,https://www.google.com/travel/flights?q=Flights%20from%20OAK%20to%20NRT%20on%202027-04-24%20one%20way
2026-09-01T18:30:46+00:00,nrt-any,Tokyo (any airline),NRT,OAK,2027-04-25,523,?,Unknown,https://www.google.com/travel/flights?q=Flights%20from%20OAK%20to%20NRT%20on%202027-04-25%20one%20way
2026-09-02T18:42:50+00:00,nrt-any,Tokyo (any airline),NRT,OAK,2027-04-26,516,"Alaska, Cathay Pacific",2,https://www.google.com/travel/flights?q=Flights%20from%20OAK%20to%20NRT%20on%202027-04-26%20one%20way
2026-09-03T18:39:20+00:00,nrt-any,Tokyo (any airline),NRT,OAK,2027-04-27,516,?,Unknown,https://www.google.com/travel/flights?q=Flights%20from%20OAK%20to%20NRT%20on%202027-04-27%20one%20way
2026-09-01T21:46:54+00:00,nrt-any,Tokyo (any airline),NRT,OAK,2027-04-28,516,?,Unknown,https://www.google.com/travel/flights?q=Flights%20from%20OAK%20to%20NRT%20on%202027-04-28%20one%20way
2026-09-02T21:49:33+00:00,nrt-any,Tokyo (any airline),NRT,OAK,2027-04-29,649,Alaska,2,https://www.google.com/travel/flights?q=Flights%20from%20OAK%20to%20NRT%20on%202027-04-29%20one%20way
2026-09-03T21:42:38+00:00,nrt-any,Tokyo (any airline),NRT,OAK,2027-04-30,685,?,Unknown,https://www.google.com/travel/flights?q=Flights%20from%20OAK%20to%20NRT%20on%202027-04-30%20one%20way
2026-08-25T07:58:10+00:00,nrt-any,Tokyo (any airline),NRT,OAK,2027-05-01,653,?,Unknown,https://www.google.com/travel/flights?q=Flights%20from%20OAK%20to%20NRT%20on%202027-05-01%20one%20way
2026-09-02T00:14:40+00:00,nrt-any,Tokyo (any airline),NRT,OAK,2027-05-02,700,"Alaska, EVA Air",2,https://www.google.com/travel/flights?q=Flights%20from%20OAK%20to%20NRT%20on%202027-05-02%20one%20way
2026-09-03T00:15:57+00:00,nrt-any,Tokyo (any airline),NRT,OAK,2027-05-03,579,?,Unknown,https://www.google.com/travel/flights?q=Flights%20from%20OAK%20to%20NRT%20on%202027-05-03%20one%20way
2026-09-04T00:06:22+00:00,nrt-any,Tokyo (any airline),NRT,OAK,2027-05-04,516,?,Unknown,https://www.google.com/travel/flights?q=Flights%20from%20OAK%20to%20NRT%20on%202027-05-04%20one%20way
2026-08-30T06:40:33+00:00,nrt-any,Tokyo (any airline),NRT,OAK,2027-05-05,516,"Alaska, Cathay Pacific",2,https://www.google.com/travel/flights?q=Flights%20from%20OAK%20to%20NRT%20on%202027-05-05%20one%20way
2026-09-02T04:34:13+00:00,nrt-any,Tokyo (any airline),NRT,OAK,2027-05-06,665,?,Unknown,https://www.google.com/travel/flights?q=Flights%20from%20OAK%20to%20NRT%20on%202027-05-06%20one%20way
2026-09-03T04:34:43+00:00,nrt-any,Tokyo (any airline),NRT,OAK,2027-05-07,685,?,Unknown,https://www.google.com/travel/flights?q=Flights%20from%20OAK%20to%20NRT%20on%202027-05-07%20one%20way
2026-08-28T11:23:35+00:00,nrt-any,Tokyo (any airline),NRT,OAK,2027-05-08,653,?,Unknown,https://www.google.com/travel/flights?q=Flights%20from%20OAK%20to%20NRT%20on%202027-05-08%20one%20way
2026-08-29T11:05:19+00:00,nrt-any,Tokyo (any airline),NRT,OAK,2027-05-09,692,"Alaska, EVA Air",2,https://www.google.com/travel/flights?q=Flights%20from%20OAK%20to%20NRT%20on%202027-05-09%20one%20way
2026-08-27T14:18:40+00:00,nrt-any,Tokyo (any airline),NRT,OAK,2027-05-10,658,"Alaska, China Airlines",2,https://www.google.com/travel/flights?q=Flights%20from%20OAK%20to%20NRT%20on%202027-05-10%20one%20way
2026-09-02T09:37:49+00:00,nrt-any,Tokyo (any airline),NRT,OAK,2027-05-11,667,"Alaska, Cathay Pacific",2,https://www.google.com/travel/flights?q=Flights%20from%20OAK%20to%20NRT%20on%202027-05-11%20one%20way
2026-09-03T09:50:38+00:00,nrt-any,Tokyo (any airline),NRT,OAK,2027-05-12,579,"Alaska, Cathay Pacific",2,https://www.google.com/travel/flights?q=Flights%20from%20OAK%20to%20NRT%20on%202027-05-12%20one%20way
2026-08-31T13:50:56+00:00,nrt-any,Tokyo (any airline),NRT,OAK,2027-05-13,576,"Alaska, Cathay Pacific",3,https://www.google.com/travel/flights?q=Flights%20from%20OAK%20to%20NRT%20on%202027-05-13%20one%20way
2026-08-26T19:18:45+00:00,nrt-any,Tokyo (any airline),NRT,OAK,2027-05-14,717,"Alaska, Cathay Pacific",3,https://www.google.com/travel/flights?q=Flights%20from%20OAK%20to%20NRT%20on%202027-05-14%20one%20way
2026-09-01T14:53:27+00:00,nrt-any,Tokyo (any airline),NRT,OAK,2027-05-15,665,"Alaska, China Airlines",2,https://www.google.com/travel/flights?q=Flights%20from%20OAK%20to%20NRT%20on%202027-05-15%20one%20way
2026-09-02T14:29:37+00:00,nrt-any,Tokyo (any airline),NRT,OAK,2027-05-16,700,?,Unknown,https://www.google.com/travel/flights?q=Flights%20from%20OAK%20to%20NRT%20on%202027-05-16%20one%20way
2026-08-29T19:24:36+00:00,nrt-any,Tokyo (any airline),NRT,OAK,2027-05-17,657,?,Unknown,https://www.google.com/travel/flights?q=Flights%20from%20OAK%20to%20NRT%20on%202027-05-17%20one%20way
2026-08-24T01:57:43+00:00,nrt-any,Tokyo (any airline),NRT,OAK,2027-05-18,657,"Alaska, Cathay Pacific",3,https://www.google.com/travel/flights?q=Flights%20from%20OAK%20to%20NRT%20on%202027-05-18%20one%20way
2026-09-01T18:30:46+00:00,nrt-any,Tokyo (any airline),NRT,OAK,2027-05-19,657,"Alaska, Cathay Pacific",3,https://www.google.com/travel/flights?q=Flights%20from%20OAK%20to%20NRT%20on%202027-05-19%20one%20way
2026-09-02T18:42:50+00:00,nrt-any,Tokyo (any airline),NRT,OAK,2027-05-20,665,?,Unknown,https://www.google.com/travel/flights?q=Flights%20from%20OAK%20to%20NRT%20on%202027-05-20%20one%20way
2026-09-03T18:39:20+00:00,nrt-any,Tokyo (any airline),NRT,OAK,2027-05-21,792,"Alaska, Cathay Pacific",3,https://www.google.com/travel/flights?q=Flights%20from%20OAK%20to%20NRT%20on%202027-05-21%20one%20way
2026-09-01T21:46:54+00:00,nrt-any,Tokyo (any airline),NRT,OAK,2027-05-22,717,"Alaska, Cathay Pacific",3,https://www.google.com/travel/flights?q=Flights%20from%20OAK%20to%20NRT%20on%202027-05-22%20one%20way
2026-09-02T21:49:33+00:00,nrt-any,Tokyo (any airline),NRT,OAK,2027-05-23,732,"Alaska, Cathay Pacific",3,https://www.google.com/travel/flights?q=Flights%20from%20OAK%20to%20NRT%20on%202027-05-23%20one%20way
2026-09-03T21:42:38+00:00,nrt-any,Tokyo (any airline),NRT,OAK,2027-05-24,732,?,Unknown,https://www.google.com/travel/flights?q=Flights%20from%20OAK%20to%20NRT%20on%202027-05-24%20one%20way
2026-08-25T07:58:10+00:00,nrt-any,Tokyo (any airline),NRT,OAK,2027-05-25,990,"Alaska, China Airlines",2,https://www.google.com/travel/flights?q=Flights%20from%20OAK%20to%20NRT%20on%202027-05-25%20one%20way
2026-09-02T00:14:40+00:00,nrt-any,Tokyo (any airline),NRT,OAK,2027-05-26,980,"Alaska, Cathay Pacific",2,https://www.google.com/travel/flights?q=Flights%20from%20OAK%20to%20NRT%20on%202027-05-26%20one%20way
2026-09-03T00:15:57+00:00,nrt-any,Tokyo (any airline),NRT,OAK,2027-05-27,1069,?,Unknown,https://www.google.com/travel/flights?q=Flights%20from%20OAK%20to%20NRT%20on%202027-05-27%20one%20way
2026-09-04T00:06:22+00:00,nrt-any,Tokyo (any airline),NRT,OAK,2027-05-28,1116,"Alaska, EVA Air",2,https://www.google.com/travel/flights?q=Flights%20from%20OAK%20to%20NRT%20on%202027-05-28%20one%20way
2026-08-30T06:40:33+00:00,nrt-any,Tokyo (any airline),NRT,OAK,2027-05-29,717,"Alaska, Cathay Pacific",3,https://www.google.com/travel/flights?q=Flights%20from%20OAK%20to%20NRT%20on%202027-05-29%20one%20way
2026-09-02T04:34:13+00:00,nrt-any,Tokyo (any airline),NRT,OAK,2027-05-30,732,"Alaska, Cathay Pacific",3,https://www.google.com/travel/flights?q=Flights%20from%20OAK%20to%20NRT%20on%202027-05-30%20one%20way
2026-09-03T04:34:43+00:00,nrt-any,Tokyo (any airline),NRT,OAK,2027-05-31,732,"Alaska, Cathay Pacific",3,https://www.google.com/travel/flights?q=Flights%20from%20OAK%20to%20NRT%20on%202027-05-31%20one%20way
2026-09-04T04:33:42+00:00,nrt-any,Tokyo (any airline),NRT,OAK,2027-06-01,657,"Alaska, Cathay Pacific",3,https://www.google.com/travel/flights?q=Flights%20from%20OAK%20to%20NRT%20on%202027-06-01%20one%20way
2026-08-29T11:05:19+00:00,nrt-any,Tokyo (any airline),NRT,OAK,2027-06-02,657,?,Unknown,https://www.google.com/travel/flights?q=Flights%20from%20OAK%20to%20NRT%20on%202027-06-02%20one%20way
2026-08-27T14:18:40+00:00,nrt-any,Tokyo (any airline),NRT,OAK,2027-06-03,990,"Alaska, China Airlines",2,https://www.google.com/travel/flights?q=Flights%20from%20OAK%20to%20NRT%20on%202027-06-03%20one%20way
2026-09-02T09:37:49+00:00,nrt-any,Tokyo (any airline),NRT,OAK,2027-06-04,717,"Alaska, Cathay Pacific",3,https://www.google.com/travel/flights?q=Flights%20from%20OAK%20to%20NRT%20on%202027-06-04%20one%20way
2026-09-03T09:50:38+00:00,nrt-any,Tokyo (any airline),NRT,OAK,2027-06-05,717,?,Unknown,https://www.google.com/travel/flights?q=Flights%20from%20OAK%20to%20NRT%20on%202027-06-05%20one%20way
2026-08-31T13:50:56+00:00,nrt-any,Tokyo (any airline),NRT,OAK,2027-06-06,732,"Alaska, Cathay Pacific",3,https://www.google.com/travel/flights?q=Flights%20from%20OAK%20to%20NRT%20on%202027-06-06%20one%20way
2026-08-26T19:18:45+00:00,nrt-any,Tokyo (any airline),NRT,OAK,2027-06-07,657,?,Unknown,https://www.google.com/travel/flights?q=Flights%20from%20OAK%20to%20NRT%20on%202027-06-07%20one%20way
2026-08-25T21:44:07+00:00,nrt-any,Tokyo (any airline),NRT,OAK,2027-06-08,657,"Alaska, Cathay Pacific",3,https://www.google.com/travel/flights?q=Flights%20from%20OAK%20to%20NRT%20on%202027-06-08%20one%20way
2026-09-02T14:29:37+00:00,nrt-any,Tokyo (any airline),NRT,OAK,2027-06-09,657,"Alaska, Cathay Pacific",3,https://www.google.com/travel/flights?q=Flights%20from%20OAK%20to%20NRT%20on%202027-06-09%20one%20way
2026-08-29T19:24:36+00:00,nrt-any,Tokyo (any airline),NRT,OAK,2027-06-10,717,?,Unknown,https://www.google.com/travel/flights?q=Flights%20from%20OAK%20to%20NRT%20on%202027-06-10%20one%20way
2026-08-24T01:57:43+00:00,nrt-any,Tokyo (any airline),NRT,OAK,2027-06-11,792,?,Unknown,https://www.google.com/travel/flights?q=Flights%20from%20OAK%20to%20NRT%20on%202027-06-11%20one%20way
2026-09-01T18:30:46+00:00,nrt-any,Tokyo (any airline),NRT,OAK,2027-06-12,717,?,Unknown,https://www.google.com/travel/flights?q=Flights%20from%20OAK%20to%20NRT%20on%202027-06-12%20one%20way
2026-08-31T20:05:14+00:00,nrt-any,Tokyo (any airline),NRT,OAK,2027-06-13,732,"Alaska, Cathay Pacific",3,https://www.google.com/travel/flights?q=Flights%20from%20OAK%20to%20NRT%20on%202027-06-13%20one%20way
2026-09-03T18:39:20+00:00,nrt-any,Tokyo (any airline),NRT,OAK,2027-06-14,657,"Alaska, Cathay Pacific",3,https://www.google.com/travel/flights?q=Flights%20from%20OAK%20to%20NRT%20on%202027-06-14%20one%20way
2026-09-01T21:46:54+00:00,nrt-any,Tokyo (any airline),NRT,OAK,2027-06-15,657,"Alaska, Cathay Pacific",3,https://www.google.com/travel/flights?q=Flights%20from%20OAK%20to%20NRT%20on%202027-06-15%20one%20way
2026-09-02T21:49:33+00:00,nrt-any,Tokyo (any airline),NRT,OAK,2027-06-16,657,?,Unknown,https://www.google.com/travel/flights?q=Flights%20from%20OAK%20to%20NRT%20on%202027-06-16%20one%20way
2026-09-03T21:42:38+00:00,nrt-any,Tokyo (any airline),NRT,OAK,2027-06-17,792,"Alaska, Cathay Pacific",3,https://www.google.com/travel/flights?q=Flights%20from%20OAK%20to%20NRT%20on%202027-06-17%20one%20way
2026-08-25T07:58:10+00:00,nrt-any,Tokyo (any airline),NRT,OAK,2027-06-18,792,"Alaska, Cathay Pacific",3,https://www.google.com/travel/flights?q=Flights%20from%20OAK%20to%20NRT%20on%202027-06-18%20one%20way
2026-09-02T00:14:40+00:00,nrt-any,Tokyo (any airline),NRT,OAK,2027-06-19,717,"Alaska, Cathay Pacific",2,https://www.google.com/travel/flights?q=Flights%20from%20OAK%20to%20NRT%20on%202027-06-19%20one%20way
2026-09-03T00:15:57+00:00,nrt-any,Tokyo (any airline),NRT,OAK,2027-06-20,732,"Alaska, Cathay Pacific",3,https://www.google.com/travel/flights?q=Flights%20from%20OAK%20to%20NRT%20on%202027-06-20%20one%20way
2026-09-04T00:06:22+00:00,nrt-any,Tokyo (any airline),NRT,OAK,2027-06-21,657,"Alaska, Cathay Pacific",3,https://www.google.com/travel/flights?q=Flights%20from%20OAK%20to%20NRT%20on%202027-06-21%20one%20way
2026-08-30T06:40:33+00:00,nrt-any,Tokyo (any airline),NRT,OAK,2027-06-22,657,"Alaska, Cathay Pacific",3,https://www.google.com/travel/flights?q=Flights%20from%20OAK%20to%20NRT%20on%202027-06-22%20one%20way
2026-09-02T04:34:13+00:00,nrt-any,Tokyo (any airline),NRT,OAK,2027-06-23,657,"Alaska, Cathay Pacific",3,https://www.google.com/travel/flights?q=Flights%20from%20OAK%20to%20NRT%20on%202027-06-23%20one%20way
2026-09-03T04:34:43+00:00,nrt-any,Tokyo (any airline),NRT,OAK,2027-06-24,895,?,Unknown,https://www.google.com/travel/flights?q=Flights%20from%20OAK%20to%20NRT%20on%202027-06-24%20one%20way
2026-09-04T04:33:42+00:00,nrt-any,Tokyo (any airline),NRT,OAK,2027-06-25,792,"Alaska, Cathay Pacific",3,https://www.google.com/travel/flights?q=Flights%20from%20OAK%20to%20NRT%20on%202027-06-25%20one%20way
2026-08-29T11:05:19+00:00,nrt-any,Tokyo (any airline),NRT,OAK,2027-06-26,717,"Alaska, Cathay Pacific",3,https://www.google.com/travel/flights?q=Flights%20from%20OAK%20to%20NRT%20on%202027-06-26%20one%20way
2026-08-27T14:18:40+00:00,nrt-any,Tokyo (any airline),NRT,OAK,2027-06-27,732,"Alaska, Cathay Pacific",3,https://www.google.com/travel/flights?q=Flights%20from%20OAK%20to%20NRT%20on%202027-06-27%20one%20way
2026-09-02T09:37:49+00:00,nrt-any,Tokyo (any airline),NRT,OAK,2027-06-28,657,"Alaska, Cathay Pacific",3,https://www.google.com/travel/flights?q=Flights%20from%20OAK%20to%20NRT%20on%202027-06-28%20one%20way
2026-09-03T09:50:38+00:00,nrt-any,Tokyo (any airline),NRT,OAK,2027-06-29,657,"Alaska, Cathay Pacific",3,https://www.google.com/travel/flights?q=Flights%20from%20OAK%20to%20NRT%20on%202027-06-29%20one%20way
2026-08-31T13:50:56+00:00,nrt-any,Tokyo (any airline),NRT,OAK,2027-06-30,657,"Alaska, Cathay Pacific",3,https://www.google.com/travel/flights?q=Flights%20from%20OAK%20to%20NRT%20on%202027-06-30%20one%20way
2026-08-26T19:18:45+00:00,nrt-any,Tokyo (any airline),NRT,OAK,2027-07-01,1061,?,Unknown,https://www.google.com/travel/flights?q=Flights%20from%20OAK%20to%20NRT%20on%202027-07-01%20one%20way
2026-09-01T14:53:27+00:00,nrt-any,Tokyo (any airline),NRT,OAK,2027-07-02,792,"Alaska, Cathay Pacific",3,https://www.google.com/travel/flights?q=Flights%20from%20OAK%20to%20NRT%20on%202027-07-02%20one%20way
2026-09-02T14:29:37+00:00,nrt-any,Tokyo (any airline),NRT,OAK,2027-07-03,717,?,Unknown,https://www.google.com/travel/flights?q=Flights%20from%20OAK%20to%20NRT%20on%202027-07-03%20one%20way
2026-08-29T19:24:36+00:00,nrt-any,Tokyo (any airline),NRT,OAK,2027-07-04,657,"Alaska, Cathay Pacific",3,https://www.google.com/travel/flights?q=Flights%20from%20OAK%20to%20NRT%20on%202027-07-04%20one%20way
2026-08-24T01:57:43+00:00,nrt-any,Tokyo (any airline),NRT,OAK,2027-07-05,975,Alaska,3,https://www.google.com/travel/flights?q=Flights%20from%20OAK%20to%20NRT%20on%202027-07-05%20one%20way
2026-09-01T18:30:46+00:00,nrt-any,Tokyo (any airline),NRT,OAK,2027-07-06,657,?,Unknown,https://www.google.com/travel/flights?q=Flights%20from%20OAK%20to%20NRT%20on%202027-07-06%20one%20way
2026-09-02T18:42:50+00:00,nrt-any,Tokyo (any airline),NRT,OAK,2027-07-07,657,"Alaska, Cathay Pacific",3,https://www.google.com/travel/flights?q=Flights%20from%20OAK%20to%20NRT%20on%202027-07-07%20one%20way
2026-09-03T18:39:20+00:00,nrt-any,Tokyo (any airline),NRT,OAK,2027-07-08,717,?,Unknown,https://www.google.com/travel/flights?q=Flights%20from%20OAK%20to%20NRT%20on%202027-07-08%20one%20way
2026-09-01T21:46:54+00:00,nrt-any,Tokyo (any airline),NRT,OAK,2027-07-09,792,"Alaska, Cathay Pacific",3,https://www.google.com/travel/flights?q=Flights%20from%20OAK%20to%20NRT%20on%202027-07-09%20one%20way
2026-08-31T23:50:53+00:00,nrt-any,Tokyo (any airline),NRT,OAK,2027-07-10,717,"Alaska, Cathay Pacific",2,https://www.google.com/travel/flights?q=Flights%20from%20OAK%20to%20NRT%20on%202027-07-10%20one%20way
2026-09-03T21:42:38+00:00,nrt-any,Tokyo (any airline),NRT,OAK,2027-07-11,732,?,Unknown,https://www.google.com/travel/flights?q=Flights%20from%20OAK%20to%20NRT%20on%202027-07-11%20one%20way
2026-08-25T07:58:10+00:00,nrt-any,Tokyo (any airline),NRT,OAK,2027-07-12,657,"Alaska, Cathay Pacific",2,https://www.google.com/travel/flights?q=Flights%20from%20OAK%20to%20NRT%20on%202027-07-12%20one%20way
2026-09-02T00:14:40+00:00,nrt-any,Tokyo (any airline),NRT,OAK,2027-07-13,657,"Alaska, Cathay Pacific",2,https://www.google.com/travel/flights?q=Flights%20from%20OAK%20to%20NRT%20on%202027-07-13%20one%20way
2026-09-03T00:15:57+00:00,nrt-any,Tokyo (any airline),NRT,OAK,2027-07-14,657,"Alaska, Cathay Pacific",3,https://www.google.com/travel/flights?q=Flights%20from%20OAK%20to%20NRT%20on%202027-07-14%20one%20way
2026-09-04T00:06:22+00:00,nrt-any,Tokyo (any airline),NRT,OAK,2027-07-15,792,"Alaska, Cathay Pacific",3,https://www.google.com/travel/flights?q=Flights%20from%20OAK%20to%20NRT%20on%202027-07-15%20one%20way
2026-08-30T06:40:33+00:00,nrt-any,Tokyo (any airline),NRT,OAK,2027-07-16,792,?,Unknown,https://www.google.com/travel/flights?q=Flights%20from%20OAK%20to%20NRT%20on%202027-07-16%20one%20way
2026-09-02T04:34:13+00:00,nrt-any,Tokyo (any airline),NRT,OAK,2027-07-17,717,"Alaska, Cathay Pacific",2,https://www.google.com/travel/flights?q=Flights%20from%20OAK%20to%20NRT%20on%202027-07-17%20one%20way
2026-09-03T04:34:43+00:00,nrt-any,Tokyo (any airline),NRT,OAK,2027-07-18,732,?,Unknown,https://www.google.com/travel/flights?q=Flights%20from%20OAK%20to%20NRT%20on%202027-07-18%20one%20way
2026-08-29T11:05:19+00:00,nrt-any,Tokyo (any airline),NRT,OAK,2027-07-20,657,"Alaska, Cathay Pacific",2,https://www.google.com/travel/flights?q=Flights%20from%20OAK%20to%20NRT%20on%202027-07-20%20one%20way
2026-09-02T09:37:49+00:00,nrt-any,Tokyo (any airline),NRT,OAK,2027-07-22,717,?,Unknown,https://www.google.com/travel/flights?q=Flights%20from%20OAK%20to%20NRT%20on%202027-07-22%20one%20way
2026-09-03T09:50:38+00:00,nrt-any,Tokyo (any airline),NRT,OAK,2027-07-23,792,"Alaska, Cathay Pacific",3,https://www.google.com/travel/flights?q=Flights%20from%20OAK%20to%20NRT%20on%202027-07-23%20one%20way
2026-07-22T00:12:17+00:00,nrt-any,Tokyo (any airline),NRT,SFO,2026-07-24,284,?,Unknown,https://www.google.com/travel/flights?q=Flights%20from%20SFO%20to%20NRT%20on%202026-07-24%20one%20way
2026-07-29T00:14:15+00:00,nrt-any,Tokyo (any airline),NRT,SFO,2026-07-31,284,ZIPAIR Tokyo,0,https://www.google.com/travel/flights?q=Flights%20from%20SFO%20to%20NRT%20on%202026-07-31%20one%20way
2026-07-25T06:37:16+00:00,nrt-any,Tokyo (any airline),NRT,SFO,2026-08-02,284,?,Unknown,https://www.google.com/travel/flights?q=Flights%20from%20SFO%20to%20NRT%20on%202026-08-02%20one%20way
2026-07-28T07:59:05+00:00,nrt-any,Tokyo (any airline),NRT,SFO,2026-08-06,284,?,Unknown,https://www.google.com/travel/flights?q=Flights%20from%20SFO%20to%20NRT%20on%202026-08-06%20one%20way
2026-07-25T11:47:25+00:00,nrt-any,Tokyo (any airline),NRT,SFO,2026-08-07,284,?,Unknown,https://www.google.com/travel/flights?q=Flights%20from%20SFO%20to%20NRT%20on%202026-08-07%20one%20way
2026-08-06T00:14:35+00:00,nrt-any,Tokyo (any airline),NRT,SFO,2026-08-08,284,ZIPAIR Tokyo,0,https://www.google.com/travel/flights?q=Flights%20from%20SFO%20to%20NRT%20on%202026-08-08%20one%20way
2026-08-01T06:47:22+00:00,nrt-any,Tokyo (any airline),NRT,SFO,2026-08-09,284,?,Unknown,https://www.google.com/travel/flights?q=Flights%20from%20SFO%20to%20NRT%20on%202026-08-09%20one%20way
2026-08-07T01:52:32+00:00,nrt-any,Tokyo (any airline),NRT,SFO,2026-08-10,284,?,Unknown,https://www.google.com/travel/flights?q=Flights%20from%20SFO%20to%20NRT%20on%202026-08-10%20one%20way
2026-07-25T15:51:33+00:00,nrt-any,Tokyo (any airline),NRT,SFO,2026-08-11,284,ZIPAIR Tokyo,0,https://www.google.com/travel/flights?q=Flights%20from%20SFO%20to%20NRT%20on%202026-08-11%20one%20way
2026-08-04T06:40:28+00:00,nrt-any,Tokyo (any airline),NRT,SFO,2026-08-12,284,ZIPAIR Tokyo,0,https://www.google.com/travel/flights?q=Flights%20from%20SFO%20to%20NRT%20on%202026-08-12%20one%20way
2026-08-03T08:52:37+00:00,nrt-any,Tokyo (any airline),NRT,SFO,2026-08-13,284,ZIPAIR Tokyo,0,https://www.google.com/travel/flights?q=Flights%20from%20SFO%20to%20NRT%20on%202026-08-13%20one%20way
2026-08-08T04:32:02+00:00,nrt-any,Tokyo (any airline),NRT,SFO,2026-08-14,484,?,Unknown,https://www.google.com/travel/flights?q=Flights%20from%20SFO%20to%20NRT%20on%202026-08-14%20one%20way
2026-08-09T04:48:21+00:00,nrt-any,Tokyo (any airline),NRT,SFO,2026-08-15,429,ZIPAIR Tokyo,0,https://www.google.com/travel/flights?q=Flights%20from%20SFO%20to%20NRT%20on%202026-08-15%20one%20way
2026-08-02T12:42:33+00:00,nrt-any,Tokyo (any airline),NRT,SFO,2026-08-16,384,ZIPAIR Tokyo,0,https://www.google.com/travel/flights?q=Flights%20from%20SFO%20to%20NRT%20on%202026-08-16%20one%20way
2026-08-11T04:06:22+00:00,nrt-any,Tokyo (any airline),NRT,SFO,2026-08-17,284,?,Unknown,https://www.google.com/travel/flights?q=Flights%20from%20SFO%20to%20NRT%20on%202026-08-17%20one%20way
2026-08-07T09:43:11+00:00,nrt-any,Tokyo (any airline),NRT,SFO,2026-08-18,284,ZIPAIR Tokyo,0,https://www.google.com/travel/flights?q=Flights%20from%20SFO%20to%20NRT%20on%202026-08-18%20one%20way
2026-08-12T05:49:38+00:00,nrt-any,Tokyo (any airline),NRT,SFO,2026-08-19,387,?,Unknown,https://www.google.com/travel/flights?q=Flights%20from%20SFO%20to%20NRT%20on%202026-08-19%20one%20way
2026-08-15T03:08:02+00:00,nrt-any,Tokyo (any airline),NRT,SFO,2026-08-20,387,?,Unknown,https://www.google.com/travel/flights?q=Flights%20from%20SFO%20to%20NRT%20on%202026-08-20%20one%20way
2026-08-16T03:28:42+00:00,nrt-any,Tokyo (any airline),NRT,SFO,2026-08-21,490,?,Unknown,https://www.google.com/travel/flights?q=Flights%20from%20SFO%20to%20NRT%20on%202026-08-21%20one%20way
2026-08-17T03:29:29+00:00,nrt-any,Tokyo (any airline),NRT,SFO,2026-08-22,387,Air Canada,1,https://www.google.com/travel/flights?q=Flights%20from%20SFO%20to%20NRT%20on%202026-08-22%20one%20way
2026-08-18T03:13:06+00:00,nrt-any,Tokyo (any airline),NRT,SFO,2026-08-23,387,?,Unknown,https://www.google.com/travel/flights?q=Flights%20from%20SFO%20to%20NRT%20on%202026-08-23%20one%20way
2026-08-21T01:57:35+00:00,nrt-any,Tokyo (any airline),NRT,SFO,2026-08-24,429,ZIPAIR Tokyo,0,https://www.google.com/travel/flights?q=Flights%20from%20SFO%20to%20NRT%20on%202026-08-24%20one%20way
2026-08-22T01:50:09+00:00,nrt-any,Tokyo (any airline),NRT,SFO,2026-08-25,387,Air Canada,1,https://www.google.com/travel/flights?q=Flights%20from%20SFO%20to%20NRT%20on%202026-08-25%20one%20way
2026-08-23T01:59:42+00:00,nrt-any,Tokyo (any airline),NRT,SFO,2026-08-26,387,Air Canada,1,https://www.google.com/travel/flights?q=Flights%20from%20SFO%20to%20NRT%20on%202026-08-26%20one%20way
2026-08-24T01:57:43+00:00,nrt-any,Tokyo (any airline),NRT,SFO,2026-08-27,475,Cathay Pacific,1,https://www.google.com/travel/flights?q=Flights%20from%20SFO%20to%20NRT%20on%202026-08-27%20one%20way
2026-08-25T01:52:31+00:00,nrt-any,Tokyo (any airline),NRT,SFO,2026-08-28,534,United,0,https://www.google.com/travel/flights?q=Flights%20from%20SFO%20to%20NRT%20on%202026-08-28%20one%20way
2026-08-26T01:58:19+00:00,nrt-any,Tokyo (any airline),NRT,SFO,2026-08-29,387,?,Unknown,https://www.google.com/travel/flights?q=Flights%20from%20SFO%20to%20NRT%20on%202026-08-29%20one%20way
2026-08-25T03:59:31+00:00,nrt-any,Tokyo (any airline),NRT,SFO,2026-08-30,406,"Air Canada, Jetstar",2,https://www.google.com/travel/flights?q=Flights%20from%20SFO%20to%20NRT%20on%202026-08-30%20one%20way
2026-08-26T03:17:57+00:00,nrt-any,Tokyo (any airline),NRT,SFO,2026-08-31,387,"Asiana Airlines, Korean Air",1,https://www.google.com/travel/flights?q=Flights%20from%20SFO%20to%20NRT%20on%202026-08-31%20one%20way
2026-08-27T03:19:35+00:00,nrt-any,Tokyo (any airline),NRT,SFO,2026-09-01,429,ZIPAIR Tokyo,0,https://www.google.com/travel/flights?q=Flights%20from%20SFO%20to%20NRT%20on%202026-09-01%20one%20way
2026-08-30T01:15:23+00:00,nrt-any,Tokyo (any airline),NRT,SFO,2026-09-02,430,Cathay Pacific,1,https://www.google.com/travel/flights?q=Flights%20from%20SFO%20to%20NRT%20on%202026-09-02%20one%20way
2026-08-25T07:58:10+00:00,nrt-any,Tokyo (any airline),NRT,SFO,2026-09-03,387,"Asiana Airlines, Korean Air",1,https://www.google.com/travel/flights?q=Flights%20from%20SFO%20to%20NRT%20on%202026-09-03%20one%20way
2026-09-02T00:14:40+00:00,nrt-any,Tokyo (any airline),NRT,SFO,2026-09-04,490,?,Unknown,https://www.google.com/travel/flights?q=Flights%20from%20SFO%20to%20NRT%20on%202026-09-04%20one%20way
2026-09-03T00:15:57+00:00,nrt-any,Tokyo (any airline),NRT,SFO,2026-09-05,488,Asiana Airlines,1,https://www.google.com/travel/flights?q=Flights%20from%20SFO%20to%20NRT%20on%202026-09-05%20one%20way
2026-09-04T00:06:22+00:00,nrt-any,Tokyo (any airline),NRT,SFO,2026-09-06,397,?,Unknown,https://www.google.com/travel/flights?q=Flights%20from%20SFO%20to%20NRT%20on%202026-09-06%20one%20way
2026-08-31T05:35:23+00:00,nrt-any,Tokyo (any airline),NRT,SFO,2026-09-07,429,?,Unknown,https://www.google.com/travel/flights?q=Flights%20from%20SFO%20to%20NRT%20on%202026-09-07%20one%20way
2026-09-02T04:34:13+00:00,nrt-any,Tokyo (any airline),NRT,SFO,2026-09-08,397,"Asiana Airlines, Korean Air",1,https://www.google.com/travel/flights?q=Flights%20from%20SFO%20to%20NRT%20on%202026-09-08%20one%20way
2026-09-03T04:34:43+00:00,nrt-any,Tokyo (any airline),NRT,SFO,2026-09-09,429,ZIPAIR Tokyo,0,https://www.google.com/travel/flights?q=Flights%20from%20SFO%20to%20NRT%20on%202026-09-09%20one%20way
2026-09-04T04:33:42+00:00,nrt-any,Tokyo (any airline),NRT,SFO,2026-09-10,430,Cathay Pacific,1,https://www.google.com/travel/flights?q=Flights%20from%20SFO%20to%20NRT%20on%202026-09-10%20one%20way
2026-08-29T11:05:19+00:00,nrt-any,Tokyo (any airline),NRT,SFO,2026-09-11,484,ZIPAIR Tokyo,0,https://www.google.com/travel/flights?q=Flights%20from%20SFO%20to%20NRT%20on%202026-09-11%20one%20way
2026-08-27T14:18:40+00:00,nrt-any,Tokyo (any airline),NRT,SFO,2026-09-12,488,?,Unknown,https://www.google.com/travel/flights?q=Flights%20from%20SFO%20to%20NRT%20on%202026-09-12%20one%20way
2026-09-02T09:37:49+00:00,nrt-any,Tokyo (any airline),NRT,SFO,2026-09-13,454,Alaska,1,https://www.google.com/travel/flights?q=Flights%20from%20SFO%20to%20NRT%20on%202026-09-13%20one%20way
2026-09-03T09:50:38+00:00,nrt-any,Tokyo (any airline),NRT,SFO,2026-09-14,430,Cathay Pacific,1,https://www.google.com/travel/flights?q=Flights%20from%20SFO%20to%20NRT%20on%202026-09-14%20one%20way
2026-08-31T13:50:56+00:00,nrt-any,Tokyo (any airline),NRT,SFO,2026-09-15,429,ZIPAIR Tokyo,0,https://www.google.com/travel/flights?q=Flights%20from%20SFO%20to%20NRT%20on%202026-09-15%20one%20way
2026-08-25T20:45:57+00:00,nrt-any,Tokyo (any airline),NRT,SFO,2026-09-16,430,?,Unknown,https://www.google.com/travel/flights?q=Flights%20from%20SFO%20to%20NRT%20on%202026-09-16%20one%20way
2026-09-01T14:53:27+00:00,nrt-any,Tokyo (any airline),NRT,SFO,2026-09-17,430,Cathay Pacific,1,https://www.google.com/travel/flights?q=Flights%20from%20SFO%20to%20NRT%20on%202026-09-17%20one%20way
2026-09-02T14:29:37+00:00,nrt-any,Tokyo (any airline),NRT,SFO,2026-09-18,490,?,Unknown,https://www.google.com/travel/flights?q=Flights%20from%20SFO%20to%20NRT%20on%202026-09-18%20one%20way
2026-09-03T14:34:41+00:00,nrt-any,Tokyo (any airline),NRT,SFO,2026-09-19,488,Asiana Airlines,1,https://www.google.com/travel/flights?q=Flights%20from%20SFO%20to%20NRT%20on%202026-09-19%20one%20way
2026-08-24T01:57:43+00:00,nrt-any,Tokyo (any airline),NRT,SFO,2026-09-20,484,ZIPAIR Tokyo,0,https://www.google.com/travel/flights?q=Flights%20from%20SFO%20to%20NRT%20on%202026-09-20%20one%20way
2026-09-01T18:30:46+00:00,nrt-any,Tokyo (any airline),NRT,SFO,2026-09-21,556,?,Unknown,https://www.google.com/travel/flights?q=Flights%20from%20SFO%20to%20NRT%20on%202026-09-21%20one%20way
2026-09-02T18:42:50+00:00,nrt-any,Tokyo (any airline),NRT,SFO,2026-09-22,571,?,Unknown,https://www.google.com/travel/flights?q=Flights%20from%20SFO%20to%20NRT%20on%202026-09-22%20one%20way
2026-09-03T18:39:20+00:00,nrt-any,Tokyo (any airline),NRT,SFO,2026-09-23,527,Cathay Pacific,1,https://www.google.com/travel/flights?q=Flights%20from%20SFO%20to%20NRT%20on%202026-09-23%20one%20way
2026-09-01T21:46:54+00:00,nrt-any,Tokyo (any airline),NRT,SFO,2026-09-24,527,?,Unknown,https://www.google.com/travel/flights?q=Flights%20from%20SFO%20to%20NRT%20on%202026-09-24%20one%20way
2026-09-02T21:49:33+00:00,nrt-any,Tokyo (any airline),NRT,SFO,2026-09-25,569,China Airlines,1,https://www.google.com/travel/flights?q=Flights%20from%20SFO%20to%20NRT%20on%202026-09-25%20one%20way
2026-09-03T21:42:38+00:00,nrt-any,Tokyo (any airline),NRT,SFO,2026-09-26,488,?,Unknown,https://www.google.com/travel/flights?q=Flights%20from%20SFO%20to%20NRT%20on%202026-09-26%20one%20way
2026-08-25T07:58:10+00:00,nrt-any,Tokyo (any airline),NRT,SFO,2026-09-27,387,"Asiana Airlines, Korean Air",1,https://www.google.com/travel/flights?q=Flights%20from%20SFO%20to%20NRT%20on%202026-09-27%20one%20way
2026-09-02T00:14:40+00:00,nrt-any,Tokyo (any airline),NRT,SFO,2026-09-28,475,?,Unknown,https://www.google.com/travel/flights?q=Flights%20from%20SFO%20to%20NRT%20on%202026-09-28%20one%20way
2026-09-03T00:15:57+00:00,nrt-any,Tokyo (any airline),NRT,SFO,2026-09-29,486,Philippine Airlines,1,https://www.google.com/travel/flights?q=Flights%20from%20SFO%20to%20NRT%20on%202026-09-29%20one%20way
2026-09-04T00:06:22+00:00,nrt-any,Tokyo (any airline),NRT,SFO,2026-09-30,486,?,Unknown,https://www.google.com/travel/flights?q=Flights%20from%20SFO%20to%20NRT%20on%202026-09-30%20one%20way
2026-08-31T05:35:23+00:00,nrt-any,Tokyo (any airline),NRT,SFO,2026-10-01,488,?,Unknown,https://www.google.com/travel/flights?q=Flights%20from%20SFO%20to%20NRT%20on%202026-10-01%20one%20way
2026-09-02T04:34:13+00:00,nrt-any,Tokyo (any airline),NRT,SFO,2026-10-02,525,?,Unknown,https://www.google.com/travel/flights?q=Flights%20from%20SFO%20to%20NRT%20on%202026-10-02%20one%20way
2026-09-03T04:34:43+00:00,nrt-any,Tokyo (any airline),NRT,SFO,2026-10-03,488,Asiana Airlines,1,https://www.google.com/travel/flights?q=Flights%20from%20SFO%20to%20NRT%20on%202026-10-03%20one%20way
2026-09-04T04:33:42+00:00,nrt-any,Tokyo (any airline),NRT,SFO,2026-10-04,484,ZIPAIR Tokyo,0,https://www.google.com/travel/flights?q=Flights%20from%20SFO%20to%20NRT%20on%202026-10-04%20one%20way
2026-08-29T11:05:19+00:00,nrt-any,Tokyo (any airline),NRT,SFO,2026-10-05,534,ZIPAIR Tokyo,0,https://www.google.com/travel/flights?q=Flights%20from%20SFO%20to%20NRT%20on%202026-10-05%20one%20way
2026-08-27T14:18:40+00:00,nrt-any,Tokyo (any airline),NRT,SFO,2026-10-06,534,ZIPAIR Tokyo,0,https://www.google.com/travel/flights?q=Flights%20from%20SFO%20to%20NRT%20on%202026-10-06%20one%20way
2026-09-02T09:37:49+00:00,nrt-any,Tokyo (any airline),NRT,SFO,2026-10-07,534,?,Unknown,https://www.google.com/travel/flights?q=Flights%20from%20SFO%20to%20NRT%20on%202026-10-07%20one%20way
2026-09-03T09:50:38+00:00,nrt-any,Tokyo (any airline),NRT,SFO,2026-10-08,556,China Airlines,1,https://www.google.com/travel/flights?q=Flights%20from%20SFO%20to%20NRT%20on%202026-10-08%20one%20way
2026-08-31T13:50:56+00:00,nrt-any,Tokyo (any airline),NRT,SFO,2026-10-09,525,?,Unknown,https://www.google.com/travel/flights?q=Flights%20from%20SFO%20to%20NRT%20on%202026-10-09%20one%20way
2026-08-26T19:18:45+00:00,nrt-any,Tokyo (any airline),NRT,SFO,2026-10-10,575,American,1,https://www.google.com/travel/flights?q=Flights%20from%20SFO%20to%20NRT%20on%202026-10-10%20one%20way
2026-09-01T14:53:27+00:00,nrt-any,Tokyo (any airline),NRT,SFO,2026-10-11,482,JAL,0,https://www.google.com/travel/flights?q=Flights%20from%20SFO%20to%20NRT%20on%202026-10-11%20one%20way
2026-09-02T14:29:37+00:00,nrt-any,Tokyo (any airline),NRT,SFO,2026-10-12,466,Alaska,1,https://www.google.com/travel/flights?q=Flights%20from%20SFO%20to%20NRT%20on%202026-10-12%20one%20way
2026-09-03T14:34:41+00:00,nrt-any,Tokyo (any airline),NRT,SFO,2026-10-13,397,"Asiana Airlines, Korean Air",1,https://www.google.com/travel/flights?q=Flights%20from%20SFO%20to%20NRT%20on%202026-10-13%20one%20way
2026-08-24T01:57:43+00:00,nrt-any,Tokyo (any airline),NRT,SFO,2026-10-14,534,ZIPAIR Tokyo,0,https://www.google.com/travel/flights?q=Flights%20from%20SFO%20to%20NRT%20on%202026-10-14%20one%20way
2026-09-01T18:30:46+00:00,nrt-any,Tokyo (any airline),NRT,SFO,2026-10-15,484,?,Unknown,https://www.google.com/travel/flights?q=Flights%20from%20SFO%20to%20NRT%20on%202026-10-15%20one%20way
2026-09-02T18:42:50+00:00,nrt-any,Tokyo (any airline),NRT,SFO,2026-10-16,525,Philippine Airlines,1,https://www.google.com/travel/flights?q=Flights%20from%20SFO%20to%20NRT%20on%202026-10-16%20one%20way
2026-09-03T18:39:20+00:00,nrt-any,Tokyo (any airline),NRT,SFO,2026-10-17,488,Asiana Airlines,1,https://www.google.com/travel/flights?q=Flights%20from%20SFO%20to%20NRT%20on%202026-10-17%20one%20way
2026-09-01T21:46:54+00:00,nrt-any,Tokyo (any airline),NRT,SFO,2026-10-18,429,ZIPAIR Tokyo,0,https://www.google.com/travel/flights?q=Flights%20from%20SFO%20to%20NRT%20on%202026-10-18%20one%20way
2026-09-02T21:49:33+00:00,nrt-any,Tokyo (any airline),NRT,SFO,2026-10-19,429,?,Unknown,https://www.google.com/travel/flights?q=Flights%20from%20SFO%20to%20NRT%20on%202026-10-19%20one%20way
2026-09-03T21:42:38+00:00,nrt-any,Tokyo (any airline),NRT,SFO,2026-10-20,429,ZIPAIR Tokyo,0,https://www.google.com/travel/flights?q=Flights%20from%20SFO%20to%20NRT%20on%202026-10-20%20one%20way
2026-08-25T07:58:10+00:00,nrt-any,Tokyo (any airline),NRT,SFO,2026-10-21,484,ZIPAIR Tokyo,0,https://www.google.com/travel/flights?q=Flights%20from%20SFO%20to%20NRT%20on%202026-10-21%20one%20way
2026-09-02T00:14:40+00:00,nrt-any,Tokyo (any airline),NRT,SFO,2026-10-22,484,ZIPAIR Tokyo,0,https://www.google.com/travel/flights?q=Flights%20from%20SFO%20to%20NRT%20on%202026-10-22%20one%20way
2026-09-03T00:15:57+00:00,nrt-any,Tokyo (any airline),NRT,SFO,2026-10-23,484,ZIPAIR Tokyo,0,https://www.google.com/travel/flights?q=Flights%20from%20SFO%20to%20NRT%20on%202026-10-23%20one%20way
2026-09-04T00:06:22+00:00,nrt-any,Tokyo (any airline),NRT,SFO,2026-10-24,397,?,Unknown,https://www.google.com/travel/flights?q=Flights%20from%20SFO%20to%20NRT%20on%202026-10-24%20one%20way
2026-08-31T05:35:23+00:00,nrt-any,Tokyo (any airline),NRT,SFO,2026-10-25,459,ZIPAIR Tokyo,0,https://www.google.com/travel/flights?q=Flights%20from%20SFO%20to%20NRT%20on%202026-10-25%20one%20way
2026-09-02T04:34:13+00:00,nrt-any,Tokyo (any airline),NRT,SFO,2026-10-26,454,?,Unknown,https://www.google.com/travel/flights?q=Flights%20from%20SFO%20to%20NRT%20on%202026-10-26%20one%20way
2026-09-03T04:34:43+00:00,nrt-any,Tokyo (any airline),NRT,SFO,2026-10-27,459,?,Unknown,https://www.google.com/travel/flights?q=Flights%20from%20SFO%20to%20NRT%20on%202026-10-27%20one%20way
2026-09-04T04:33:42+00:00,nrt-any,Tokyo (any airline),NRT,SFO,2026-10-28,387,?,Unknown,https://www.google.com/travel/flights?q=Flights%20from%20SFO%20to%20NRT%20on%202026-10-28%20one%20way
2026-08-29T11:05:19+00:00,nrt-any,Tokyo (any airline),NRT,SFO,2026-10-29,459,ZIPAIR Tokyo,0,https://www.google.com/travel/flights?q=Flights%20from%20SFO%20to%20NRT%20on%202026-10-29%20one%20way
2026-08-27T14:18:40+00:00,nrt-any,Tokyo (any airline),NRT,SFO,2026-10-30,484,ZIPAIR Tokyo,0,https://www.google.com/travel/flights?q=Flights%20from%20SFO%20to%20NRT%20on%202026-10-30%20one%20way
2026-09-02T09:37:49+00:00,nrt-any,Tokyo (any airline),NRT,SFO,2026-10-31,459,?,Unknown,https://www.google.com/travel/flights?q=Flights%20from%20SFO%20to%20NRT%20on%202026-10-31%20one%20way
2026-09-03T09:50:38+00:00,nrt-any,Tokyo (any airline),NRT,SFO,2026-11-01,484,ZIPAIR Tokyo,0,https://www.google.com/travel/flights?q=Flights%20from%20SFO%20to%20NRT%20on%202026-11-01%20one%20way
2026-08-31T13:50:56+00:00,nrt-any,Tokyo (any airline),NRT,SFO,2026-11-02,459,?,Unknown,https://www.google.com/travel/flights?q=Flights%20from%20SFO%20to%20NRT%20on%202026-11-02%20one%20way
2026-08-26T19:18:45+00:00,nrt-any,Tokyo (any airline),NRT,SFO,2026-11-03,484,?,Unknown,https://www.google.com/travel/flights?q=Flights%20from%20SFO%20to%20NRT%20on%202026-11-03%20one%20way
2026-09-01T14:53:27+00:00,nrt-any,Tokyo (any airline),NRT,SFO,2026-11-04,459,ZIPAIR Tokyo,0,https://www.google.com/travel/flights?q=Flights%20from%20SFO%20to%20NRT%20on%202026-11-04%20one%20way
2026-09-02T14:29:37+00:00,nrt-any,Tokyo (any airline),NRT,SFO,2026-11-05,459,ZIPAIR Tokyo,0,https://www.google.com/travel/flights?q=Flights%20from%20SFO%20to%20NRT%20on%202026-11-05%20one%20way
2026-09-03T14:34:41+00:00,nrt-any,Tokyo (any airline),NRT,SFO,2026-11-06,484,?,Unknown,https://www.google.com/travel/flights?q=Flights%20from%20SFO%20to%20NRT%20on%202026-11-06%20one%20way
2026-08-24T01:57:43+00:00,nrt-any,Tokyo (any airline),NRT,SFO,2026-11-07,488,Asiana Airlines,1,https://www.google.com/travel/flights?q=Flights%20from%20SFO%20to%20NRT%20on%202026-11-07%20one%20way
2026-09-01T18:30:46+00:00,nrt-any,Tokyo (any airline),NRT,SFO,2026-11-08,459,ZIPAIR Tokyo,0,https://www.google.com/travel/flights?q=Flights%20from%20SFO%20to%20NRT%20on%202026-11-08%20one%20way
2026-09-02T18:42:50+00:00,nrt-any,Tokyo (any airline),NRT,SFO,2026-11-09,459,?,Unknown,https://www.google.com/travel/flights?q=Flights%20from%20SFO%20to%20NRT%20on%202026-11-09%20one%20way
2026-09-03T18:39:20+00:00,nrt-any,Tokyo (any airline),NRT,SFO,2026-11-10,397,"Asiana Airlines, Korean Air",1,https://www.google.com/travel/flights?q=Flights%20from%20SFO%20to%20NRT%20on%202026-11-10%20one%20way
2026-09-01T21:46:54+00:00,nrt-any,Tokyo (any airline),NRT,SFO,2026-11-11,459,ZIPAIR Tokyo,0,https://www.google.com/travel/flights?q=Flights%20from%20SFO%20to%20NRT%20on%202026-11-11%20one%20way
2026-09-02T21:49:33+00:00,nrt-any,Tokyo (any airline),NRT,SFO,2026-11-12,429,WestJet,1,https://www.google.com/travel/flights?q=Flights%20from%20SFO%20to%20NRT%20on%202026-11-12%20one%20way
2026-09-03T21:42:38+00:00,nrt-any,Tokyo (any airline),NRT,SFO,2026-11-13,484,?,Unknown,https://www.google.com/travel/flights?q=Flights%20from%20SFO%20to%20NRT%20on%202026-11-13%20one%20way
2026-08-25T07:58:10+00:00,nrt-any,Tokyo (any airline),NRT,SFO,2026-11-14,488,?,Unknown,https://www.google.com/travel/flights?q=Flights%20from%20SFO%20to%20NRT%20on%202026-11-14%20one%20way
2026-09-02T00:14:40+00:00,nrt-any,Tokyo (any airline),NRT,SFO,2026-11-15,488,Asiana Airlines,1,https://www.google.com/travel/flights?q=Flights%20from%20SFO%20to%20NRT%20on%202026-11-15%20one%20way
2026-09-03T00:15:57+00:00,nrt-any,Tokyo (any airline),NRT,SFO,2026-11-16,429,WestJet,1,https://www.google.com/travel/flights?q=Flights%20from%20SFO%20to%20NRT%20on%202026-11-16%20one%20way
2026-09-04T00:06:22+00:00,nrt-any,Tokyo (any airline),NRT,SFO,2026-11-17,534,ZIPAIR Tokyo,0,https://www.google.com/travel/flights?q=Flights%20from%20SFO%20to%20NRT%20on%202026-11-17%20one%20way
2026-08-31T05:35:23+00:00,nrt-any,Tokyo (any airline),NRT,SFO,2026-11-18,658,Cathay Pacific,1,https://www.google.com/travel/flights?q=Flights%20from%20SFO%20to%20NRT%20on%202026-11-18%20one%20way
2026-09-02T04:34:13+00:00,nrt-any,Tokyo (any airline),NRT,SFO,2026-11-19,770,"Asiana Airlines, Korean Air",1,https://www.google.com/travel/flights?q=Flights%20from%20SFO%20to%20NRT%20on%202026-11-19%20one%20way
2026-09-03T04:34:43+00:00,nrt-any,Tokyo (any airline),NRT,SFO,2026-11-20,823,"Air Canada, JAL",1,https://www.google.com/travel/flights?q=Flights%20from%20SFO%20to%20NRT%20on%202026-11-20%20one%20way
2026-09-04T04:33:42+00:00,nrt-any,Tokyo (any airline),NRT,SFO,2026-11-21,731,American,1,https://www.google.com/travel/flights?q=Flights%20from%20SFO%20to%20NRT%20on%202026-11-21%20one%20way
2026-08-29T11:05:19+00:00,nrt-any,Tokyo (any airline),NRT,SFO,2026-11-22,460,WestJet,1,https://www.google.com/travel/flights?q=Flights%20from%20SFO%20to%20NRT%20on%202026-11-22%20one%20way
2026-08-27T14:18:40+00:00,nrt-any,Tokyo (any airline),NRT,SFO,2026-11-23,449,?,Unknown,https://www.google.com/travel/flights?q=Flights%20from%20SFO%20to%20NRT%20on%202026-11-23%20one%20way
2026-09-02T09:37:49+00:00,nrt-any,Tokyo (any airline),NRT,SFO,2026-11-24,454,Alaska,1,https://www.google.com/travel/flights?q=Flights%20from%20SFO%20to%20NRT%20on%202026-11-24%20one%20way
2026-09-03T09:50:38+00:00,nrt-any,Tokyo (any airline),NRT,SFO,2026-11-25,397,?,Unknown,https://www.google.com/travel/flights?q=Flights%20from%20SFO%20to%20NRT%20on%202026-11-25%20one%20way
2026-08-31T13:50:56+00:00,nrt-any,Tokyo (any airline),NRT,SFO,2026-11-26,460,WestJet,1,https://www.google.com/travel/flights?q=Flights%20from%20SFO%20to%20NRT%20on%202026-11-26%20one%20way
2026-08-26T19:18:45+00:00,nrt-any,Tokyo (any airline),NRT,SFO,2026-11-27,480,?,Unknown,https://www.google.com/travel/flights?q=Flights%20from%20SFO%20to%20NRT%20on%202026-11-27%20one%20way
2026-09-01T14:53:27+00:00,nrt-any,Tokyo (any airline),NRT,SFO,2026-11-28,484,ZIPAIR Tokyo,0,https://www.google.com/travel/flights?q=Flights%20from%20SFO%20to%20NRT%20on%202026-11-28%20one%20way
2026-09-02T14:29:37+00:00,nrt-any,Tokyo (any airline),NRT,SFO,2026-11-29,397,?,Unknown,https://www.google.com/travel/flights?q=Flights%20from%20SFO%20to%20NRT%20on%202026-11-29%20one%20way
2026-09-03T14:34:41+00:00,nrt-any,Tokyo (any airline),NRT,SFO,2026-11-30,397,?,Unknown,https://www.google.com/travel/flights?q=Flights%20from%20SFO%20to%20NRT%20on%202026-11-30%20one%20way
2026-08-24T01:57:43+00:00,nrt-any,Tokyo (any airline),NRT,SFO,2026-12-01,409,ZIPAIR Tokyo,0,https://www.google.com/travel/flights?q=Flights%20from%20SFO%20to%20NRT%20on%202026-12-01%20one%20way
2026-09-01T18:30:46+00:00,nrt-any,Tokyo (any airline),NRT,SFO,2026-12-02,459,?,Unknown,https://www.google.com/travel/flights?q=Flights%20from%20SFO%20to%20NRT%20on%202026-12-02%20one%20way
2026-09-02T18:42:50+00:00,nrt-any,Tokyo (any airline),NRT,SFO,2026-12-03,429,WestJet,1,https://www.google.com/travel/flights?q=Flights%20from%20SFO%20to%20NRT%20on%202026-12-03%20one%20way
2026-09-03T18:39:20+00:00,nrt-any,Tokyo (any airline),NRT,SFO,2026-12-04,397,"Asiana Airlines, Korean Air",1,https://www.google.com/travel/flights?q=Flights%20from%20SFO%20to%20NRT%20on%202026-12-04%20one%20way
2026-09-01T21:46:54+00:00,nrt-any,Tokyo (any airline),NRT,SFO,2026-12-05,484,ZIPAIR Tokyo,0,https://www.google.com/travel/flights?q=Flights%20from%20SFO%20to%20NRT%20on%202026-12-05%20one%20way
2026-09-02T21:49:33+00:00,nrt-any,Tokyo (any airline),NRT,SFO,2026-12-06,397,?,Unknown,https://www.google.com/travel/flights?q=Flights%20from%20SFO%20to%20NRT%20on%202026-12-06%20one%20way
2026-09-03T21:42:38+00:00,nrt-any,Tokyo (any airline),NRT,SFO,2026-12-07,397,"Asiana Airlines, Korean Air",1,https://www.google.com/travel/flights?q=Flights%20from%20SFO%20to%20NRT%20on%202026-12-07%20one%20way
2026-08-25T07:58:10+00:00,nrt-any,Tokyo (any airline),NRT,SFO,2026-12-08,459,?,Unknown,https://www.google.com/travel/flights?q=Flights%20from%20SFO%20to%20NRT%20on%202026-12-08%20one%20way
2026-09-02T00:14:40+00:00,nrt-any,Tokyo (any airline),NRT,SFO,2026-12-09,484,ZIPAIR Tokyo,0,https://www.google.com/travel/flights?q=Flights%20from%20SFO%20to%20NRT%20on%202026-12-09%20one%20way
2026-09-03T00:15:57+00:00,nrt-any,Tokyo (any airline),NRT,SFO,2026-12-10,534,?,Unknown,https://www.google.com/travel/flights?q=Flights%20from%20SFO%20to%20NRT%20on%202026-12-10%20one%20way
2026-09-04T00:06:22+00:00,nrt-any,Tokyo (any airline),NRT,SFO,2026-12-11,584,ZIPAIR Tokyo,0,https://www.google.com/travel/flights?q=Flights%20from%20SFO%20to%20NRT%20on%202026-12-11%20one%20way
2026-08-31T05:35:23+00:00,nrt-any,Tokyo (any airline),NRT,SFO,2026-12-12,575,?,Unknown,https://www.google.com/travel/flights?q=Flights%20from%20SFO%20to%20NRT%20on%202026-12-12%20one%20way
2026-09-02T04:34:13+00:00,nrt-any,Tokyo (any airline),NRT,SFO,2026-12-13,575,American,1,https://www.google.com/travel/flights?q=Flights%20from%20SFO%20to%20NRT%20on%202026-12-13%20one%20way
2026-09-03T04:34:43+00:00,nrt-any,Tokyo (any airline),NRT,SFO,2026-12-14,548,"Alaska, JAL",1,https://www.google.com/travel/flights?q=Flights%20from%20SFO%20to%20NRT%20on%202026-12-14%20one%20way
2026-09-04T04:33:42+00:00,nrt-any,Tokyo (any airline),NRT,SFO,2026-12-15,691,"Alaska, JAL",2,https://www.google.com/travel/flights?q=Flights%20from%20SFO%20to%20NRT%20on%202026-12-15%20one%20way
2026-08-29T11:05:19+00:00,nrt-any,Tokyo (any airline),NRT,SFO,2026-12-16,1244,?,Unknown,https://www.google.com/travel/flights?q=Flights%20from%20SFO%20to%20NRT%20on%202026-12-16%20one%20way
2026-08-27T14:18:40+00:00,nrt-any,Tokyo (any airline),NRT,SFO,2026-12-17,1240,WestJet,1,https://www.google.com/travel/flights?q=Flights%20from%20SFO%20to%20NRT%20on%202026-12-17%20one%20way
2026-09-02T09:37:49+00:00,nrt-any,Tokyo (any airline),NRT,SFO,2026-12-18,1357,?,Unknown,https://www.google.com/travel/flights?q=Flights%20from%20SFO%20to%20NRT%20on%202026-12-18%20one%20way
2026-09-03T09:50:38+00:00,nrt-any,Tokyo (any airline),NRT,SFO,2026-12-19,1344,EVA Air,1,https://www.google.com/travel/flights?q=Flights%20from%20SFO%20to%20NRT%20on%202026-12-19%20one%20way
2026-08-31T13:50:56+00:00,nrt-any,Tokyo (any airline),NRT,SFO,2026-12-20,1331,?,Unknown,https://www.google.com/travel/flights?q=Flights%20from%20SFO%20to%20NRT%20on%202026-12-20%20one%20way
2026-08-26T19:18:45+00:00,nrt-any,Tokyo (any airline),NRT,SFO,2026-12-21,1240,WestJet,1,https://www.google.com/travel/flights?q=Flights%20from%20SFO%20to%20NRT%20on%202026-12-21%20one%20way
2026-09-01T14:53:27+00:00,nrt-any,Tokyo (any airline),NRT,SFO,2026-12-22,1171,?,Unknown,https://www.google.com/travel/flights?q=Flights%20from%20SFO%20to%20NRT%20on%202026-12-22%20one%20way
2026-09-02T14:29:37+00:00,nrt-any,Tokyo (any airline),NRT,SFO,2026-12-23,1081,China Airlines,1,https://www.google.com/travel/flights?q=Flights%20from%20SFO%20to%20NRT%20on%202026-12-23%20one%20way
2026-09-03T14:34:41+00:00,nrt-any,Tokyo (any airline),NRT,SFO,2026-12-24,796,Alaska,1,https://www.google.com/travel/flights?q=Flights%20from%20SFO%20to%20NRT%20on%202026-12-24%20one%20way
2026-08-24T01:57:43+00:00,nrt-any,Tokyo (any airline),NRT,SFO,2026-12-25,584,ZIPAIR Tokyo,0,https://www.google.com/travel/flights?q=Flights%20from%20SFO%20to%20NRT%20on%202026-12-25%20one%20way
2026-09-01T18:30:46+00:00,nrt-any,Tokyo (any airline),NRT,SFO,2026-12-26,634,ZIPAIR Tokyo,0,https://www.google.com/travel/flights?q=Flights%20from%20SFO%20to%20NRT%20on%202026-12-26%20one%20way
2026-09-02T18:42:50+00:00,nrt-any,Tokyo (any airline),NRT,SFO,2026-12-27,429,WestJet,1,https://www.google.com/travel/flights?q=Flights%20from%20SFO%20to%20NRT%20on%202026-12-27%20one%20way
2026-09-03T18:39:20+00:00,nrt-any,Tokyo (any airline),NRT,SFO,2026-12-28,429,?,Unknown,https://www.google.com/travel/flights?q=Flights%20from%20SFO%20to%20NRT%20on%202026-12-28%20one%20way
2026-09-01T21:46:54+00:00,nrt-any,Tokyo (any airline),NRT,SFO,2026-12-29,484,ZIPAIR Tokyo,0,https://www.google.com/travel/flights?q=Flights%20from%20SFO%20to%20NRT%20on%202026-12-29%20one%20way
2026-09-02T21:49:33+00:00,nrt-any,Tokyo (any airline),NRT,SFO,2026-12-30,454,Alaska,1,https://www.google.com/travel/flights?q=Flights%20from%20SFO%20to%20NRT%20on%202026-12-30%20one%20way
2026-09-03T21:42:38+00:00,nrt-any,Tokyo (any airline),NRT,SFO,2026-12-31,429,?,Unknown,https://www.google.com/travel/flights?q=Flights%20from%20SFO%20to%20NRT%20on%202026-12-31%20one%20way
2026-08-25T07:58:10+00:00,nrt-any,Tokyo (any airline),NRT,SFO,2027-01-01,534,?,Unknown,https://www.google.com/travel/flights?q=Flights%20from%20SFO%20to%20NRT%20on%202027-01-01%20one%20way
2026-09-02T00:14:40+00:00,nrt-any,Tokyo (any airline),NRT,SFO,2027-01-02,534,?,Unknown,https://www.google.com/travel/flights?q=Flights%20from%20SFO%20to%20NRT%20on%202027-01-02%20one%20way
2026-09-03T00:15:57+00:00,nrt-any,Tokyo (any airline),NRT,SFO,2027-01-03,484,ZIPAIR Tokyo,0,https://www.google.com/travel/flights?q=Flights%20from%20SFO%20to%20NRT%20on%202027-01-03%20one%20way
2026-09-04T00:06:22+00:00,nrt-any,Tokyo (any airline),NRT,SFO,2027-01-04,429,WestJet,1,https://www.google.com/travel/flights?q=Flights%20from%20SFO%20to%20NRT%20on%202027-01-04%20one%20way
2026-08-30T06:40:33+00:00,nrt-any,Tokyo (any airline),NRT,SFO,2027-01-05,484,ZIPAIR Tokyo,0,https://www.google.com/travel/flights?q=Flights%20from%20SFO%20to%20NRT%20on%202027-01-05%20one%20way
2026-09-02T04:34:13+00:00,nrt-any,Tokyo (any airline),NRT,SFO,2027-01-06,459,?,Unknown,https://www.google.com/travel/flights?q=Flights%20from%20SFO%20to%20NRT%20on%202027-01-06%20one%20way
2026-09-03T04:34:43+00:00,nrt-any,Tokyo (any airline),NRT,SFO,2027-01-07,429,WestJet,1,https://www.google.com/travel/flights?q=Flights%20from%20SFO%20to%20NRT%20on%202027-01-07%20one%20way
2026-09-04T04:33:42+00:00,nrt-any,Tokyo (any airline),NRT,SFO,2027-01-08,459,ZIPAIR Tokyo,0,https://www.google.com/travel/flights?q=Flights%20from%20SFO%20to%20NRT%20on%202027-01-08%20one%20way
2026-08-29T11:05:19+00:00,nrt-any,Tokyo (any airline),NRT,SFO,2027-01-09,459,?,Unknown,https://www.google.com/travel/flights?q=Flights%20from%20SFO%20to%20NRT%20on%202027-01-09%20one%20way
2026-08-27T14:18:40+00:00,nrt-any,Tokyo (any airline),NRT,SFO,2027-01-10,449,?,Unknown,https://www.google.com/travel/flights?q=Flights%20from%20SFO%20to%20NRT%20on%202027-01-10%20one%20way
2026-09-02T09:37:49+00:00,nrt-any,Tokyo (any airline),NRT,SFO,2027-01-11,429,?,Unknown,https://www.google.com/travel/flights?q=Flights%20from%20SFO%20to%20NRT%20on%202027-01-11%20one%20way
2026-09-03T09:50:38+00:00,nrt-any,Tokyo (any airline),NRT,SFO,2027-01-12,459,?,Unknown,https://www.google.com/travel/flights?q=Flights%20from%20SFO%20to%20NRT%20on%202027-01-12%20one%20way
2026-08-31T13:50:56+00:00,nrt-any,Tokyo (any airline),NRT,SFO,2027-01-13,459,ZIPAIR Tokyo,0,https://www.google.com/travel/flights?q=Flights%20from%20SFO%20to%20NRT%20on%202027-01-13%20one%20way
2026-08-26T19:18:45+00:00,nrt-any,Tokyo (any airline),NRT,SFO,2027-01-14,449,WestJet,1,https://www.google.com/travel/flights?q=Flights%20from%20SFO%20to%20NRT%20on%202027-01-14%20one%20way
2026-09-01T14:53:27+00:00,nrt-any,Tokyo (any airline),NRT,SFO,2027-01-15,397,"Asiana Airlines, Korean Air",1,https://www.google.com/travel/flights?q=Flights%20from%20SFO%20to%20NRT%20on%202027-01-15%20one%20way
2026-09-02T14:29:37+00:00,nrt-any,Tokyo (any airline),NRT,SFO,2027-01-16,459,?,Unknown,https://www.google.com/travel/flights?q=Flights%20from%20SFO%20to%20NRT%20on%202027-01-16%20one%20way
2026-09-03T14:34:41+00:00,nrt-any,Tokyo (any airline),NRT,SFO,2027-01-17,397,"Asiana Airlines, Korean Air",1,https://www.google.com/travel/flights?q=Flights%20from%20SFO%20to%20NRT%20on%202027-01-17%20one%20way
2026-08-24T01:57:43+00:00,nrt-any,Tokyo (any airline),NRT,SFO,2027-01-18,397,"Asiana Airlines, Korean Air",1,https://www.google.com/travel/flights?q=Flights%20from%20SFO%20to%20NRT%20on%202027-01-18%20one%20way
2026-09-01T18:30:46+00:00,nrt-any,Tokyo (any airline),NRT,SFO,2027-01-19,397,?,Unknown,https://www.google.com/travel/flights?q=Flights%20from%20SFO%20to%20NRT%20on%202027-01-19%20one%20way
2026-09-02T18:42:50+00:00,nrt-any,Tokyo (any airline),NRT,SFO,2027-01-20,397,?,Unknown,https://www.google.com/travel/flights?q=Flights%20from%20SFO%20to%20NRT%20on%202027-01-20%20one%20way
2026-09-03T18:39:20+00:00,nrt-any,Tokyo (any airline),NRT,SFO,2027-01-21,397,"Asiana Airlines, Korean Air",1,https://www.google.com/travel/flights?q=Flights%20from%20SFO%20to%20NRT%20on%202027-01-21%20one%20way
2026-09-01T21:46:54+00:00,nrt-any,Tokyo (any airline),NRT,SFO,2027-01-22,397,"Asiana Airlines, Korean Air",1,https://www.google.com/travel/flights?q=Flights%20from%20SFO%20to%20NRT%20on%202027-01-22%20one%20way
2026-09-02T21:49:33+00:00,nrt-any,Tokyo (any airline),NRT,SFO,2027-01-23,397,"Asiana Airlines, Korean Air",1,https://www.google.com/travel/flights?q=Flights%20from%20SFO%20to%20NRT%20on%202027-01-23%20one%20way
2026-09-03T21:42:38+00:00,nrt-any,Tokyo (any airline),NRT,SFO,2027-01-24,397,?,Unknown,https://www.google.com/travel/flights?q=Flights%20from%20SFO%20to%20NRT%20on%202027-01-24%20one%20way
2026-08-25T07:58:10+00:00,nrt-any,Tokyo (any airline),NRT,SFO,2027-01-25,397,?,Unknown,https://www.google.com/travel/flights?q=Flights%20from%20SFO%20to%20NRT%20on%202027-01-25%20one%20way
2026-09-02T00:14:40+00:00,nrt-any,Tokyo (any airline),NRT,SFO,2027-01-26,397,"Asiana Airlines, Korean Air",1,https://www.google.com/travel/flights?q=Flights%20from%20SFO%20to%20NRT%20on%202027-01-26%20one%20way
2026-09-03T00:15:57+00:00,nrt-any,Tokyo (any airline),NRT,SFO,2027-01-27,397,?,Unknown,https://www.google.com/travel/flights?q=Flights%20from%20SFO%20to%20NRT%20on%202027-01-27%20one%20way
2026-09-04T00:06:22+00:00,nrt-any,Tokyo (any airline),NRT,SFO,2027-01-28,429,WestJet,1,https://www.google.com/travel/flights?q=Flights%20from%20SFO%20to%20NRT%20on%202027-01-28%20one%20way
2026-08-31T05:35:23+00:00,nrt-any,Tokyo (any airline),NRT,SFO,2027-01-29,397,"Asiana Airlines, Korean Air",1,https://www.google.com/travel/flights?q=Flights%20from%20SFO%20to%20NRT%20on%202027-01-29%20one%20way
2026-09-02T04:34:13+00:00,nrt-any,Tokyo (any airline),NRT,SFO,2027-01-30,397,"Asiana Airlines, Korean Air",1,https://www.google.com/travel/flights?q=Flights%20from%20SFO%20to%20NRT%20on%202027-01-30%20one%20way
2026-09-03T04:34:43+00:00,nrt-any,Tokyo (any airline),NRT,SFO,2027-01-31,397,"Asiana Airlines, Korean Air",1,https://www.google.com/travel/flights?q=Flights%20from%20SFO%20to%20NRT%20on%202027-01-31%20one%20way
2026-08-26T13:16:22+00:00,nrt-any,Tokyo (any airline),NRT,SFO,2027-02-01,397,?,Unknown,https://www.google.com/travel/flights?q=Flights%20from%20SFO%20to%20NRT%20on%202027-02-01%20one%20way
2026-08-29T11:05:19+00:00,nrt-any,Tokyo (any airline),NRT,SFO,2027-02-02,459,?,Unknown,https://www.google.com/travel/flights?q=Flights%20from%20SFO%20to%20NRT%20on%202027-02-02%20one%20way
2026-08-27T14:18:40+00:00,nrt-any,Tokyo (any airline),NRT,SFO,2027-02-03,459,ZIPAIR Tokyo,0,https://www.google.com/travel/flights?q=Flights%20from%20SFO%20to%20NRT%20on%202027-02-03%20one%20way
2026-09-02T09:37:49+00:00,nrt-any,Tokyo (any airline),NRT,SFO,2027-02-04,459,ZIPAIR Tokyo,0,https://www.google.com/travel/flights?q=Flights%20from%20SFO%20to%20NRT%20on%202027-02-04%20one%20way
2026-09-03T09:50:38+00:00,nrt-any,Tokyo (any airline),NRT,SFO,2027-02-05,459,ZIPAIR Tokyo,0,https://www.google.com/travel/flights?q=Flights%20from%20SFO%20to%20NRT%20on%202027-02-05%20one%20way
2026-08-31T13:50:56+00:00,nrt-any,Tokyo (any airline),NRT,SFO,2027-02-06,397,?,Unknown,https://www.google.com/travel/flights?q=Flights%20from%20SFO%20to%20NRT%20on%202027-02-06%20one%20way
2026-08-26T19:18:45+00:00,nrt-any,Tokyo (any airline),NRT,SFO,2027-02-07,449,?,Unknown,https://www.google.com/travel/flights?q=Flights%20from%20SFO%20to%20NRT%20on%202027-02-07%20one%20way
2026-09-01T14:53:27+00:00,nrt-any,Tokyo (any airline),NRT,SFO,2027-02-08,429,WestJet,1,https://www.google.com/travel/flights?q=Flights%20from%20SFO%20to%20NRT%20on%202027-02-08%20one%20way
2026-09-02T14:29:37+00:00,nrt-any,Tokyo (any airline),NRT,SFO,2027-02-09,454,?,Unknown,https://www.google.com/travel/flights?q=Flights%20from%20SFO%20to%20NRT%20on%202027-02-09%20one%20way
2026-09-03T14:34:41+00:00,nrt-any,Tokyo (any airline),NRT,SFO,2027-02-10,459,ZIPAIR Tokyo,0,https://www.google.com/travel/flights?q=Flights%20from%20SFO%20to%20NRT%20on%202027-02-10%20one%20way
2026-08-24T01:57:43+00:00,nrt-any,Tokyo (any airline),NRT,SFO,2027-02-11,459,?,Unknown,https://www.google.com/travel/flights?q=Flights%20from%20SFO%20to%20NRT%20on%202027-02-11%20one%20way
2026-09-01T18:30:46+00:00,nrt-any,Tokyo (any airline),NRT,SFO,2027-02-12,484,?,Unknown,https://www.google.com/travel/flights?q=Flights%20from%20SFO%20to%20NRT%20on%202027-02-12%20one%20way
2026-09-02T18:42:50+00:00,nrt-any,Tokyo (any airline),NRT,SFO,2027-02-13,484,?,Unknown,https://www.google.com/travel/flights?q=Flights%20from%20SFO%20to%20NRT%20on%202027-02-13%20one%20way
2026-09-03T18:39:20+00:00,nrt-any,Tokyo (any airline),NRT,SFO,2027-02-14,459,ZIPAIR Tokyo,0,https://www.google.com/travel/flights?q=Flights%20from%20SFO%20to%20NRT%20on%202027-02-14%20one%20way
2026-09-01T21:46:54+00:00,nrt-any,Tokyo (any airline),NRT,SFO,2027-02-15,397,?,Unknown,https://www.google.com/travel/flights?q=Flights%20from%20SFO%20to%20NRT%20on%202027-02-15%20one%20way
2026-09-02T21:49:33+00:00,nrt-any,Tokyo (any airline),NRT,SFO,2027-02-16,397,?,Unknown,https://www.google.com/travel/flights?q=Flights%20from%20SFO%20to%20NRT%20on%202027-02-16%20one%20way
2026-09-03T21:42:38+00:00,nrt-any,Tokyo (any airline),NRT,SFO,2027-02-17,397,"Asiana Airlines, Korean Air",1,https://www.google.com/travel/flights?q=Flights%20from%20SFO%20to%20NRT%20on%202027-02-17%20one%20way
2026-08-25T07:58:10+00:00,nrt-any,Tokyo (any airline),NRT,SFO,2027-02-18,459,?,Unknown,https://www.google.com/travel/flights?q=Flights%20from%20SFO%20to%20NRT%20on%202027-02-18%20one%20way
2026-09-02T00:14:40+00:00,nrt-any,Tokyo (any airline),NRT,SFO,2027-02-19,459,?,Unknown,https://www.google.com/travel/flights?q=Flights%20from%20SFO%20to%20NRT%20on%202027-02-19%20one%20way
2026-09-03T00:15:57+00:00,nrt-any,Tokyo (any airline),NRT,SFO,2027-02-20,459,?,Unknown,https://www.google.com/travel/flights?q=Flights%20from%20SFO%20to%20NRT%20on%202027-02-20%20one%20way
2026-09-04T00:06:22+00:00,nrt-any,Tokyo (any airline),NRT,SFO,2027-02-21,429,WestJet,1,https://www.google.com/travel/flights?q=Flights%20from%20SFO%20to%20NRT%20on%202027-02-21%20one%20way
2026-08-31T05:35:23+00:00,nrt-any,Tokyo (any airline),NRT,SFO,2027-02-22,397,?,Unknown,https://www.google.com/travel/flights?q=Flights%20from%20SFO%20to%20NRT%20on%202027-02-22%20one%20way
2026-09-02T04:34:13+00:00,nrt-any,Tokyo (any airline),NRT,SFO,2027-02-23,454,?,Unknown,https://www.google.com/travel/flights?q=Flights%20from%20SFO%20to%20NRT%20on%202027-02-23%20one%20way
2026-09-03T04:34:43+00:00,nrt-any,Tokyo (any airline),NRT,SFO,2027-02-24,459,ZIPAIR Tokyo,0,https://www.google.com/travel/flights?q=Flights%20from%20SFO%20to%20NRT%20on%202027-02-24%20one%20way
2026-09-04T04:33:42+00:00,nrt-any,Tokyo (any airline),NRT,SFO,2027-02-25,459,?,Unknown,https://www.google.com/travel/flights?q=Flights%20from%20SFO%20to%20NRT%20on%202027-02-25%20one%20way
2026-08-29T11:05:19+00:00,nrt-any,Tokyo (any airline),NRT,SFO,2027-02-26,459,ZIPAIR Tokyo,0,https://www.google.com/travel/flights?q=Flights%20from%20SFO%20to%20NRT%20on%202027-02-26%20one%20way
2026-08-27T14:18:40+00:00,nrt-any,Tokyo (any airline),NRT,SFO,2027-02-27,459,?,Unknown,https://www.google.com/travel/flights?q=Flights%20from%20SFO%20to%20NRT%20on%202027-02-27%20one%20way
2026-09-02T09:37:49+00:00,nrt-any,Tokyo (any airline),NRT,SFO,2027-02-28,429,WestJet,1,https://www.google.com/travel/flights?q=Flights%20from%20SFO%20to%20NRT%20on%202027-02-28%20one%20way
2026-09-03T09:50:38+00:00,nrt-any,Tokyo (any airline),NRT,SFO,2027-03-01,397,"Asiana Airlines, Korean Air",1,https://www.google.com/travel/flights?q=Flights%20from%20SFO%20to%20NRT%20on%202027-03-01%20one%20way
2026-08-31T13:50:56+00:00,nrt-any,Tokyo (any airline),NRT,SFO,2027-03-02,459,?,Unknown,https://www.google.com/travel/flights?q=Flights%20from%20SFO%20to%20NRT%20on%202027-03-02%20one%20way
2026-08-26T19:18:45+00:00,nrt-any,Tokyo (any airline),NRT,SFO,2027-03-03,459,ZIPAIR Tokyo,0,https://www.google.com/travel/flights?q=Flights%20from%20SFO%20to%20NRT%20on%202027-03-03%20one%20way
2026-09-01T14:53:27+00:00,nrt-any,Tokyo (any airline),NRT,SFO,2027-03-04,429,WestJet,1,https://www.google.com/travel/flights?q=Flights%20from%20SFO%20to%20NRT%20on%202027-03-04%20one%20way
2026-09-02T14:29:37+00:00,nrt-any,Tokyo (any airline),NRT,SFO,2027-03-05,466,WestJet,1,https://www.google.com/travel/flights?q=Flights%20from%20SFO%20to%20NRT%20on%202027-03-05%20one%20way
2026-09-03T14:34:41+00:00,nrt-any,Tokyo (any airline),NRT,SFO,2027-03-06,397,?,Unknown,https://www.google.com/travel/flights?q=Flights%20from%20SFO%20to%20NRT%20on%202027-03-06%20one%20way
2026-08-24T01:57:43+00:00,nrt-any,Tokyo (any airline),NRT,SFO,2027-03-07,459,ZIPAIR Tokyo,0,https://www.google.com/travel/flights?q=Flights%20from%20SFO%20to%20NRT%20on%202027-03-07%20one%20way
2026-09-01T18:30:46+00:00,nrt-any,Tokyo (any airline),NRT,SFO,2027-03-08,397,"Asiana Airlines, Korean Air",1,https://www.google.com/travel/flights?q=Flights%20from%20SFO%20to%20NRT%20on%202027-03-08%20one%20way
2026-09-02T18:42:50+00:00,nrt-any,Tokyo (any airline),NRT,SFO,2027-03-09,459,ZIPAIR Tokyo,0,https://www.google.com/travel/flights?q=Flights%20from%20SFO%20to%20NRT%20on%202027-03-09%20one%20way
2026-09-03T18:39:20+00:00,nrt-any,Tokyo (any airline),NRT,SFO,2027-03-10,397,"Asiana Airlines, Korean Air",1,https://www.google.com/travel/flights?q=Flights%20from%20SFO%20to%20NRT%20on%202027-03-10%20one%20way
2026-09-01T21:46:54+00:00,nrt-any,Tokyo (any airline),NRT,SFO,2027-03-11,475,Cathay Pacific,1,https://www.google.com/travel/flights?q=Flights%20from%20SFO%20to%20NRT%20on%202027-03-11%20one%20way
2026-09-02T21:49:33+00:00,nrt-any,Tokyo (any airline),NRT,SFO,2027-03-12,484,?,Unknown,https://www.google.com/travel/flights?q=Flights%20from%20SFO%20to%20NRT%20on%202027-03-12%20one%20way
2026-09-03T21:42:38+00:00,nrt-any,Tokyo (any airline),NRT,SFO,2027-03-13,397,"Asiana Airlines, Korean Air",1,https://www.google.com/travel/flights?q=Flights%20from%20SFO%20to%20NRT%20on%202027-03-13%20one%20way
2026-08-25T07:58:10+00:00,nrt-any,Tokyo (any airline),NRT,SFO,2027-03-14,459,?,Unknown,https://www.google.com/travel/flights?q=Flights%20from%20SFO%20to%20NRT%20on%202027-03-14%20one%20way
2026-09-02T00:14:40+00:00,nrt-any,Tokyo (any airline),NRT,SFO,2027-03-15,397,"Asiana Airlines, Korean Air",1,https://www.google.com/travel/flights?q=Flights%20from%20SFO%20to%20NRT%20on%202027-03-15%20one%20way
2026-09-03T00:15:57+00:00,nrt-any,Tokyo (any airline),NRT,SFO,2027-03-16,459,?,Unknown,https://www.google.com/travel/flights?q=Flights%20from%20SFO%20to%20NRT%20on%202027-03-16%20one%20way
2026-09-04T00:06:22+00:00,nrt-any,Tokyo (any airline),NRT,SFO,2027-03-17,459,ZIPAIR Tokyo,0,https://www.google.com/travel/flights?q=Flights%20from%20SFO%20to%20NRT%20on%202027-03-17%20one%20way
2026-08-31T05:35:23+00:00,nrt-any,Tokyo (any airline),NRT,SFO,2027-03-18,484,?,Unknown,https://www.google.com/travel/flights?q=Flights%20from%20SFO%20to%20NRT%20on%202027-03-18%20one%20way
2026-09-02T04:34:13+00:00,nrt-any,Tokyo (any airline),NRT,SFO,2027-03-19,484,?,Unknown,https://www.google.com/travel/flights?q=Flights%20from%20SFO%20to%20NRT%20on%202027-03-19%20one%20way
2026-09-03T04:34:43+00:00,nrt-any,Tokyo (any airline),NRT,SFO,2027-03-20,484,?,Unknown,https://www.google.com/travel/flights?q=Flights%20from%20SFO%20to%20NRT%20on%202027-03-20%20one%20way
2026-09-04T04:33:42+00:00,nrt-any,Tokyo (any airline),NRT,SFO,2027-03-21,459,ZIPAIR Tokyo,0,https://www.google.com/travel/flights?q=Flights%20from%20SFO%20to%20NRT%20on%202027-03-21%20one%20way
2026-08-29T11:05:19+00:00,nrt-any,Tokyo (any airline),NRT,SFO,2027-03-22,459,ZIPAIR Tokyo,0,https://www.google.com/travel/flights?q=Flights%20from%20SFO%20to%20NRT%20on%202027-03-22%20one%20way
2026-08-27T14:18:40+00:00,nrt-any,Tokyo (any airline),NRT,SFO,2027-03-23,459,?,Unknown,https://www.google.com/travel/flights?q=Flights%20from%20SFO%20to%20NRT%20on%202027-03-23%20one%20way
2026-09-02T09:37:49+00:00,nrt-any,Tokyo (any airline),NRT,SFO,2027-03-24,459,ZIPAIR Tokyo,0,https://www.google.com/travel/flights?q=Flights%20from%20SFO%20to%20NRT%20on%202027-03-24%20one%20way
2026-09-03T09:50:38+00:00,nrt-any,Tokyo (any airline),NRT,SFO,2027-03-25,459,ZIPAIR Tokyo,0,https://www.google.com/travel/flights?q=Flights%20from%20SFO%20to%20NRT%20on%202027-03-25%20one%20way
2026-08-31T13:50:56+00:00,nrt-any,Tokyo (any airline),NRT,SFO,2027-03-26,484,ZIPAIR Tokyo,0,https://www.google.com/travel/flights?q=Flights%20from%20SFO%20to%20NRT%20on%202027-03-26%20one%20way
2026-08-26T19:18:45+00:00,nrt-any,Tokyo (any airline),NRT,SFO,2027-03-27,484,ZIPAIR Tokyo,0,https://www.google.com/travel/flights?q=Flights%20from%20SFO%20to%20NRT%20on%202027-03-27%20one%20way
2026-09-01T14:53:27+00:00,nrt-any,Tokyo (any airline),NRT,SFO,2027-03-28,574,China Airlines,1,https://www.google.com/travel/flights?q=Flights%20from%20SFO%20to%20NRT%20on%202027-03-28%20one%20way
2026-09-02T14:29:37+00:00,nrt-any,Tokyo (any airline),NRT,SFO,2027-03-29,574,?,Unknown,https://www.google.com/travel/flights?q=Flights%20from%20SFO%20to%20NRT%20on%202027-03-29%20one%20way
2026-09-03T14:34:41+00:00,nrt-any,Tokyo (any airline),NRT,SFO,2027-03-30,551,Philippine Airlines,1,https://www.google.com/travel/flights?q=Flights%20from%20SFO%20to%20NRT%20on%202027-03-30%20one%20way
2026-08-24T01:57:43+00:00,nrt-any,Tokyo (any airline),NRT,SFO,2027-03-31,574,EVA Air,1,https://www.google.com/travel/flights?q=Flights%20from%20SFO%20to%20NRT%20on%202027-03-31%20one%20way
2026-09-01T18:30:46+00:00,nrt-any,Tokyo (any airline),NRT,SFO,2027-04-01,703,STARLUX Airlines,1,https://www.google.com/travel/flights?q=Flights%20from%20SFO%20to%20NRT%20on%202027-04-01%20one%20way
2026-09-02T18:42:50+00:00,nrt-any,Tokyo (any airline),NRT,SFO,2027-04-02,703,STARLUX Airlines,1,https://www.google.com/travel/flights?q=Flights%20from%20SFO%20to%20NRT%20on%202027-04-02%20one%20way
2026-09-03T18:39:20+00:00,nrt-any,Tokyo (any airline),NRT,SFO,2027-04-03,620,EVA Air,1,https://www.google.com/travel/flights?q=Flights%20from%20SFO%20to%20NRT%20on%202027-04-03%20one%20way
2026-09-01T21:46:54+00:00,nrt-any,Tokyo (any airline),NRT,SFO,2027-04-04,574,China Airlines,1,https://www.google.com/travel/flights?q=Flights%20from%20SFO%20to%20NRT%20on%202027-04-04%20one%20way
2026-09-02T21:49:33+00:00,nrt-any,Tokyo (any airline),NRT,SFO,2027-04-05,475,Cathay Pacific,1,https://www.google.com/travel/flights?q=Flights%20from%20SFO%20to%20NRT%20on%202027-04-05%20one%20way
2026-09-03T21:42:38+00:00,nrt-any,Tokyo (any airline),NRT,SFO,2027-04-06,430,?,Unknown,https://www.google.com/travel/flights?q=Flights%20from%20SFO%20to%20NRT%20on%202027-04-06%20one%20way
2026-08-25T07:58:10+00:00,nrt-any,Tokyo (any airline),NRT,SFO,2027-04-07,397,?,Unknown,https://www.google.com/travel/flights?q=Flights%20from%20SFO%20to%20NRT%20on%202027-04-07%20one%20way
2026-09-02T00:14:40+00:00,nrt-any,Tokyo (any airline),NRT,SFO,2027-04-08,475,Cathay Pacific,1,https://www.google.com/travel/flights?q=Flights%20from%20SFO%20to%20NRT%20on%202027-04-08%20one%20way
2026-09-03T00:15:57+00:00,nrt-any,Tokyo (any airline),NRT,SFO,2027-04-09,488,Asiana Airlines,1,https://www.google.com/travel/flights?q=Flights%20from%20SFO%20to%20NRT%20on%202027-04-09%20one%20way
2026-09-04T00:06:22+00:00,nrt-any,Tokyo (any airline),NRT,SFO,2027-04-10,397,"Asiana Airlines, Korean Air",1,https://www.google.com/travel/flights?q=Flights%20from%20SFO%20to%20NRT%20on%202027-04-10%20one%20way
2026-08-31T05:35:23+00:00,nrt-any,Tokyo (any airline),NRT,SFO,2027-04-11,397,"Asiana Airlines, Korean Air",1,https://www.google.com/travel/flights?q=Flights%20from%20SFO%20to%20NRT%20on%202027-04-11%20one%20way
2026-09-02T04:34:13+00:00,nrt-any,Tokyo (any airline),NRT,SFO,2027-04-12,397,?,Unknown,https://www.google.com/travel/flights?q=Flights%20from%20SFO%20to%20NRT%20on%202027-04-12%20one%20way
2026-09-03T04:34:43+00:00,nrt-any,Tokyo (any airline),NRT,SFO,2027-04-13,397,"Asiana Airlines, Korean Air",1,https://www.google.com/travel/flights?q=Flights%20from%20SFO%20to%20NRT%20on%202027-04-13%20one%20way
2026-09-04T04:33:42+00:00,nrt-any,Tokyo (any airline),NRT,SFO,2027-04-14,397,"Asiana Airlines, Korean Air",1,https://www.google.com/travel/flights?q=Flights%20from%20SFO%20to%20NRT%20on%202027-04-14%20one%20way
2026-08-29T11:05:19+00:00,nrt-any,Tokyo (any airline),NRT,SFO,2027-04-15,397,"Asiana Airlines, Korean Air",1,https://www.google.com/travel/flights?q=Flights%20from%20SFO%20to%20NRT%20on%202027-04-15%20one%20way
2026-08-27T14:18:40+00:00,nrt-any,Tokyo (any airline),NRT,SFO,2027-04-16,488,Asiana Airlines,1,https://www.google.com/travel/flights?q=Flights%20from%20SFO%20to%20NRT%20on%202027-04-16%20one%20way
2026-09-02T09:37:49+00:00,nrt-any,Tokyo (any airline),NRT,SFO,2027-04-17,488,?,Unknown,https://www.google.com/travel/flights?q=Flights%20from%20SFO%20to%20NRT%20on%202027-04-17%20one%20way
2026-09-03T09:50:38+00:00,nrt-any,Tokyo (any airline),NRT,SFO,2027-04-18,397,?,Unknown,https://www.google.com/travel/flights?q=Flights%20from%20SFO%20to%20NRT%20on%202027-04-18%20one%20way
2026-08-31T13:50:56+00:00,nrt-any,Tokyo (any airline),NRT,SFO,2027-04-19,397,"Asiana Airlines, Korean Air",1,https://www.google.com/travel/flights?q=Flights%20from%20SFO%20to%20NRT%20on%202027-04-19%20one%20way
2026-08-25T20:45:57+00:00,nrt-any,Tokyo (any airline),NRT,SFO,2027-04-20,397,"Asiana Airlines, Korean Air",1,https://www.google.com/travel/flights?q=Flights%20from%20SFO%20to%20NRT%20on%202027-04-20%20one%20way
2026-09-01T14:53:27+00:00,nrt-any,Tokyo (any airline),NRT,SFO,2027-04-21,397,"Asiana Airlines, Korean Air",1,https://www.google.com/travel/flights?q=Flights%20from%20SFO%20to%20NRT%20on%202027-04-21%20one%20way
2026-09-02T14:29:37+00:00,nrt-any,Tokyo (any airline),NRT,SFO,2027-04-22,397,"Asiana Airlines, Korean Air",1,https://www.google.com/travel/flights?q=Flights%20from%20SFO%20to%20NRT%20on%202027-04-22%20one%20way
2026-09-03T14:34:41+00:00,nrt-any,Tokyo (any airline),NRT,SFO,2027-04-23,488,Asiana Airlines,1,https://www.google.com/travel/flights?q=Flights%20from%20SFO%20to%20NRT%20on%202027-04-23%20one%20way
2026-08-24T01:57:43+00:00,nrt-any,Tokyo (any airline),NRT,SFO,2027-04-24,397,"Asiana Airlines, Korean Air",1,https://www.google.com/travel/flights?q=Flights%20from%20SFO%20to%20NRT%20on%202027-04-24%20one%20way
2026-09-01T18:30:46+00:00,nrt-any,Tokyo (any airline),NRT,SFO,2027-04-25,397,"Asiana Airlines, Korean Air",1,https://www.google.com/travel/flights?q=Flights%20from%20SFO%20to%20NRT%20on%202027-04-25%20one%20way
2026-09-02T18:42:50+00:00,nrt-any,Tokyo (any airline),NRT,SFO,2027-04-26,397,?,Unknown,https://www.google.com/travel/flights?q=Flights%20from%20SFO%20to%20NRT%20on%202027-04-26%20one%20way
2026-09-03T18:39:20+00:00,nrt-any,Tokyo (any airline),NRT,SFO,2027-04-27,397,"Asiana Airlines, Korean Air",1,https://www.google.com/travel/flights?q=Flights%20from%20SFO%20to%20NRT%20on%202027-04-27%20one%20way
2026-09-01T21:46:54+00:00,nrt-any,Tokyo (any airline),NRT,SFO,2027-04-28,475,?,Unknown,https://www.google.com/travel/flights?q=Flights%20from%20SFO%20to%20NRT%20on%202027-04-28%20one%20way
2026-09-02T21:49:33+00:00,nrt-any,Tokyo (any airline),NRT,SFO,2027-04-29,475,Cathay Pacific,1,https://www.google.com/travel/flights?q=Flights%20from%20SFO%20to%20NRT%20on%202027-04-29%20one%20way
2026-09-03T21:42:38+00:00,nrt-any,Tokyo (any airline),NRT,SFO,2027-04-30,488,Asiana Airlines,1,https://www.google.com/travel/flights?q=Flights%20from%20SFO%20to%20NRT%20on%202027-04-30%20one%20way
2026-08-25T07:58:10+00:00,nrt-any,Tokyo (any airline),NRT,SFO,2027-05-01,535,Cathay Pacific,1,https://www.google.com/travel/flights?q=Flights%20from%20SFO%20to%20NRT%20on%202027-05-01%20one%20way
2026-08-29T04:09:47+00:00,nrt-any,Tokyo (any airline),NRT,SFO,2027-05-02,535,Cathay Pacific,1,https://www.google.com/travel/flights?q=Flights%20from%20SFO%20to%20NRT%20on%202027-05-02%20one%20way
2026-09-03T00:15:57+00:00,nrt-any,Tokyo (any airline),NRT,SFO,2027-05-03,551,Philippine Airlines,1,https://www.google.com/travel/flights?q=Flights%20from%20SFO%20to%20NRT%20on%202027-05-03%20one%20way
2026-09-04T00:06:22+00:00,nrt-any,Tokyo (any airline),NRT,SFO,2027-05-04,527,Cathay Pacific,1,https://www.google.com/travel/flights?q=Flights%20from%20SFO%20to%20NRT%20on%202027-05-04%20one%20way
2026-08-31T05:35:23+00:00,nrt-any,Tokyo (any airline),NRT,SFO,2027-05-05,574,?,Unknown,https://www.google.com/travel/flights?q=Flights%20from%20SFO%20to%20NRT%20on%202027-05-05%20one%20way
2026-09-02T04:34:13+00:00,nrt-any,Tokyo (any airline),NRT,SFO,2027-05-06,582,?,Unknown,https://www.google.com/travel/flights?q=Flights%20from%20SFO%20to%20NRT%20on%202027-05-06%20one%20way
2026-09-03T04:34:43+00:00,nrt-any,Tokyo (any airline),NRT,SFO,2027-05-07,620,EVA Air,1,https://www.google.com/travel/flights?q=Flights%20from%20SFO%20to%20NRT%20on%202027-05-07%20one%20way
2026-09-04T04:33:42+00:00,nrt-any,Tokyo (any airline),NRT,SFO,2027-05-08,587,Cathay Pacific,1,https://www.google.com/travel/flights?q=Flights%20from%20SFO%20to%20NRT%20on%202027-05-08%20one%20way
2026-08-29T11:05:19+00:00,nrt-any,Tokyo (any airline),NRT,SFO,2027-05-09,535,Cathay Pacific,1,https://www.google.com/travel/flights?q=Flights%20from%20SFO%20to%20NRT%20on%202027-05-09%20one%20way
2026-08-27T14:18:40+00:00,nrt-any,Tokyo (any airline),NRT,SFO,2027-05-10,475,Cathay Pacific,1,https://www.google.com/travel/flights?q=Flights%20from%20SFO%20to%20NRT%20on%202027-05-10%20one%20way
2026-09-02T09:37:49+00:00,nrt-any,Tokyo (any airline),NRT,SFO,2027-05-11,475,Cathay Pacific,1,https://www.google.com/travel/flights?q=Flights%20from%20SFO%20to%20NRT%20on%202027-05-11%20one%20way
2026-09-03T09:50:38+00:00,nrt-any,Tokyo (any airline),NRT,SFO,2027-05-12,475,Cathay Pacific,1,https://www.google.com/travel/flights?q=Flights%20from%20SFO%20to%20NRT%20on%202027-05-12%20one%20way
2026-08-31T13:50:56+00:00,nrt-any,Tokyo (any airline),NRT,SFO,2027-05-13,527,Cathay Pacific,1,https://www.google.com/travel/flights?q=Flights%20from%20SFO%20to%20NRT%20on%202027-05-13%20one%20way
2026-08-26T19:18:45+00:00,nrt-any,Tokyo (any airline),NRT,SFO,2027-05-14,612,EVA Air,1,https://www.google.com/travel/flights?q=Flights%20from%20SFO%20to%20NRT%20on%202027-05-14%20one%20way
2026-09-01T14:53:27+00:00,nrt-any,Tokyo (any airline),NRT,SFO,2027-05-15,620,EVA Air,1,https://www.google.com/travel/flights?q=Flights%20from%20SFO%20to%20NRT%20on%202027-05-15%20one%20way
2026-09-02T14:29:37+00:00,nrt-any,Tokyo (any airline),NRT,SFO,2027-05-16,620,?,Unknown,https://www.google.com/travel/flights?q=Flights%20from%20SFO%20to%20NRT%20on%202027-05-16%20one%20way
2026-09-03T14:34:41+00:00,nrt-any,Tokyo (any airline),NRT,SFO,2027-05-17,582,EVA Air,1,https://www.google.com/travel/flights?q=Flights%20from%20SFO%20to%20NRT%20on%202027-05-17%20one%20way
2026-08-24T01:57:43+00:00,nrt-any,Tokyo (any airline),NRT,SFO,2027-05-18,574,EVA Air,1,https://www.google.com/travel/flights?q=Flights%20from%20SFO%20to%20NRT%20on%202027-05-18%20one%20way
2026-09-01T18:30:46+00:00,nrt-any,Tokyo (any airline),NRT,SFO,2027-05-19,582,?,Unknown,https://www.google.com/travel/flights?q=Flights%20from%20SFO%20to%20NRT%20on%202027-05-19%20one%20way
2026-09-02T18:42:50+00:00,nrt-any,Tokyo (any airline),NRT,SFO,2027-05-20,634,Cathay Pacific,1,https://www.google.com/travel/flights?q=Flights%20from%20SFO%20to%20NRT%20on%202027-05-20%20one%20way
2026-09-03T18:39:20+00:00,nrt-any,Tokyo (any airline),NRT,SFO,2027-05-21,635,China Airlines,1,https://www.google.com/travel/flights?q=Flights%20from%20SFO%20to%20NRT%20on%202027-05-21%20one%20way
2026-09-01T21:46:54+00:00,nrt-any,Tokyo (any airline),NRT,SFO,2027-05-22,694,?,Unknown,https://www.google.com/travel/flights?q=Flights%20from%20SFO%20to%20NRT%20on%202027-05-22%20one%20way
2026-09-02T21:49:33+00:00,nrt-any,Tokyo (any airline),NRT,SFO,2027-05-23,694,Cathay Pacific,1,https://www.google.com/travel/flights?q=Flights%20from%20SFO%20to%20NRT%20on%202027-05-23%20one%20way
2026-09-03T21:42:38+00:00,nrt-any,Tokyo (any airline),NRT,SFO,2027-05-24,634,Cathay Pacific,1,https://www.google.com/travel/flights?q=Flights%20from%20SFO%20to%20NRT%20on%202027-05-24%20one%20way
2026-08-25T07:58:10+00:00,nrt-any,Tokyo (any airline),NRT,SFO,2027-05-25,684,?,Unknown,https://www.google.com/travel/flights?q=Flights%20from%20SFO%20to%20NRT%20on%202027-05-25%20one%20way
2026-09-02T00:14:40+00:00,nrt-any,Tokyo (any airline),NRT,SFO,2027-05-26,634,Cathay Pacific,1,https://www.google.com/travel/flights?q=Flights%20from%20SFO%20to%20NRT%20on%202027-05-26%20one%20way
2026-09-03T00:15:57+00:00,nrt-any,Tokyo (any airline),NRT,SFO,2027-05-27,634,Cathay Pacific,1,https://www.google.com/travel/flights?q=Flights%20from%20SFO%20to%20NRT%20on%202027-05-27%20one%20way
2026-09-04T00:06:22+00:00,nrt-any,Tokyo (any airline),NRT,SFO,2027-05-28,694,?,Unknown,https://www.google.com/travel/flights?q=Flights%20from%20SFO%20to%20NRT%20on%202027-05-28%20one%20way
2026-08-31T05:35:23+00:00,nrt-any,Tokyo (any airline),NRT,SFO,2027-05-29,932,Cathay Pacific,1,https://www.google.com/travel/flights?q=Flights%20from%20SFO%20to%20NRT%20on%202027-05-29%20one%20way
2026-09-02T04:34:13+00:00,nrt-any,Tokyo (any airline),NRT,SFO,2027-05-30,694,?,Unknown,https://www.google.com/travel/flights?q=Flights%20from%20SFO%20to%20NRT%20on%202027-05-30%20one%20way
2026-09-03T04:34:43+00:00,nrt-any,Tokyo (any airline),NRT,SFO,2027-05-31,634,Cathay Pacific,1,https://www.google.com/travel/flights?q=Flights%20from%20SFO%20to%20NRT%20on%202027-05-31%20one%20way
2026-09-04T04:33:42+00:00,nrt-any,Tokyo (any airline),NRT,SFO,2027-06-01,634,?,Unknown,https://www.google.com/travel/flights?q=Flights%20from%20SFO%20to%20NRT%20on%202027-06-01%20one%20way
2026-08-26T14:04:39+00:00,nrt-any,Tokyo (any airline),NRT,SFO,2027-06-02,913,EVA Air,1,https://www.google.com/travel/flights?q=Flights%20from%20SFO%20to%20NRT%20on%202027-06-02%20one%20way
2026-08-27T14:18:40+00:00,nrt-any,Tokyo (any airline),NRT,SFO,2027-06-03,913,EVA Air,1,https://www.google.com/travel/flights?q=Flights%20from%20SFO%20to%20NRT%20on%202027-06-03%20one%20way
2026-09-02T09:37:49+00:00,nrt-any,Tokyo (any airline),NRT,SFO,2027-06-04,932,Cathay Pacific,1,https://www.google.com/travel/flights?q=Flights%20from%20SFO%20to%20NRT%20on%202027-06-04%20one%20way
2026-09-03T09:50:38+00:00,nrt-any,Tokyo (any airline),NRT,SFO,2027-06-05,761,?,Unknown,https://www.google.com/travel/flights?q=Flights%20from%20SFO%20to%20NRT%20on%202027-06-05%20one%20way
2026-08-31T13:50:56+00:00,nrt-any,Tokyo (any airline),NRT,SFO,2027-06-06,932,Cathay Pacific,1,https://www.google.com/travel/flights?q=Flights%20from%20SFO%20to%20NRT%20on%202027-06-06%20one%20way
2026-08-26T19:18:45+00:00,nrt-any,Tokyo (any airline),NRT,SFO,2027-06-07,913,EVA Air,1,https://www.google.com/travel/flights?q=Flights%20from%20SFO%20to%20NRT%20on%202027-06-07%20one%20way
2026-09-01T14:53:27+00:00,nrt-any,Tokyo (any airline),NRT,SFO,2027-06-08,872,Cathay Pacific,1,https://www.google.com/travel/flights?q=Flights%20from%20SFO%20to%20NRT%20on%202027-06-08%20one%20way
2026-09-02T14:29:37+00:00,nrt-any,Tokyo (any airline),NRT,SFO,2027-06-09,872,?,Unknown,https://www.google.com/travel/flights?q=Flights%20from%20SFO%20to%20NRT%20on%202027-06-09%20one%20way
2026-09-03T14:34:41+00:00,nrt-any,Tokyo (any airline),NRT,SFO,2027-06-10,920,?,Unknown,https://www.google.com/travel/flights?q=Flights%20from%20SFO%20to%20NRT%20on%202027-06-10%20one%20way
2026-08-24T01:57:43+00:00,nrt-any,Tokyo (any airline),NRT,SFO,2027-06-11,950,EVA Air,1,https://www.google.com/travel/flights?q=Flights%20from%20SFO%20to%20NRT%20on%202027-06-11%20one%20way
2026-09-01T18:30:46+00:00,nrt-any,Tokyo (any airline),NRT,SFO,2027-06-12,932,Cathay Pacific,1,https://www.google.com/travel/flights?q=Flights%20from%20SFO%20to%20NRT%20on%202027-06-12%20one%20way
2026-09-02T18:42:50+00:00,nrt-any,Tokyo (any airline),NRT,SFO,2027-06-13,932,Cathay Pacific,1,https://www.google.com/travel/flights?q=Flights%20from%20SFO%20to%20NRT%20on%202027-06-13%20one%20way
2026-09-03T18:39:20+00:00,nrt-any,Tokyo (any airline),NRT,SFO,2027-06-14,872,?,Unknown,https://www.google.com/travel/flights?q=Flights%20from%20SFO%20to%20NRT%20on%202027-06-14%20one%20way
2026-09-01T21:46:54+00:00,nrt-any,Tokyo (any airline),NRT,SFO,2027-06-15,634,Cathay Pacific,1,https://www.google.com/travel/flights?q=Flights%20from%20SFO%20to%20NRT%20on%202027-06-15%20one%20way
2026-09-02T21:49:33+00:00,nrt-any,Tokyo (any airline),NRT,SFO,2027-06-16,634,?,Unknown,https://www.google.com/travel/flights?q=Flights%20from%20SFO%20to%20NRT%20on%202027-06-16%20one%20way
2026-09-03T21:42:38+00:00,nrt-any,Tokyo (any airline),NRT,SFO,2027-06-17,634,?,Unknown,https://www.google.com/travel/flights?q=Flights%20from%20SFO%20to%20NRT%20on%202027-06-17%20one%20way
2026-08-25T07:58:10+00:00,nrt-any,Tokyo (any airline),NRT,SFO,2027-06-18,812,Cathay Pacific,1,https://www.google.com/travel/flights?q=Flights%20from%20SFO%20to%20NRT%20on%202027-06-18%20one%20way
2026-09-02T00:14:40+00:00,nrt-any,Tokyo (any airline),NRT,SFO,2027-06-19,694,Cathay Pacific,1,https://www.google.com/travel/flights?q=Flights%20from%20SFO%20to%20NRT%20on%202027-06-19%20one%20way
2026-09-03T00:15:57+00:00,nrt-any,Tokyo (any airline),NRT,SFO,2027-06-20,694,Cathay Pacific,1,https://www.google.com/travel/flights?q=Flights%20from%20SFO%20to%20NRT%20on%202027-06-20%20one%20way
2026-09-04T00:06:22+00:00,nrt-any,Tokyo (any airline),NRT,SFO,2027-06-21,634,?,Unknown,https://www.google.com/travel/flights?q=Flights%20from%20SFO%20to%20NRT%20on%202027-06-21%20one%20way
2026-08-31T05:35:23+00:00,nrt-any,Tokyo (any airline),NRT,SFO,2027-06-22,634,?,Unknown,https://www.google.com/travel/flights?q=Flights%20from%20SFO%20to%20NRT%20on%202027-06-22%20one%20way
2026-09-02T04:34:13+00:00,nrt-any,Tokyo (any airline),NRT,SFO,2027-06-23,634,Cathay Pacific,1,https://www.google.com/travel/flights?q=Flights%20from%20SFO%20to%20NRT%20on%202027-06-23%20one%20way
2026-09-03T04:34:43+00:00,nrt-any,Tokyo (any airline),NRT,SFO,2027-06-24,634,?,Unknown,https://www.google.com/travel/flights?q=Flights%20from%20SFO%20to%20NRT%20on%202027-06-24%20one%20way
2026-09-04T04:33:42+00:00,nrt-any,Tokyo (any airline),NRT,SFO,2027-06-25,694,Cathay Pacific,1,https://www.google.com/travel/flights?q=Flights%20from%20SFO%20to%20NRT%20on%202027-06-25%20one%20way
2026-08-29T11:05:19+00:00,nrt-any,Tokyo (any airline),NRT,SFO,2027-06-26,812,Cathay Pacific,1,https://www.google.com/travel/flights?q=Flights%20from%20SFO%20to%20NRT%20on%202027-06-26%20one%20way
2026-08-27T14:18:40+00:00,nrt-any,Tokyo (any airline),NRT,SFO,2027-06-27,694,?,Unknown,https://www.google.com/travel/flights?q=Flights%20from%20SFO%20to%20NRT%20on%202027-06-27%20one%20way
2026-09-02T09:37:49+00:00,nrt-any,Tokyo (any airline),NRT,SFO,2027-06-28,634,?,Unknown,https://www.google.com/travel/flights?q=Flights%20from%20SFO%20to%20NRT%20on%202027-06-28%20one%20way
2026-09-03T09:50:38+00:00,nrt-any,Tokyo (any airline),NRT,SFO,2027-06-29,634,Cathay Pacific,1,https://www.google.com/travel/flights?q=Flights%20from%20SFO%20to%20NRT%20on%202027-06-29%20one%20way
2026-08-31T13:50:56+00:00,nrt-any,Tokyo (any airline),NRT,SFO,2027-06-30,634,Cathay Pacific,1,https://www.google.com/travel/flights?q=Flights%20from%20SFO%20to%20NRT%20on%202027-06-30%20one%20way
2026-08-26T19:18:45+00:00,nrt-any,Tokyo (any airline),NRT,SFO,2027-07-01,684,?,Unknown,https://www.google.com/travel/flights?q=Flights%20from%20SFO%20to%20NRT%20on%202027-07-01%20one%20way
2026-09-01T14:53:27+00:00,nrt-any,Tokyo (any airline),NRT,SFO,2027-07-02,694,Cathay Pacific,1,https://www.google.com/travel/flights?q=Flights%20from%20SFO%20to%20NRT%20on%202027-07-02%20one%20way
2026-09-02T14:29:37+00:00,nrt-any,Tokyo (any airline),NRT,SFO,2027-07-03,694,Cathay Pacific,1,https://www.google.com/travel/flights?q=Flights%20from%20SFO%20to%20NRT%20on%202027-07-03%20one%20way
2026-08-29T19:24:36+00:00,nrt-any,Tokyo (any airline),NRT,SFO,2027-07-04,694,Cathay Pacific,1,https://www.google.com/travel/flights?q=Flights%20from%20SFO%20to%20NRT%20on%202027-07-04%20one%20way
2026-08-24T01:57:43+00:00,nrt-any,Tokyo (any airline),NRT,SFO,2027-07-05,634,?,Unknown,https://www.google.com/travel/flights?q=Flights%20from%20SFO%20to%20NRT%20on%202027-07-05%20one%20way
2026-09-01T18:30:46+00:00,nrt-any,Tokyo (any airline),NRT,SFO,2027-07-06,634,Cathay Pacific,1,https://www.google.com/travel/flights?q=Flights%20from%20SFO%20to%20NRT%20on%202027-07-06%20one%20way
2026-09-02T18:42:50+00:00,nrt-any,Tokyo (any airline),NRT,SFO,2027-07-07,397,"Asiana Airlines, Korean Air",1,https://www.google.com/travel/flights?q=Flights%20from%20SFO%20to%20NRT%20on%202027-07-07%20one%20way
2026-09-03T18:39:20+00:00,nrt-any,Tokyo (any airline),NRT,SFO,2027-07-08,397,?,Unknown,https://www.google.com/travel/flights?q=Flights%20from%20SFO%20to%20NRT%20on%202027-07-08%20one%20way
2026-09-01T21:46:54+00:00,nrt-any,Tokyo (any airline),NRT,SFO,2027-07-09,488,Asiana Airlines,1,https://www.google.com/travel/flights?q=Flights%20from%20SFO%20to%20NRT%20on%202027-07-09%20one%20way
2026-09-02T21:49:33+00:00,nrt-any,Tokyo (any airline),NRT,SFO,2027-07-10,397,"Asiana Airlines, Korean Air",1,https://www.google.com/travel/flights?q=Flights%20from%20SFO%20to%20NRT%20on%202027-07-10%20one%20way
2026-09-03T21:42:38+00:00,nrt-any,Tokyo (any airline),NRT,SFO,2027-07-11,397,?,Unknown,https://www.google.com/travel/flights?q=Flights%20from%20SFO%20to%20NRT%20on%202027-07-11%20one%20way
2026-08-25T07:58:10+00:00,nrt-any,Tokyo (any airline),NRT,SFO,2027-07-12,397,"Asiana Airlines, Korean Air",1,https://www.google.com/travel/flights?q=Flights%20from%20SFO%20to%20NRT%20on%202027-07-12%20one%20way
2026-09-02T00:14:40+00:00,nrt-any,Tokyo (any airline),NRT,SFO,2027-07-13,397,?,Unknown,https://www.google.com/travel/flights?q=Flights%20from%20SFO%20to%20NRT%20on%202027-07-13%20one%20way
2026-09-03T00:15:57+00:00,nrt-any,Tokyo (any airline),NRT,SFO,2027-07-14,488,Asiana Airlines,1,https://www.google.com/travel/flights?q=Flights%20from%20SFO%20to%20NRT%20on%202027-07-14%20one%20way
2026-09-04T00:06:22+00:00,nrt-any,Tokyo (any airline),NRT,SFO,2027-07-15,488,?,Unknown,https://www.google.com/travel/flights?q=Flights%20from%20SFO%20to%20NRT%20on%202027-07-15%20one%20way
2026-08-31T05:35:23+00:00,nrt-any,Tokyo (any airline),NRT,SFO,2027-07-16,488,Asiana Airlines,1,https://www.google.com/travel/flights?q=Flights%20from%20SFO%20to%20NRT%20on%202027-07-16%20one%20way
2026-09-02T04:34:13+00:00,nrt-any,Tokyo (any airline),NRT,SFO,2027-07-17,488,?,Unknown,https://www.google.com/travel/flights?q=Flights%20from%20SFO%20to%20NRT%20on%202027-07-17%20one%20way
2026-09-03T04:34:43+00:00,nrt-any,Tokyo (any airline),NRT,SFO,2027-07-18,488,?,Unknown,https://www.google.com/travel/flights?q=Flights%20from%20SFO%20to%20NRT%20on%202027-07-18%20one%20way
2026-09-04T04:33:42+00:00,nrt-any,Tokyo (any airline),NRT,SFO,2027-07-19,488,Asiana Airlines,1,https://www.google.com/travel/flights?q=Flights%20from%20SFO%20to%20NRT%20on%202027-07-19%20one%20way
2026-08-29T11:05:19+00:00,nrt-any,Tokyo (any airline),NRT,SFO,2027-07-20,397,"Asiana Airlines, Korean Air",1,https://www.google.com/travel/flights?q=Flights%20from%20SFO%20to%20NRT%20on%202027-07-20%20one%20way
2026-08-27T14:18:40+00:00,nrt-any,Tokyo (any airline),NRT,SFO,2027-07-21,397,"Asiana Airlines, Korean Air",1,https://www.google.com/travel/flights?q=Flights%20from%20SFO%20to%20NRT%20on%202027-07-21%20one%20way
2026-09-02T09:37:49+00:00,nrt-any,Tokyo (any airline),NRT,SFO,2027-07-22,397,?,Unknown,https://www.google.com/travel/flights?q=Flights%20from%20SFO%20to%20NRT%20on%202027-07-22%20one%20way
2026-08-31T13:50:56+00:00,nrt-any,Tokyo (any airline),NRT,SFO,2027-07-24,397,"Asiana Airlines, Korean Air",1,https://www.google.com/travel/flights?q=Flights%20from%20SFO%20to%20NRT%20on%202027-07-24%20one%20way
2026-09-01T14:53:27+00:00,nrt-any,Tokyo (any airline),NRT,SFO,2027-07-26,397,?,Unknown,https://www.google.com/travel/flights?q=Flights%20from%20SFO%20to%20NRT%20on%202027-07-26%20one%20way
2026-09-02T14:29:37+00:00,nrt-any,Tokyo (any airline),NRT,SFO,2027-07-27,397,"Asiana Airlines, Korean Air",1,https://www.google.com/travel/flights?q=Flights%20from%20SFO%20to%20NRT%20on%202027-07-27%20one%20way
2026-09-03T14:34:41+00:00,nrt-any,Tokyo (any airline),NRT,SFO,2027-07-28,397,"Asiana Airlines, Korean Air",1,https://www.google.com/travel/flights?q=Flights%20from%20SFO%20to%20NRT%20on%202027-07-28%20one%20way
2026-07-22T00:12:17+00:00,nrt-any,Tokyo (any airline),NRT,SJC,2026-07-24,583,?,Unknown,https://www.google.com/travel/flights?q=Flights%20from%20SJC%20to%20NRT%20on%202026-07-24%20one%20way
2026-07-29T00:14:15+00:00,nrt-any,Tokyo (any airline),NRT,SJC,2026-07-31,651,?,Unknown,https://www.google.com/travel/flights?q=Flights%20from%20SJC%20to%20NRT%20on%202026-07-31%20one%20way
2026-07-25T06:37:16+00:00,nrt-any,Tokyo (any airline),NRT,SJC,2026-08-02,234,ZIPAIR Tokyo,0,https://www.google.com/travel/flights?q=Flights%20from%20SJC%20to%20NRT%20on%202026-08-02%20one%20way
2026-07-28T07:59:05+00:00,nrt-any,Tokyo (any airline),NRT,SJC,2026-08-06,234,ZIPAIR Tokyo,0,https://www.google.com/travel/flights?q=Flights%20from%20SJC%20to%20NRT%20on%202026-08-06%20one%20way
2026-07-25T11:47:25+00:00,nrt-any,Tokyo (any airline),NRT,SJC,2026-08-07,601,?,Unknown,https://www.google.com/travel/flights?q=Flights%20from%20SJC%20to%20NRT%20on%202026-08-07%20one%20way
2026-08-06T00:14:35+00:00,nrt-any,Tokyo (any airline),NRT,SJC,2026-08-08,467,"Alaska, JAL",1,https://www.google.com/travel/flights?q=Flights%20from%20SJC%20to%20NRT%20on%202026-08-08%20one%20way
2026-08-01T06:47:22+00:00,nrt-any,Tokyo (any airline),NRT,SJC,2026-08-09,234,?,Unknown,https://www.google.com/travel/flights?q=Flights%20from%20SJC%20to%20NRT%20on%202026-08-09%20one%20way
2026-08-07T01:52:32+00:00,nrt-any,Tokyo (any airline),NRT,SJC,2026-08-10,538,"American, JAL",2,https://www.google.com/travel/flights?q=Flights%20from%20SJC%20to%20NRT%20on%202026-08-10%20one%20way
2026-07-25T15:51:33+00:00,nrt-any,Tokyo (any airline),NRT,SJC,2026-08-11,234,?,Unknown,https://www.google.com/travel/flights?q=Flights%20from%20SJC%20to%20NRT%20on%202026-08-11%20one%20way
2026-08-04T06:40:28+00:00,nrt-any,Tokyo (any airline),NRT,SJC,2026-08-12,481,"Alaska, JAL",1,https://www.google.com/travel/flights?q=Flights%20from%20SJC%20to%20NRT%20on%202026-08-12%20one%20way
2026-08-03T08:52:37+00:00,nrt-any,Tokyo (any airline),NRT,SJC,2026-08-13,234,ZIPAIR Tokyo,0,https://www.google.com/travel/flights?q=Flights%20from%20SJC%20to%20NRT%20on%202026-08-13%20one%20way
2026-08-08T04:32:02+00:00,nrt-any,Tokyo (any airline),NRT,SJC,2026-08-14,497,"Alaska, JAL",1,https://www.google.com/travel/flights?q=Flights%20from%20SJC%20to%20NRT%20on%202026-08-14%20one%20way
2026-08-09T04:48:21+00:00,nrt-any,Tokyo (any airline),NRT,SJC,2026-08-15,497,"Alaska, JAL",1,https://www.google.com/travel/flights?q=Flights%20from%20SJC%20to%20NRT%20on%202026-08-15%20one%20way
2026-08-02T12:42:33+00:00,nrt-any,Tokyo (any airline),NRT,SJC,2026-08-16,284,ZIPAIR Tokyo,0,https://www.google.com/travel/flights?q=Flights%20from%20SJC%20to%20NRT%20on%202026-08-16%20one%20way
2026-08-11T04:06:22+00:00,nrt-any,Tokyo (any airline),NRT,SJC,2026-08-17,497,"Alaska, JAL",1,https://www.google.com/travel/flights?q=Flights%20from%20SJC%20to%20NRT%20on%202026-08-17%20one%20way
2026-08-07T09:43:11+00:00,nrt-any,Tokyo (any airline),NRT,SJC,2026-08-18,538,"Alaska, JAL",1,https://www.google.com/travel/flights?q=Flights%20from%20SJC%20to%20NRT%20on%202026-08-18%20one%20way
2026-08-12T05:49:38+00:00,nrt-any,Tokyo (any airline),NRT,SJC,2026-08-19,497,?,Unknown,https://www.google.com/travel/flights?q=Flights%20from%20SJC%20to%20NRT%20on%202026-08-19%20one%20way
2026-08-15T03:08:02+00:00,nrt-any,Tokyo (any airline),NRT,SJC,2026-08-20,497,"Alaska, JAL",1,https://www.google.com/travel/flights?q=Flights%20from%20SJC%20to%20NRT%20on%202026-08-20%20one%20way
2026-08-16T03:28:42+00:00,nrt-any,Tokyo (any airline),NRT,SJC,2026-08-21,497,"Alaska, JAL",1,https://www.google.com/travel/flights?q=Flights%20from%20SJC%20to%20NRT%20on%202026-08-21%20one%20way
2026-08-17T03:29:29+00:00,nrt-any,Tokyo (any airline),NRT,SJC,2026-08-22,497,"Alaska, JAL",1,https://www.google.com/travel/flights?q=Flights%20from%20SJC%20to%20NRT%20on%202026-08-22%20one%20way
2026-08-18T03:13:06+00:00,nrt-any,Tokyo (any airline),NRT,SJC,2026-08-23,497,"Alaska, JAL",1,https://www.google.com/travel/flights?q=Flights%20from%20SJC%20to%20NRT%20on%202026-08-23%20one%20way
2026-08-21T01:57:35+00:00,nrt-any,Tokyo (any airline),NRT,SJC,2026-08-24,527,Alaska,1,https://www.google.com/travel/flights?q=Flights%20from%20SJC%20to%20NRT%20on%202026-08-24%20one%20way
2026-08-22T01:50:09+00:00,nrt-any,Tokyo (any airline),NRT,SJC,2026-08-25,527,Alaska,1,https://www.google.com/travel/flights?q=Flights%20from%20SJC%20to%20NRT%20on%202026-08-25%20one%20way
2026-08-23T01:59:42+00:00,nrt-any,Tokyo (any airline),NRT,SJC,2026-08-26,527,Alaska,1,https://www.google.com/travel/flights?q=Flights%20from%20SJC%20to%20NRT%20on%202026-08-26%20one%20way
2026-08-24T01:57:43+00:00,nrt-any,Tokyo (any airline),NRT,SJC,2026-08-27,527,?,Unknown,https://www.google.com/travel/flights?q=Flights%20from%20SJC%20to%20NRT%20on%202026-08-27%20one%20way
2026-08-25T01:52:31+00:00,nrt-any,Tokyo (any airline),NRT,SJC,2026-08-28,527,Alaska,1,https://www.google.com/travel/flights?q=Flights%20from%20SJC%20to%20NRT%20on%202026-08-28%20one%20way
2026-08-26T01:58:19+00:00,nrt-any,Tokyo (any airline),NRT,SJC,2026-08-29,527,Alaska,1,https://www.google.com/travel/flights?q=Flights%20from%20SJC%20to%20NRT%20on%202026-08-29%20one%20way
2026-08-25T03:59:31+00:00,nrt-any,Tokyo (any airline),NRT,SJC,2026-08-30,527,?,Unknown,https://www.google.com/travel/flights?q=Flights%20from%20SJC%20to%20NRT%20on%202026-08-30%20one%20way
2026-08-26T03:17:57+00:00,nrt-any,Tokyo (any airline),NRT,SJC,2026-08-31,527,Alaska,1,https://www.google.com/travel/flights?q=Flights%20from%20SJC%20to%20NRT%20on%202026-08-31%20one%20way
2026-08-27T03:19:35+00:00,nrt-any,Tokyo (any airline),NRT,SJC,2026-09-01,529,"Alaska, Cathay Pacific",2,https://www.google.com/travel/flights?q=Flights%20from%20SJC%20to%20NRT%20on%202026-09-01%20one%20way
2026-08-30T01:15:23+00:00,nrt-any,Tokyo (any airline),NRT,SJC,2026-09-02,516,?,Unknown,https://www.google.com/travel/flights?q=Flights%20from%20SJC%20to%20NRT%20on%202026-09-02%20one%20way
2026-08-25T07:58:10+00:00,nrt-any,Tokyo (any airline),NRT,SJC,2026-09-03,529,"Alaska, Cathay Pacific",2,https://www.google.com/travel/flights?q=Flights%20from%20SJC%20to%20NRT%20on%202026-09-03%20one%20way
2026-09-02T00:14:40+00:00,nrt-any,Tokyo (any airline),NRT,SJC,2026-09-04,802,"Alaska, EVA Air",2,https://www.google.com/travel/flights?q=Flights%20from%20SJC%20to%20NRT%20on%202026-09-04%20one%20way
2026-09-03T00:15:57+00:00,nrt-any,Tokyo (any airline),NRT,SJC,2026-09-05,551,United,1,https://www.google.com/travel/flights?q=Flights%20from%20SJC%20to%20NRT%20on%202026-09-05%20one%20way
2026-09-04T00:06:22+00:00,nrt-any,Tokyo (any airline),NRT,SJC,2026-09-06,544,"Delta, Korean Air",2,https://www.google.com/travel/flights?q=Flights%20from%20SJC%20to%20NRT%20on%202026-09-06%20one%20way
2026-08-30T06:40:33+00:00,nrt-any,Tokyo (any airline),NRT,SJC,2026-09-07,516,"Alaska, Cathay Pacific",2,https://www.google.com/travel/flights?q=Flights%20from%20SJC%20to%20NRT%20on%202026-09-07%20one%20way
2026-09-02T04:34:13+00:00,nrt-any,Tokyo (any airline),NRT,SJC,2026-09-08,504,Alaska,1,https://www.google.com/travel/flights?q=Flights%20from%20SJC%20to%20NRT%20on%202026-09-08%20one%20way
2026-09-03T04:34:43+00:00,nrt-any,Tokyo (any airline),NRT,SJC,2026-09-09,516,"Alaska, Cathay Pacific",2,https://www.google.com/travel/flights?q=Flights%20from%20SJC%20to%20NRT%20on%202026-09-09%20one%20way
2026-08-28T11:23:35+00:00,nrt-any,Tokyo (any airline),NRT,SJC,2026-09-10,529,"Alaska, Cathay Pacific",2,https://www.google.com/travel/flights?q=Flights%20from%20SJC%20to%20NRT%20on%202026-09-10%20one%20way
2026-08-29T11:05:19+00:00,nrt-any,Tokyo (any airline),NRT,SJC,2026-09-11,595,"Alaska, JAL",1,https://www.google.com/travel/flights?q=Flights%20from%20SJC%20to%20NRT%20on%202026-09-11%20one%20way
2026-08-27T14:18:40+00:00,nrt-any,Tokyo (any airline),NRT,SJC,2026-09-12,546,Alaska,1,https://www.google.com/travel/flights?q=Flights%20from%20SJC%20to%20NRT%20on%202026-09-12%20one%20way
2026-09-02T09:37:49+00:00,nrt-any,Tokyo (any airline),NRT,SJC,2026-09-13,504,Alaska,1,https://www.google.com/travel/flights?q=Flights%20from%20SJC%20to%20NRT%20on%202026-09-13%20one%20way
2026-09-03T09:50:38+00:00,nrt-any,Tokyo (any airline),NRT,SJC,2026-09-14,516,"Alaska, Cathay Pacific",2,https://www.google.com/travel/flights?q=Flights%20from%20SJC%20to%20NRT%20on%202026-09-14%20one%20way
2026-08-31T13:50:56+00:00,nrt-any,Tokyo (any airline),NRT,SJC,2026-09-15,516,"Alaska, Cathay Pacific",2,https://www.google.com/travel/flights?q=Flights%20from%20SJC%20to%20NRT%20on%202026-09-15%20one%20way
2026-08-26T19:18:45+00:00,nrt-any,Tokyo (any airline),NRT,SJC,2026-09-16,486,?,Unknown,https://www.google.com/travel/flights?q=Flights%20from%20SJC%20to%20NRT%20on%202026-09-16%20one%20way
2026-08-25T21:44:07+00:00,nrt-any,Tokyo (any airline),NRT,SJC,2026-09-17,595,"Alaska, JAL",1,https://www.google.com/travel/flights?q=Flights%20from%20SJC%20to%20NRT%20on%202026-09-17%20one%20way
2026-09-02T14:29:37+00:00,nrt-any,Tokyo (any airline),NRT,SJC,2026-09-18,569,Alaska,1,https://www.google.com/travel/flights?q=Flights%20from%20SJC%20to%20NRT%20on%202026-09-18%20one%20way
2026-08-29T19:24:36+00:00,nrt-any,Tokyo (any airline),NRT,SJC,2026-09-19,546,?,Unknown,https://www.google.com/travel/flights?q=Flights%20from%20SJC%20to%20NRT%20on%202026-09-19%20one%20way
2026-08-24T01:57:43+00:00,nrt-any,Tokyo (any airline),NRT,SJC,2026-09-20,548,"Alaska, JAL",1,https://www.google.com/travel/flights?q=Flights%20from%20SJC%20to%20NRT%20on%202026-09-20%20one%20way
2026-09-01T18:30:46+00:00,nrt-any,Tokyo (any airline),NRT,SJC,2026-09-21,413,Alaska,1,https://www.google.com/travel/flights?q=Flights%20from%20SJC%20to%20NRT%20on%202026-09-21%20one%20way
2026-09-02T18:42:50+00:00,nrt-any,Tokyo (any airline),NRT,SJC,2026-09-22,579,"Alaska, Cathay Pacific",3,https://www.google.com/travel/flights?q=Flights%20from%20SJC%20to%20NRT%20on%202026-09-22%20one%20way
2026-09-03T18:39:20+00:00,nrt-any,Tokyo (any airline),NRT,SJC,2026-09-23,615,?,Unknown,https://www.google.com/travel/flights?q=Flights%20from%20SJC%20to%20NRT%20on%202026-09-23%20one%20way
2026-09-01T21:46:54+00:00,nrt-any,Tokyo (any airline),NRT,SJC,2026-09-24,605,Alaska,1,https://www.google.com/travel/flights?q=Flights%20from%20SJC%20to%20NRT%20on%202026-09-24%20one%20way
2026-08-31T23:50:53+00:00,nrt-any,Tokyo (any airline),NRT,SJC,2026-09-25,845,?,Unknown,https://www.google.com/travel/flights?q=Flights%20from%20SJC%20to%20NRT%20on%202026-09-25%20one%20way
2026-09-03T21:42:38+00:00,nrt-any,Tokyo (any airline),NRT,SJC,2026-09-26,563,"Alaska, JAL",2,https://www.google.com/travel/flights?q=Flights%20from%20SJC%20to%20NRT%20on%202026-09-26%20one%20way
2026-08-25T07:58:10+00:00,nrt-any,Tokyo (any airline),NRT,SJC,2026-09-27,588,American,1,https://www.google.com/travel/flights?q=Flights%20from%20SJC%20to%20NRT%20on%202026-09-27%20one%20way
2026-09-02T00:14:40+00:00,nrt-any,Tokyo (any airline),NRT,SJC,2026-09-28,563,"Alaska, JAL",2,https://www.google.com/travel/flights?q=Flights%20from%20SJC%20to%20NRT%20on%202026-09-28%20one%20way
2026-09-03T00:15:57+00:00,nrt-any,Tokyo (any airline),NRT,SJC,2026-09-29,548,"Alaska, JAL",1,https://www.google.com/travel/flights?q=Flights%20from%20SJC%20to%20NRT%20on%202026-09-29%20one%20way
2026-09-04T00:06:22+00:00,nrt-any,Tokyo (any airline),NRT,SJC,2026-09-30,619,Alaska,1,https://www.google.com/travel/flights?q=Flights%20from%20SJC%20to%20NRT%20on%202026-09-30%20one%20way
2026-08-30T06:40:33+00:00,nrt-any,Tokyo (any airline),NRT,SJC,2026-10-01,696,United,2,https://www.google.com/travel/flights?q=Flights%20from%20SJC%20to%20NRT%20on%202026-10-01%20one%20way
2026-09-02T04:34:13+00:00,nrt-any,Tokyo (any airline),NRT,SJC,2026-10-02,742,?,Unknown,https://www.google.com/travel/flights?q=Flights%20from%20SJC%20to%20NRT%20on%202026-10-02%20one%20way
2026-09-03T04:34:43+00:00,nrt-any,Tokyo (any airline),NRT,SJC,2026-10-03,578,?,Unknown,https://www.google.com/travel/flights?q=Flights%20from%20SJC%20to%20NRT%20on%202026-10-03%20one%20way
2026-09-04T04:33:42+00:00,nrt-any,Tokyo (any airline),NRT,SJC,2026-10-04,581,American,2,https://www.google.com/travel/flights?q=Flights%20from%20SJC%20to%20NRT%20on%202026-10-04%20one%20way
2026-08-29T11:05:19+00:00,nrt-any,Tokyo (any airline),NRT,SJC,2026-10-05,581,?,Unknown,https://www.google.com/travel/flights?q=Flights%20from%20SJC%20to%20NRT%20on%202026-10-05%20one%20way
2026-08-27T14:18:40+00:00,nrt-any,Tokyo (any airline),NRT,SJC,2026-10-06,581,?,Unknown,https://www.google.com/travel/flights?q=Flights%20from%20SJC%20to%20NRT%20on%202026-10-06%20one%20way
2026-09-02T09:37:49+00:00,nrt-any,Tokyo (any airline),NRT,SJC,2026-10-07,625,American,2,https://www.google.com/travel/flights?q=Flights%20from%20SJC%20to%20NRT%20on%202026-10-07%20one%20way
2026-09-03T09:50:38+00:00,nrt-any,Tokyo (any airline),NRT,SJC,2026-10-08,631,?,Unknown,https://www.google.com/travel/flights?q=Flights%20from%20SJC%20to%20NRT%20on%202026-10-08%20one%20way
2026-08-31T13:50:56+00:00,nrt-any,Tokyo (any airline),NRT,SJC,2026-10-09,787,?,Unknown,https://www.google.com/travel/flights?q=Flights%20from%20SJC%20to%20NRT%20on%202026-10-09%20one%20way
2026-08-26T19:18:45+00:00,nrt-any,Tokyo (any airline),NRT,SJC,2026-10-10,575,?,Unknown,https://www.google.com/travel/flights?q=Flights%20from%20SJC%20to%20NRT%20on%202026-10-10%20one%20way
2026-09-01T14:53:27+00:00,nrt-any,Tokyo (any airline),NRT,SJC,2026-10-11,499,American,1,https://www.google.com/travel/flights?q=Flights%20from%20SJC%20to%20NRT%20on%202026-10-11%20one%20way
2026-09-02T14:29:37+00:00,nrt-any,Tokyo (any airline),NRT,SJC,2026-10-12,517,Alaska,1,https://www.google.com/travel/flights?q=Flights%20from%20SJC%20to%20NRT%20on%202026-10-12%20one%20way
2026-08-29T19:24:36+00:00,nrt-any,Tokyo (any airline),NRT,SJC,2026-10-13,575,Alaska,2,https://www.google.com/travel/flights?q=Flights%20from%20SJC%20to%20NRT%20on%202026-10-13%20one%20way
2026-08-24T01:57:43+00:00,nrt-any,Tokyo (any airline),NRT,SJC,2026-10-14,625,?,Unknown,https://www.google.com/travel/flights?q=Flights%20from%20SJC%20to%20NRT%20on%202026-10-14%20one%20way
2026-09-01T18:30:46+00:00,nrt-any,Tokyo (any airline),NRT,SJC,2026-10-15,583,Alaska,2,https://www.google.com/travel/flights?q=Flights%20from%20SJC%20to%20NRT%20on%202026-10-15%20one%20way
2026-09-02T18:42:50+00:00,nrt-any,Tokyo (any airline),NRT,SJC,2026-10-16,625,?,Unknown,https://www.google.com/travel/flights?q=Flights%20from%20SJC%20to%20NRT%20on%202026-10-16%20one%20way
2026-09-03T18:39:20+00:00,nrt-any,Tokyo (any airline),NRT,SJC,2026-10-17,575,American,2,https://www.google.com/travel/flights?q=Flights%20from%20SJC%20to%20NRT%20on%202026-10-17%20one%20way
2026-09-01T21:46:54+00:00,nrt-any,Tokyo (any airline),NRT,SJC,2026-10-18,575,American,2,https://www.google.com/travel/flights?q=Flights%20from%20SJC%20to%20NRT%20on%202026-10-18%20one%20way
2026-09-02T21:49:33+00:00,nrt-any,Tokyo (any airline),NRT,SJC,2026-10-19,548,"Alaska, JAL",1,https://www.google.com/travel/flights?q=Flights%20from%20SJC%20to%20NRT%20on%202026-10-19%20one%20way
2026-09-03T21:42:38+00:00,nrt-any,Tokyo (any airline),NRT,SJC,2026-10-20,559,"Alaska, JAL",1,https://www.google.com/travel/flights?q=Flights%20from%20SJC%20to%20NRT%20on%202026-10-20%20one%20way
2026-08-25T07:58:10+00:00,nrt-any,Tokyo (any airline),NRT,SJC,2026-10-21,625,American,2,https://www.google.com/travel/flights?q=Flights%20from%20SJC%20to%20NRT%20on%202026-10-21%20one%20way
2026-09-02T00:14:40+00:00,nrt-any,Tokyo (any airline),NRT,SJC,2026-10-22,625,?,Unknown,https://www.google.com/travel/flights?q=Flights%20from%20SJC%20to%20NRT%20on%202026-10-22%20one%20way
2026-09-03T00:15:57+00:00,nrt-any,Tokyo (any airline),NRT,SJC,2026-10-23,595,?,Unknown,https://www.google.com/travel/flights?q=Flights%20from%20SJC%20to%20NRT%20on%202026-10-23%20one%20way
2026-09-04T00:06:22+00:00,nrt-any,Tokyo (any airline),NRT,SJC,2026-10-24,544,"Alaska, JAL",2,https://www.google.com/travel/flights?q=Flights%20from%20SJC%20to%20NRT%20on%202026-10-24%20one%20way
2026-08-30T06:40:33+00:00,nrt-any,Tokyo (any airline),NRT,SJC,2026-10-25,562,"Alaska, JAL",2,https://www.google.com/travel/flights?q=Flights%20from%20SJC%20to%20NRT%20on%202026-10-25%20one%20way
2026-09-02T04:34:13+00:00,nrt-any,Tokyo (any airline),NRT,SJC,2026-10-26,504,Alaska,1,https://www.google.com/travel/flights?q=Flights%20from%20SJC%20to%20NRT%20on%202026-10-26%20one%20way
2026-09-03T04:34:43+00:00,nrt-any,Tokyo (any airline),NRT,SJC,2026-10-27,553,"Alaska, JAL",2,https://www.google.com/travel/flights?q=Flights%20from%20SJC%20to%20NRT%20on%202026-10-27%20one%20way
2026-08-28T11:23:35+00:00,nrt-any,Tokyo (any airline),NRT,SJC,2026-10-28,607,"Alaska, JAL",2,https://www.google.com/travel/flights?q=Flights%20from%20SJC%20to%20NRT%20on%202026-10-28%20one%20way
2026-08-29T11:05:19+00:00,nrt-any,Tokyo (any airline),NRT,SJC,2026-10-29,625,American,2,https://www.google.com/travel/flights?q=Flights%20from%20SJC%20to%20NRT%20on%202026-10-29%20one%20way
2026-08-27T14:18:40+00:00,nrt-any,Tokyo (any airline),NRT,SJC,2026-10-30,625,?,Unknown,https://www.google.com/travel/flights?q=Flights%20from%20SJC%20to%20NRT%20on%202026-10-30%20one%20way
2026-09-02T09:37:49+00:00,nrt-any,Tokyo (any airline),NRT,SJC,2026-10-31,517,Alaska,1,https://www.google.com/travel/flights?q=Flights%20from%20SJC%20to%20NRT%20on%202026-10-31%20one%20way
2026-09-03T09:50:38+00:00,nrt-any,Tokyo (any airline),NRT,SJC,2026-11-01,548,"Alaska, JAL",1,https://www.google.com/travel/flights?q=Flights%20from%20SJC%20to%20NRT%20on%202026-11-01%20one%20way
2026-08-31T13:50:56+00:00,nrt-any,Tokyo (any airline),NRT,SJC,2026-11-02,516,"Alaska, Cathay Pacific",2,https://www.google.com/travel/flights?q=Flights%20from%20SJC%20to%20NRT%20on%202026-11-02%20one%20way
2026-08-26T19:18:45+00:00,nrt-any,Tokyo (any airline),NRT,SJC,2026-11-03,529,?,Unknown,https://www.google.com/travel/flights?q=Flights%20from%20SJC%20to%20NRT%20on%202026-11-03%20one%20way
2026-09-01T14:53:27+00:00,nrt-any,Tokyo (any airline),NRT,SJC,2026-11-04,514,?,Unknown,https://www.google.com/travel/flights?q=Flights%20from%20SJC%20to%20NRT%20on%202026-11-04%20one%20way
2026-09-02T14:29:37+00:00,nrt-any,Tokyo (any airline),NRT,SJC,2026-11-05,516,"Alaska, Cathay Pacific",2,https://www.google.com/travel/flights?q=Flights%20from%20SJC%20to%20NRT%20on%202026-11-05%20one%20way
2026-08-29T19:24:36+00:00,nrt-any,Tokyo (any airline),NRT,SJC,2026-11-06,631,?,Unknown,https://www.google.com/travel/flights?q=Flights%20from%20SJC%20to%20NRT%20on%202026-11-06%20one%20way
2026-08-24T01:57:43+00:00,nrt-any,Tokyo (any airline),NRT,SJC,2026-11-07,544,?,Unknown,https://www.google.com/travel/flights?q=Flights%20from%20SJC%20to%20NRT%20on%202026-11-07%20one%20way
2026-09-01T18:30:46+00:00,nrt-any,Tokyo (any airline),NRT,SJC,2026-11-08,559,"Alaska, JAL",1,https://www.google.com/travel/flights?q=Flights%20from%20SJC%20to%20NRT%20on%202026-11-08%20one%20way
2026-09-02T18:42:50+00:00,nrt-any,Tokyo (any airline),NRT,SJC,2026-11-09,500,Alaska,2,https://www.google.com/travel/flights?q=Flights%20from%20SJC%20to%20NRT%20on%202026-11-09%20one%20way
2026-09-03T18:39:20+00:00,nrt-any,Tokyo (any airline),NRT,SJC,2026-11-10,516,"Alaska, Cathay Pacific",2,https://www.google.com/travel/flights?q=Flights%20from%20SJC%20to%20NRT%20on%202026-11-10%20one%20way
2026-09-01T21:46:54+00:00,nrt-any,Tokyo (any airline),NRT,SJC,2026-11-11,516,"Alaska, Cathay Pacific",2,https://www.google.com/travel/flights?q=Flights%20from%20SJC%20to%20NRT%20on%202026-11-11%20one%20way
2026-09-02T21:49:33+00:00,nrt-any,Tokyo (any airline),NRT,SJC,2026-11-12,516,"Alaska, Cathay Pacific",2,https://www.google.com/travel/flights?q=Flights%20from%20SJC%20to%20NRT%20on%202026-11-12%20one%20way
2026-09-03T21:42:38+00:00,nrt-any,Tokyo (any airline),NRT,SJC,2026-11-13,576,?,Unknown,https://www.google.com/travel/flights?q=Flights%20from%20SJC%20to%20NRT%20on%202026-11-13%20one%20way
2026-08-25T07:58:10+00:00,nrt-any,Tokyo (any airline),NRT,SJC,2026-11-14,544,"Alaska, JAL",2,https://www.google.com/travel/flights?q=Flights%20from%20SJC%20to%20NRT%20on%202026-11-14%20one%20way
2026-09-02T00:14:40+00:00,nrt-any,Tokyo (any airline),NRT,SJC,2026-11-15,548,"Alaska, JAL",1,https://www.google.com/travel/flights?q=Flights%20from%20SJC%20to%20NRT%20on%202026-11-15%20one%20way
2026-09-03T00:15:57+00:00,nrt-any,Tokyo (any airline),NRT,SJC,2026-11-16,504,Alaska,1,https://www.google.com/travel/flights?q=Flights%20from%20SJC%20to%20NRT%20on%202026-11-16%20one%20way
2026-09-04T00:06:22+00:00,nrt-any,Tokyo (any airline),NRT,SJC,2026-11-17,516,?,Unknown,https://www.google.com/travel/flights?q=Flights%20from%20SJC%20to%20NRT%20on%202026-11-17%20one%20way
2026-08-30T06:40:33+00:00,nrt-any,Tokyo (any airline),NRT,SJC,2026-11-18,516,"Alaska, Cathay Pacific",2,https://www.google.com/travel/flights?q=Flights%20from%20SJC%20to%20NRT%20on%202026-11-18%20one%20way
2026-09-01T05:08:23+00:00,nrt-any,Tokyo (any airline),NRT,SJC,2026-11-19,849,"Delta, Korean Air",2,https://www.google.com/travel/flights?q=Flights%20from%20SJC%20to%20NRT%20on%202026-11-19%20one%20way
2026-09-03T04:34:43+00:00,nrt-any,Tokyo (any airline),NRT,SJC,2026-11-20,964,?,Unknown,https://www.google.com/travel/flights?q=Flights%20from%20SJC%20to%20NRT%20on%202026-11-20%20one%20way
2026-09-04T04:33:42+00:00,nrt-any,Tokyo (any airline),NRT,SJC,2026-11-21,576,?,Unknown,https://www.google.com/travel/flights?q=Flights%20from%20SJC%20to%20NRT%20on%202026-11-21%20one%20way
2026-08-29T11:05:19+00:00,nrt-any,Tokyo (any airline),NRT,SJC,2026-11-22,575,?,Unknown,https://www.google.com/travel/flights?q=Flights%20from%20SJC%20to%20NRT%20on%202026-11-22%20one%20way
2026-08-27T14:18:40+00:00,nrt-any,Tokyo (any airline),NRT,SJC,2026-11-23,552,"Alaska, JAL",2,https://www.google.com/travel/flights?q=Flights%20from%20SJC%20to%20NRT%20on%202026-11-23%20one%20way
2026-09-02T09:37:49+00:00,nrt-any,Tokyo (any airline),NRT,SJC,2026-11-24,504,Alaska,1,https://www.google.com/travel/flights?q=Flights%20from%20SJC%20to%20NRT%20on%202026-11-24%20one%20way
2026-09-03T09:50:38+00:00,nrt-any,Tokyo (any airline),NRT,SJC,2026-11-25,516,"Alaska, Cathay Pacific",2,https://www.google.com/travel/flights?q=Flights%20from%20SJC%20to%20NRT%20on%202026-11-25%20one%20way
2026-08-31T13:50:56+00:00,nrt-any,Tokyo (any airline),NRT,SJC,2026-11-26,516,"Alaska, Cathay Pacific",2,https://www.google.com/travel/flights?q=Flights%20from%20SJC%20to%20NRT%20on%202026-11-26%20one%20way
2026-08-26T19:18:45+00:00,nrt-any,Tokyo (any airline),NRT,SJC,2026-11-27,589,?,Unknown,https://www.google.com/travel/flights?q=Flights%20from%20SJC%20to%20NRT%20on%202026-11-27%20one%20way
2026-09-01T14:53:27+00:00,nrt-any,Tokyo (any airline),NRT,SJC,2026-11-28,486,?,Unknown,https://www.google.com/travel/flights?q=Flights%20from%20SJC%20to%20NRT%20on%202026-11-28%20one%20way
2026-09-02T14:29:37+00:00,nrt-any,Tokyo (any airline),NRT,SJC,2026-11-29,575,American,2,https://www.google.com/travel/flights?q=Flights%20from%20SJC%20to%20NRT%20on%202026-11-29%20one%20way
2026-08-29T19:24:36+00:00,nrt-any,Tokyo (any airline),NRT,SJC,2026-11-30,575,?,Unknown,https://www.google.com/travel/flights?q=Flights%20from%20SJC%20to%20NRT%20on%202026-11-30%20one%20way
2026-08-24T01:57:43+00:00,nrt-any,Tokyo (any airline),NRT,SJC,2026-12-01,548,"Alaska, JAL",1,https://www.google.com/travel/flights?q=Flights%20from%20SJC%20to%20NRT%20on%202026-12-01%20one%20way
2026-09-01T18:30:46+00:00,nrt-any,Tokyo (any airline),NRT,SJC,2026-12-02,473,?,Unknown,https://www.google.com/travel/flights?q=Flights%20from%20SJC%20to%20NRT%20on%202026-12-02%20one%20way
2026-09-02T18:42:50+00:00,nrt-any,Tokyo (any airline),NRT,SJC,2026-12-03,569,?,Unknown,https://www.google.com/travel/flights?q=Flights%20from%20SJC%20to%20NRT%20on%202026-12-03%20one%20way
2026-09-03T18:39:20+00:00,nrt-any,Tokyo (any airline),NRT,SJC,2026-12-04,591,?,Unknown,https://www.google.com/travel/flights?q=Flights%20from%20SJC%20to%20NRT%20on%202026-12-04%20one%20way
2026-09-01T21:46:54+00:00,nrt-any,Tokyo (any airline),NRT,SJC,2026-12-05,544,"Alaska, JAL",2,https://www.google.com/travel/flights?q=Flights%20from%20SJC%20to%20NRT%20on%202026-12-05%20one%20way
2026-09-02T21:49:33+00:00,nrt-any,Tokyo (any airline),NRT,SJC,2026-12-06,504,Alaska,1,https://www.google.com/travel/flights?q=Flights%20from%20SJC%20to%20NRT%20on%202026-12-06%20one%20way
2026-09-03T21:42:38+00:00,nrt-any,Tokyo (any airline),NRT,SJC,2026-12-07,544,"Alaska, JAL",2,https://www.google.com/travel/flights?q=Flights%20from%20SJC%20to%20NRT%20on%202026-12-07%20one%20way
2026-08-25T07:58:10+00:00,nrt-any,Tokyo (any airline),NRT,SJC,2026-12-08,544,"Alaska, JAL",2,https://www.google.com/travel/flights?q=Flights%20from%20SJC%20to%20NRT%20on%202026-12-08%20one%20way
2026-09-02T00:14:40+00:00,nrt-any,Tokyo (any airline),NRT,SJC,2026-12-09,548,"Alaska, JAL",1,https://www.google.com/travel/flights?q=Flights%20from%20SJC%20to%20NRT%20on%202026-12-09%20one%20way
2026-09-03T00:15:57+00:00,nrt-any,Tokyo (any airline),NRT,SJC,2026-12-10,591,"Alaska, JAL",2,https://www.google.com/travel/flights?q=Flights%20from%20SJC%20to%20NRT%20on%202026-12-10%20one%20way
2026-09-04T00:06:22+00:00,nrt-any,Tokyo (any airline),NRT,SJC,2026-12-11,591,"Alaska, JAL",2,https://www.google.com/travel/flights?q=Flights%20from%20SJC%20to%20NRT%20on%202026-12-11%20one%20way
2026-08-30T06:40:33+00:00,nrt-any,Tokyo (any airline),NRT,SJC,2026-12-12,588,American,1,https://www.google.com/travel/flights?q=Flights%20from%20SJC%20to%20NRT%20on%202026-12-12%20one%20way
2026-09-02T04:34:13+00:00,nrt-any,Tokyo (any airline),NRT,SJC,2026-12-13,544,?,Unknown,https://www.google.com/travel/flights?q=Flights%20from%20SJC%20to%20NRT%20on%202026-12-13%20one%20way
2026-09-03T04:34:43+00:00,nrt-any,Tokyo (any airline),NRT,SJC,2026-12-14,544,?,Unknown,https://www.google.com/travel/flights?q=Flights%20from%20SJC%20to%20NRT%20on%202026-12-14%20one%20way
2026-08-28T11:23:35+00:00,nrt-any,Tokyo (any airline),NRT,SJC,2026-12-15,868,?,Unknown,https://www.google.com/travel/flights?q=Flights%20from%20SJC%20to%20NRT%20on%202026-12-15%20one%20way
2026-08-29T11:05:19+00:00,nrt-any,Tokyo (any airline),NRT,SJC,2026-12-16,1325,"Alaska, JAL",1,https://www.google.com/travel/flights?q=Flights%20from%20SJC%20to%20NRT%20on%202026-12-16%20one%20way
2026-08-27T14:18:40+00:00,nrt-any,Tokyo (any airline),NRT,SJC,2026-12-17,1373,?,Unknown,https://www.google.com/travel/flights?q=Flights%20from%20SJC%20to%20NRT%20on%202026-12-17%20one%20way
2026-09-02T09:37:49+00:00,nrt-any,Tokyo (any airline),NRT,SJC,2026-12-18,1600,"Alaska, Air Canada",2,https://www.google.com/travel/flights?q=Flights%20from%20SJC%20to%20NRT%20on%202026-12-18%20one%20way
2026-09-03T09:50:38+00:00,nrt-any,Tokyo (any airline),NRT,SJC,2026-12-19,1398,?,Unknown,https://www.google.com/travel/flights?q=Flights%20from%20SJC%20to%20NRT%20on%202026-12-19%20one%20way
2026-08-31T13:50:56+00:00,nrt-any,Tokyo (any airline),NRT,SJC,2026-12-20,1331,?,Unknown,https://www.google.com/travel/flights?q=Flights%20from%20SJC%20to%20NRT%20on%202026-12-20%20one%20way
2026-08-26T19:18:45+00:00,nrt-any,Tokyo (any airline),NRT,SJC,2026-12-21,1325,"Alaska, JAL",1,https://www.google.com/travel/flights?q=Flights%20from%20SJC%20to%20NRT%20on%202026-12-21%20one%20way
2026-08-25T21:44:07+00:00,nrt-any,Tokyo (any airline),NRT,SJC,2026-12-22,1202,"Alaska, EVA Air",2,https://www.google.com/travel/flights?q=Flights%20from%20SJC%20to%20NRT%20on%202026-12-22%20one%20way
2026-09-02T14:29:37+00:00,nrt-any,Tokyo (any airline),NRT,SJC,2026-12-23,1184,?,Unknown,https://www.google.com/travel/flights?q=Flights%20from%20SJC%20to%20NRT%20on%202026-12-23%20one%20way
2026-08-29T19:24:36+00:00,nrt-any,Tokyo (any airline),NRT,SJC,2026-12-24,912,Alaska,3,https://www.google.com/travel/flights?q=Flights%20from%20SJC%20to%20NRT%20on%202026-12-24%20one%20way
2026-08-24T01:57:43+00:00,nrt-any,Tokyo (any airline),NRT,SJC,2026-12-25,947,?,Unknown,https://www.google.com/travel/flights?q=Flights%20from%20SJC%20to%20NRT%20on%202026-12-25%20one%20way
2026-09-01T18:30:46+00:00,nrt-any,Tokyo (any airline),NRT,SJC,2026-12-26,838,Alaska,3,https://www.google.com/travel/flights?q=Flights%20from%20SJC%20to%20NRT%20on%202026-12-26%20one%20way
2026-09-02T18:42:50+00:00,nrt-any,Tokyo (any airline),NRT,SJC,2026-12-27,630,Alaska,2,https://www.google.com/travel/flights?q=Flights%20from%20SJC%20to%20NRT%20on%202026-12-27%20one%20way
2026-09-03T18:39:20+00:00,nrt-any,Tokyo (any airline),NRT,SJC,2026-12-28,613,Alaska,1,https://www.google.com/travel/flights?q=Flights%20from%20SJC%20to%20NRT%20on%202026-12-28%20one%20way
2026-09-01T21:46:54+00:00,nrt-any,Tokyo (any airline),NRT,SJC,2026-12-29,578,Alaska,2,https://www.google.com/travel/flights?q=Flights%20from%20SJC%20to%20NRT%20on%202026-12-29%20one%20way
2026-08-31T23:50:53+00:00,nrt-any,Tokyo (any airline),NRT,SJC,2026-12-30,835,"Alaska, Cathay Pacific",2,https://www.google.com/travel/flights?q=Flights%20from%20SJC%20to%20NRT%20on%202026-12-30%20one%20way
2026-09-03T21:42:38+00:00,nrt-any,Tokyo (any airline),NRT,SJC,2026-12-31,690,"Alaska, China Airlines",2,https://www.google.com/travel/flights?q=Flights%20from%20SJC%20to%20NRT%20on%202026-12-31%20one%20way
2026-08-25T07:58:10+00:00,nrt-any,Tokyo (any airline),NRT,SJC,2027-01-01,896,?,Unknown,https://www.google.com/travel/flights?q=Flights%20from%20SJC%20to%20NRT%20on%202027-01-01%20one%20way
2026-09-02T00:14:40+00:00,nrt-any,Tokyo (any airline),NRT,SJC,2027-01-02,824,?,Unknown,https://www.google.com/travel/flights?q=Flights%20from%20SJC%20to%20NRT%20on%202027-01-02%20one%20way
2026-09-03T00:15:57+00:00,nrt-any,Tokyo (any airline),NRT,SJC,2027-01-03,727,?,Unknown,https://www.google.com/travel/flights?q=Flights%20from%20SJC%20to%20NRT%20on%202027-01-03%20one%20way
2026-09-04T00:06:22+00:00,nrt-any,Tokyo (any airline),NRT,SJC,2027-01-04,516,"Alaska, Cathay Pacific",2,https://www.google.com/travel/flights?q=Flights%20from%20SJC%20to%20NRT%20on%202027-01-04%20one%20way
2026-08-30T06:40:33+00:00,nrt-any,Tokyo (any airline),NRT,SJC,2027-01-05,658,"Alaska, China Airlines",2,https://www.google.com/travel/flights?q=Flights%20from%20SJC%20to%20NRT%20on%202027-01-05%20one%20way
2026-09-02T04:34:13+00:00,nrt-any,Tokyo (any airline),NRT,SJC,2027-01-06,579,?,Unknown,https://www.google.com/travel/flights?q=Flights%20from%20SJC%20to%20NRT%20on%202027-01-06%20one%20way
2026-09-03T04:34:43+00:00,nrt-any,Tokyo (any airline),NRT,SJC,2027-01-07,579,"Alaska, Cathay Pacific",2,https://www.google.com/travel/flights?q=Flights%20from%20SJC%20to%20NRT%20on%202027-01-07%20one%20way
2026-09-04T04:33:42+00:00,nrt-any,Tokyo (any airline),NRT,SJC,2027-01-08,639,"Alaska, Cathay Pacific",2,https://www.google.com/travel/flights?q=Flights%20from%20SJC%20to%20NRT%20on%202027-01-08%20one%20way
2026-08-29T11:05:19+00:00,nrt-any,Tokyo (any airline),NRT,SJC,2027-01-09,553,?,Unknown,https://www.google.com/travel/flights?q=Flights%20from%20SJC%20to%20NRT%20on%202027-01-09%20one%20way
2026-08-27T14:18:40+00:00,nrt-any,Tokyo (any airline),NRT,SJC,2027-01-10,548,"Alaska, JAL",1,https://www.google.com/travel/flights?q=Flights%20from%20SJC%20to%20NRT%20on%202027-01-10%20one%20way
2026-09-02T09:37:49+00:00,nrt-any,Tokyo (any airline),NRT,SJC,2027-01-11,548,"Alaska, JAL",1,https://www.google.com/travel/flights?q=Flights%20from%20SJC%20to%20NRT%20on%202027-01-11%20one%20way
2026-09-03T09:50:38+00:00,nrt-any,Tokyo (any airline),NRT,SJC,2027-01-12,516,?,Unknown,https://www.google.com/travel/flights?q=Flights%20from%20SJC%20to%20NRT%20on%202027-01-12%20one%20way
2026-08-31T13:50:56+00:00,nrt-any,Tokyo (any airline),NRT,SJC,2027-01-13,516,"Alaska, Cathay Pacific",2,https://www.google.com/travel/flights?q=Flights%20from%20SJC%20to%20NRT%20on%202027-01-13%20one%20way
2026-08-26T19:18:45+00:00,nrt-any,Tokyo (any airline),NRT,SJC,2027-01-14,529,"Alaska, Cathay Pacific",2,https://www.google.com/travel/flights?q=Flights%20from%20SJC%20to%20NRT%20on%202027-01-14%20one%20way
2026-09-01T14:53:27+00:00,nrt-any,Tokyo (any airline),NRT,SJC,2027-01-15,511,"Alaska, JAL",1,https://www.google.com/travel/flights?q=Flights%20from%20SJC%20to%20NRT%20on%202027-01-15%20one%20way
2026-09-02T14:29:37+00:00,nrt-any,Tokyo (any airline),NRT,SJC,2027-01-16,559,?,Unknown,https://www.google.com/travel/flights?q=Flights%20from%20SJC%20to%20NRT%20on%202027-01-16%20one%20way
2026-08-29T19:24:36+00:00,nrt-any,Tokyo (any airline),NRT,SJC,2027-01-17,516,"Alaska, Cathay Pacific",3,https://www.google.com/travel/flights?q=Flights%20from%20SJC%20to%20NRT%20on%202027-01-17%20one%20way
2026-08-24T01:57:43+00:00,nrt-any,Tokyo (any airline),NRT,SJC,2027-01-18,529,?,Unknown,https://www.google.com/travel/flights?q=Flights%20from%20SJC%20to%20NRT%20on%202027-01-18%20one%20way
2026-09-01T18:30:46+00:00,nrt-any,Tokyo (any airline),NRT,SJC,2027-01-19,516,"Alaska, Cathay Pacific",2,https://www.google.com/travel/flights?q=Flights%20from%20SJC%20to%20NRT%20on%202027-01-19%20one%20way
2026-09-02T18:42:50+00:00,nrt-any,Tokyo (any airline),NRT,SJC,2027-01-20,516,"Alaska, Cathay Pacific",2,https://www.google.com/travel/flights?q=Flights%20from%20SJC%20to%20NRT%20on%202027-01-20%20one%20way
2026-09-03T18:39:20+00:00,nrt-any,Tokyo (any airline),NRT,SJC,2027-01-21,516,"Alaska, Cathay Pacific",2,https://www.google.com/travel/flights?q=Flights%20from%20SJC%20to%20NRT%20on%202027-01-21%20one%20way
2026-09-01T21:46:54+00:00,nrt-any,Tokyo (any airline),NRT,SJC,2027-01-22,576,"Alaska, Cathay Pacific",2,https://www.google.com/travel/flights?q=Flights%20from%20SJC%20to%20NRT%20on%202027-01-22%20one%20way
2026-09-02T21:49:33+00:00,nrt-any,Tokyo (any airline),NRT,SJC,2027-01-23,559,"Alaska, JAL",1,https://www.google.com/travel/flights?q=Flights%20from%20SJC%20to%20NRT%20on%202027-01-23%20one%20way
2026-09-03T21:42:38+00:00,nrt-any,Tokyo (any airline),NRT,SJC,2027-01-24,544,"Alaska, JAL",2,https://www.google.com/travel/flights?q=Flights%20from%20SJC%20to%20NRT%20on%202027-01-24%20one%20way
2026-08-25T07:58:10+00:00,nrt-any,Tokyo (any airline),NRT,SJC,2027-01-25,529,?,Unknown,https://www.google.com/travel/flights?q=Flights%20from%20SJC%20to%20NRT%20on%202027-01-25%20one%20way
2026-09-02T00:14:40+00:00,nrt-any,Tokyo (any airline),NRT,SJC,2027-01-26,516,?,Unknown,https://www.google.com/travel/flights?q=Flights%20from%20SJC%20to%20NRT%20on%202027-01-26%20one%20way
2026-09-03T00:15:57+00:00,nrt-any,Tokyo (any airline),NRT,SJC,2027-01-27,548,"Alaska, JAL",1,https://www.google.com/travel/flights?q=Flights%20from%20SJC%20to%20NRT%20on%202027-01-27%20one%20way
2026-09-04T00:06:22+00:00,nrt-any,Tokyo (any airline),NRT,SJC,2027-01-28,591,?,Unknown,https://www.google.com/travel/flights?q=Flights%20from%20SJC%20to%20NRT%20on%202027-01-28%20one%20way
2026-08-30T06:40:33+00:00,nrt-any,Tokyo (any airline),NRT,SJC,2027-01-29,600,?,Unknown,https://www.google.com/travel/flights?q=Flights%20from%20SJC%20to%20NRT%20on%202027-01-29%20one%20way
2026-09-02T04:34:13+00:00,nrt-any,Tokyo (any airline),NRT,SJC,2027-01-30,553,"Alaska, JAL",2,https://www.google.com/travel/flights?q=Flights%20from%20SJC%20to%20NRT%20on%202027-01-30%20one%20way
2026-09-03T04:34:43+00:00,nrt-any,Tokyo (any airline),NRT,SJC,2027-01-31,517,?,Unknown,https://www.google.com/travel/flights?q=Flights%20from%20SJC%20to%20NRT%20on%202027-01-31%20one%20way
2026-08-28T11:23:35+00:00,nrt-any,Tokyo (any airline),NRT,SJC,2027-02-01,548,"Alaska, JAL",1,https://www.google.com/travel/flights?q=Flights%20from%20SJC%20to%20NRT%20on%202027-02-01%20one%20way
2026-08-29T11:05:19+00:00,nrt-any,Tokyo (any airline),NRT,SJC,2027-02-02,544,"Alaska, JAL",2,https://www.google.com/travel/flights?q=Flights%20from%20SJC%20to%20NRT%20on%202027-02-02%20one%20way
2026-08-27T14:18:40+00:00,nrt-any,Tokyo (any airline),NRT,SJC,2027-02-03,548,?,Unknown,https://www.google.com/travel/flights?q=Flights%20from%20SJC%20to%20NRT%20on%202027-02-03%20one%20way
2026-09-02T09:37:49+00:00,nrt-any,Tokyo (any airline),NRT,SJC,2027-02-04,595,"Alaska, JAL",1,https://www.google.com/travel/flights?q=Flights%20from%20SJC%20to%20NRT%20on%202027-02-04%20one%20way
2026-09-03T09:50:38+00:00,nrt-any,Tokyo (any airline),NRT,SJC,2027-02-05,595,"Alaska, JAL",1,https://www.google.com/travel/flights?q=Flights%20from%20SJC%20to%20NRT%20on%202027-02-05%20one%20way
2026-08-31T13:50:56+00:00,nrt-any,Tokyo (any airline),NRT,SJC,2027-02-06,544,"Alaska, JAL",2,https://www.google.com/travel/flights?q=Flights%20from%20SJC%20to%20NRT%20on%202027-02-06%20one%20way
2026-08-26T19:18:45+00:00,nrt-any,Tokyo (any airline),NRT,SJC,2027-02-07,548,"Alaska, JAL",1,https://www.google.com/travel/flights?q=Flights%20from%20SJC%20to%20NRT%20on%202027-02-07%20one%20way
2026-09-01T14:53:27+00:00,nrt-any,Tokyo (any airline),NRT,SJC,2027-02-08,464,"Alaska, JAL",1,https://www.google.com/travel/flights?q=Flights%20from%20SJC%20to%20NRT%20on%202027-02-08%20one%20way
2026-09-02T14:29:37+00:00,nrt-any,Tokyo (any airline),NRT,SJC,2027-02-09,516,?,Unknown,https://www.google.com/travel/flights?q=Flights%20from%20SJC%20to%20NRT%20on%202027-02-09%20one%20way
2026-08-29T19:24:36+00:00,nrt-any,Tokyo (any airline),NRT,SJC,2027-02-10,516,"Alaska, Cathay Pacific",2,https://www.google.com/travel/flights?q=Flights%20from%20SJC%20to%20NRT%20on%202027-02-10%20one%20way
2026-08-24T01:57:43+00:00,nrt-any,Tokyo (any airline),NRT,SJC,2027-02-11,595,"Alaska, JAL",1,https://www.google.com/travel/flights?q=Flights%20from%20SJC%20to%20NRT%20on%202027-02-11%20one%20way
2026-09-01T18:30:46+00:00,nrt-any,Tokyo (any airline),NRT,SJC,2027-02-12,576,?,Unknown,https://www.google.com/travel/flights?q=Flights%20from%20SJC%20to%20NRT%20on%202027-02-12%20one%20way
2026-09-02T18:42:50+00:00,nrt-any,Tokyo (any airline),NRT,SJC,2027-02-13,544,"Alaska, JAL",2,https://www.google.com/travel/flights?q=Flights%20from%20SJC%20to%20NRT%20on%202027-02-13%20one%20way
2026-09-03T18:39:20+00:00,nrt-any,Tokyo (any airline),NRT,SJC,2027-02-14,548,?,Unknown,https://www.google.com/travel/flights?q=Flights%20from%20SJC%20to%20NRT%20on%202027-02-14%20one%20way
2026-08-30T23:30:07+00:00,nrt-any,Tokyo (any airline),NRT,SJC,2027-02-15,516,"Alaska, Cathay Pacific",2,https://www.google.com/travel/flights?q=Flights%20from%20SJC%20to%20NRT%20on%202027-02-15%20one%20way
2026-09-02T21:49:33+00:00,nrt-any,Tokyo (any airline),NRT,SJC,2027-02-16,504,?,Unknown,https://www.google.com/travel/flights?q=Flights%20from%20SJC%20to%20NRT%20on%202027-02-16%20one%20way
2026-09-03T21:42:38+00:00,nrt-any,Tokyo (any airline),NRT,SJC,2027-02-17,516,?,Unknown,https://www.google.com/travel/flights?q=Flights%20from%20SJC%20to%20NRT%20on%202027-02-17%20one%20way
2026-08-25T07:58:10+00:00,nrt-any,Tokyo (any airline),NRT,SJC,2027-02-18,529,"Alaska, Cathay Pacific",2,https://www.google.com/travel/flights?q=Flights%20from%20SJC%20to%20NRT%20on%202027-02-18%20one%20way
2026-09-02T00:14:40+00:00,nrt-any,Tokyo (any airline),NRT,SJC,2027-02-19,576,"Alaska, Cathay Pacific",2,https://www.google.com/travel/flights?q=Flights%20from%20SJC%20to%20NRT%20on%202027-02-19%20one%20way
2026-09-03T00:15:57+00:00,nrt-any,Tokyo (any airline),NRT,SJC,2027-02-20,517,?,Unknown,https://www.google.com/travel/flights?q=Flights%20from%20SJC%20to%20NRT%20on%202027-02-20%20one%20way
2026-09-04T00:06:22+00:00,nrt-any,Tokyo (any airline),NRT,SJC,2027-02-21,520,?,Unknown,https://www.google.com/travel/flights?q=Flights%20from%20SJC%20to%20NRT%20on%202027-02-21%20one%20way
2026-08-30T06:40:33+00:00,nrt-any,Tokyo (any airline),NRT,SJC,2027-02-22,516,"Alaska, Cathay Pacific",2,https://www.google.com/travel/flights?q=Flights%20from%20SJC%20to%20NRT%20on%202027-02-22%20one%20way
2026-09-02T04:34:13+00:00,nrt-any,Tokyo (any airline),NRT,SJC,2027-02-23,516,"Alaska, Cathay Pacific",2,https://www.google.com/travel/flights?q=Flights%20from%20SJC%20to%20NRT%20on%202027-02-23%20one%20way
2026-09-03T04:34:43+00:00,nrt-any,Tokyo (any airline),NRT,SJC,2027-02-24,516,"Alaska, Cathay Pacific",2,https://www.google.com/travel/flights?q=Flights%20from%20SJC%20to%20NRT%20on%202027-02-24%20one%20way
2026-08-28T11:23:35+00:00,nrt-any,Tokyo (any airline),NRT,SJC,2027-02-25,529,"Alaska, Cathay Pacific",2,https://www.google.com/travel/flights?q=Flights%20from%20SJC%20to%20NRT%20on%202027-02-25%20one%20way
2026-08-29T11:05:19+00:00,nrt-any,Tokyo (any airline),NRT,SJC,2027-02-26,576,"Alaska, Cathay Pacific",3,https://www.google.com/travel/flights?q=Flights%20from%20SJC%20to%20NRT%20on%202027-02-26%20one%20way
2026-08-27T14:18:40+00:00,nrt-any,Tokyo (any airline),NRT,SJC,2027-02-27,544,?,Unknown,https://www.google.com/travel/flights?q=Flights%20from%20SJC%20to%20NRT%20on%202027-02-27%20one%20way
2026-09-02T09:37:49+00:00,nrt-any,Tokyo (any airline),NRT,SJC,2027-02-28,548,?,Unknown,https://www.google.com/travel/flights?q=Flights%20from%20SJC%20to%20NRT%20on%202027-02-28%20one%20way
2026-09-03T09:50:38+00:00,nrt-any,Tokyo (any airline),NRT,SJC,2027-03-01,516,"Alaska, Cathay Pacific",2,https://www.google.com/travel/flights?q=Flights%20from%20SJC%20to%20NRT%20on%202027-03-01%20one%20way
2026-08-31T13:50:56+00:00,nrt-any,Tokyo (any airline),NRT,SJC,2027-03-02,516,?,Unknown,https://www.google.com/travel/flights?q=Flights%20from%20SJC%20to%20NRT%20on%202027-03-02%20one%20way
2026-08-26T19:18:45+00:00,nrt-any,Tokyo (any airline),NRT,SJC,2027-03-03,529,"Alaska, Cathay Pacific",2,https://www.google.com/travel/flights?q=Flights%20from%20SJC%20to%20NRT%20on%202027-03-03%20one%20way
2026-08-25T21:44:07+00:00,nrt-any,Tokyo (any airline),NRT,SJC,2027-03-04,529,?,Unknown,https://www.google.com/travel/flights?q=Flights%20from%20SJC%20to%20NRT%20on%202027-03-04%20one%20way
2026-09-02T14:29:37+00:00,nrt-any,Tokyo (any airline),NRT,SJC,2027-03-05,576,?,Unknown,https://www.google.com/travel/flights?q=Flights%20from%20SJC%20to%20NRT%20on%202027-03-05%20one%20way
2026-08-29T19:24:36+00:00,nrt-any,Tokyo (any airline),NRT,SJC,2027-03-06,575,American,2,https://www.google.com/travel/flights?q=Flights%20from%20SJC%20to%20NRT%20on%202027-03-06%20one%20way
2026-08-24T01:57:43+00:00,nrt-any,Tokyo (any airline),NRT,SJC,2027-03-07,529,"Alaska, Cathay Pacific",3,https://www.google.com/travel/flights?q=Flights%20from%20SJC%20to%20NRT%20on%202027-03-07%20one%20way
2026-09-01T18:30:46+00:00,nrt-any,Tokyo (any airline),NRT,SJC,2027-03-08,516,?,Unknown,https://www.google.com/travel/flights?q=Flights%20from%20SJC%20to%20NRT%20on%202027-03-08%20one%20way
2026-09-02T18:42:50+00:00,nrt-any,Tokyo (any airline),NRT,SJC,2027-03-09,516,"Alaska, Cathay Pacific",2,https://www.google.com/travel/flights?q=Flights%20from%20SJC%20to%20NRT%20on%202027-03-09%20one%20way
2026-09-03T18:39:20+00:00,nrt-any,Tokyo (any airline),NRT,SJC,2027-03-10,516,?,Unknown,https://www.google.com/travel/flights?q=Flights%20from%20SJC%20to%20NRT%20on%202027-03-10%20one%20way
2026-09-01T21:46:54+00:00,nrt-any,Tokyo (any airline),NRT,SJC,2027-03-11,516,?,Unknown,https://www.google.com/travel/flights?q=Flights%20from%20SJC%20to%20NRT%20on%202027-03-11%20one%20way
2026-09-02T21:49:33+00:00,nrt-any,Tokyo (any airline),NRT,SJC,2027-03-12,576,"Alaska, Cathay Pacific",2,https://www.google.com/travel/flights?q=Flights%20from%20SJC%20to%20NRT%20on%202027-03-12%20one%20way
2026-09-03T21:42:38+00:00,nrt-any,Tokyo (any airline),NRT,SJC,2027-03-13,576,"Alaska, Cathay Pacific",2,https://www.google.com/travel/flights?q=Flights%20from%20SJC%20to%20NRT%20on%202027-03-13%20one%20way
2026-08-25T07:58:10+00:00,nrt-any,Tokyo (any airline),NRT,SJC,2027-03-14,529,"Alaska, Cathay Pacific",3,https://www.google.com/travel/flights?q=Flights%20from%20SJC%20to%20NRT%20on%202027-03-14%20one%20way
2026-09-02T00:14:40+00:00,nrt-any,Tokyo (any airline),NRT,SJC,2027-03-15,516,"Alaska, Cathay Pacific",2,https://www.google.com/travel/flights?q=Flights%20from%20SJC%20to%20NRT%20on%202027-03-15%20one%20way
2026-09-03T00:15:57+00:00,nrt-any,Tokyo (any airline),NRT,SJC,2027-03-16,624,"Alaska, Hainan",2,https://www.google.com/travel/flights?q=Flights%20from%20SJC%20to%20NRT%20on%202027-03-16%20one%20way
2026-09-04T00:06:22+00:00,nrt-any,Tokyo (any airline),NRT,SJC,2027-03-17,662,"Alaska, EVA Air",2,https://www.google.com/travel/flights?q=Flights%20from%20SJC%20to%20NRT%20on%202027-03-17%20one%20way
2026-08-30T06:40:33+00:00,nrt-any,Tokyo (any airline),NRT,SJC,2027-03-18,692,"Alaska, EVA Air",2,https://www.google.com/travel/flights?q=Flights%20from%20SJC%20to%20NRT%20on%202027-03-18%20one%20way
2026-09-02T04:34:13+00:00,nrt-any,Tokyo (any airline),NRT,SJC,2027-03-19,765,"Alaska, China Airlines",2,https://www.google.com/travel/flights?q=Flights%20from%20SJC%20to%20NRT%20on%202027-03-19%20one%20way
2026-09-03T04:34:43+00:00,nrt-any,Tokyo (any airline),NRT,SJC,2027-03-20,690,"Alaska, China Airlines",2,https://www.google.com/travel/flights?q=Flights%20from%20SJC%20to%20NRT%20on%202027-03-20%20one%20way
2026-09-04T04:33:42+00:00,nrt-any,Tokyo (any airline),NRT,SJC,2027-03-21,639,?,Unknown,https://www.google.com/travel/flights?q=Flights%20from%20SJC%20to%20NRT%20on%202027-03-21%20one%20way
2026-08-29T11:05:19+00:00,nrt-any,Tokyo (any airline),NRT,SJC,2027-03-22,647,?,Unknown,https://www.google.com/travel/flights?q=Flights%20from%20SJC%20to%20NRT%20on%202027-03-22%20one%20way
2026-08-27T14:18:40+00:00,nrt-any,Tokyo (any airline),NRT,SJC,2027-03-23,624,?,Unknown,https://www.google.com/travel/flights?q=Flights%20from%20SJC%20to%20NRT%20on%202027-03-23%20one%20way
2026-09-02T09:37:49+00:00,nrt-any,Tokyo (any airline),NRT,SJC,2027-03-24,662,?,Unknown,https://www.google.com/travel/flights?q=Flights%20from%20SJC%20to%20NRT%20on%202027-03-24%20one%20way
2026-09-03T09:50:38+00:00,nrt-any,Tokyo (any airline),NRT,SJC,2027-03-25,703,?,Unknown,https://www.google.com/travel/flights?q=Flights%20from%20SJC%20to%20NRT%20on%202027-03-25%20one%20way
2026-08-31T13:50:56+00:00,nrt-any,Tokyo (any airline),NRT,SJC,2027-03-26,696,"Alaska, China Airlines",2,https://www.google.com/travel/flights?q=Flights%20from%20SJC%20to%20NRT%20on%202027-03-26%20one%20way
2026-08-26T19:18:45+00:00,nrt-any,Tokyo (any airline),NRT,SJC,2027-03-27,800,"Alaska, China Airlines",2,https://www.google.com/travel/flights?q=Flights%20from%20SJC%20to%20NRT%20on%202027-03-27%20one%20way
2026-09-01T14:53:27+00:00,nrt-any,Tokyo (any airline),NRT,SJC,2027-03-28,765,?,Unknown,https://www.google.com/travel/flights?q=Flights%20from%20SJC%20to%20NRT%20on%202027-03-28%20one%20way
2026-09-02T14:29:37+00:00,nrt-any,Tokyo (any airline),NRT,SJC,2027-03-29,642,"Alaska, China Airlines",2,https://www.google.com/travel/flights?q=Flights%20from%20SJC%20to%20NRT%20on%202027-03-29%20one%20way
2026-08-29T19:24:36+00:00,nrt-any,Tokyo (any airline),NRT,SJC,2027-03-30,658,"Alaska, China Airlines",2,https://www.google.com/travel/flights?q=Flights%20from%20SJC%20to%20NRT%20on%202027-03-30%20one%20way
2026-08-24T01:57:43+00:00,nrt-any,Tokyo (any airline),NRT,SJC,2027-03-31,687,?,Unknown,https://www.google.com/travel/flights?q=Flights%20from%20SJC%20to%20NRT%20on%202027-03-31%20one%20way
2026-09-01T18:30:46+00:00,nrt-any,Tokyo (any airline),NRT,SJC,2027-04-01,968,"Alaska, China Airlines",2,https://www.google.com/travel/flights?q=Flights%20from%20SJC%20to%20NRT%20on%202027-04-01%20one%20way
2026-09-02T18:42:50+00:00,nrt-any,Tokyo (any airline),NRT,SJC,2027-04-02,700,"Alaska, EVA Air",2,https://www.google.com/travel/flights?q=Flights%20from%20SJC%20to%20NRT%20on%202027-04-02%20one%20way
2026-09-03T18:39:20+00:00,nrt-any,Tokyo (any airline),NRT,SJC,2027-04-03,700,"Alaska, EVA Air",2,https://www.google.com/travel/flights?q=Flights%20from%20SJC%20to%20NRT%20on%202027-04-03%20one%20way
2026-09-01T21:46:54+00:00,nrt-any,Tokyo (any airline),NRT,SJC,2027-04-04,642,?,Unknown,https://www.google.com/travel/flights?q=Flights%20from%20SJC%20to%20NRT%20on%202027-04-04%20one%20way
2026-09-02T21:49:33+00:00,nrt-any,Tokyo (any airline),NRT,SJC,2027-04-05,642,?,Unknown,https://www.google.com/travel/flights?q=Flights%20from%20SJC%20to%20NRT%20on%202027-04-05%20one%20way
2026-09-03T21:42:38+00:00,nrt-any,Tokyo (any airline),NRT,SJC,2027-04-06,642,?,Unknown,https://www.google.com/travel/flights?q=Flights%20from%20SJC%20to%20NRT%20on%202027-04-06%20one%20way
2026-08-25T07:58:10+00:00,nrt-any,Tokyo (any airline),NRT,SJC,2027-04-07,529,?,Unknown,https://www.google.com/travel/flights?q=Flights%20from%20SJC%20to%20NRT%20on%202027-04-07%20one%20way
2026-09-02T00:14:40+00:00,nrt-any,Tokyo (any airline),NRT,SJC,2027-04-08,642,"Alaska, China Airlines",2,https://www.google.com/travel/flights?q=Flights%20from%20SJC%20to%20NRT%20on%202027-04-08%20one%20way
2026-09-03T00:15:57+00:00,nrt-any,Tokyo (any airline),NRT,SJC,2027-04-09,700,?,Unknown,https://www.google.com/travel/flights?q=Flights%20from%20SJC%20to%20NRT%20on%202027-04-09%20one%20way
2026-09-04T00:06:22+00:00,nrt-any,Tokyo (any airline),NRT,SJC,2027-04-10,576,"Alaska, Cathay Pacific",2,https://www.google.com/travel/flights?q=Flights%20from%20SJC%20to%20NRT%20on%202027-04-10%20one%20way
2026-08-30T06:40:33+00:00,nrt-any,Tokyo (any airline),NRT,SJC,2027-04-11,772,Alaska,2,https://www.google.com/travel/flights?q=Flights%20from%20SJC%20to%20NRT%20on%202027-04-11%20one%20way
2026-09-02T04:34:13+00:00,nrt-any,Tokyo (any airline),NRT,SJC,2027-04-12,516,?,Unknown,https://www.google.com/travel/flights?q=Flights%20from%20SJC%20to%20NRT%20on%202027-04-12%20one%20way
2026-09-03T04:34:43+00:00,nrt-any,Tokyo (any airline),NRT,SJC,2027-04-13,516,?,Unknown,https://www.google.com/travel/flights?q=Flights%20from%20SJC%20to%20NRT%20on%202027-04-13%20one%20way
2026-08-28T11:23:35+00:00,nrt-any,Tokyo (any airline),NRT,SJC,2027-04-14,529,"Alaska, Cathay Pacific",2,https://www.google.com/travel/flights?q=Flights%20from%20SJC%20to%20NRT%20on%202027-04-14%20one%20way
2026-08-29T11:05:19+00:00,nrt-any,Tokyo (any airline),NRT,SJC,2027-04-15,679,?,Unknown,https://www.google.com/travel/flights?q=Flights%20from%20SJC%20to%20NRT%20on%202027-04-15%20one%20way
2026-08-27T14:18:40+00:00,nrt-any,Tokyo (any airline),NRT,SJC,2027-04-16,653,?,Unknown,https://www.google.com/travel/flights?q=Flights%20from%20SJC%20to%20NRT%20on%202027-04-16%20one%20way
2026-09-02T09:37:49+00:00,nrt-any,Tokyo (any airline),NRT,SJC,2027-04-17,639,"Alaska, Cathay Pacific",2,https://www.google.com/travel/flights?q=Flights%20from%20SJC%20to%20NRT%20on%202027-04-17%20one%20way
2026-09-03T09:50:38+00:00,nrt-any,Tokyo (any airline),NRT,SJC,2027-04-18,576,"Alaska, Cathay Pacific",2,https://www.google.com/travel/flights?q=Flights%20from%20SJC%20to%20NRT%20on%202027-04-18%20one%20way
2026-08-31T13:50:56+00:00,nrt-any,Tokyo (any airline),NRT,SJC,2027-04-19,516,?,Unknown,https://www.google.com/travel/flights?q=Flights%20from%20SJC%20to%20NRT%20on%202027-04-19%20one%20way
2026-08-26T19:18:45+00:00,nrt-any,Tokyo (any airline),NRT,SJC,2027-04-20,529,"Alaska, Cathay Pacific",2,https://www.google.com/travel/flights?q=Flights%20from%20SJC%20to%20NRT%20on%202027-04-20%20one%20way
2026-09-01T14:53:27+00:00,nrt-any,Tokyo (any airline),NRT,SJC,2027-04-21,514,Alaska,2,https://www.google.com/travel/flights?q=Flights%20from%20SJC%20to%20NRT%20on%202027-04-21%20one%20way
2026-09-02T14:29:37+00:00,nrt-any,Tokyo (any airline),NRT,SJC,2027-04-22,516,"Alaska, Cathay Pacific",2,https://www.google.com/travel/flights?q=Flights%20from%20SJC%20to%20NRT%20on%202027-04-22%20one%20way
2026-08-29T19:24:36+00:00,nrt-any,Tokyo (any airline),NRT,SJC,2027-04-23,576,"Alaska, Cathay Pacific",3,https://www.google.com/travel/flights?q=Flights%20from%20SJC%20to%20NRT%20on%202027-04-23%20one%20way
2026-08-24T01:57:43+00:00,nrt-any,Tokyo (any airline),NRT,SJC,2027-04-24,632,Alaska,2,https://www.google.com/travel/flights?q=Flights%20from%20SJC%20to%20NRT%20on%202027-04-24%20one%20way
2026-09-01T18:30:46+00:00,nrt-any,Tokyo (any airline),NRT,SJC,2027-04-25,528,?,Unknown,https://www.google.com/travel/flights?q=Flights%20from%20SJC%20to%20NRT%20on%202027-04-25%20one%20way
2026-09-02T18:42:50+00:00,nrt-any,Tokyo (any airline),NRT,SJC,2027-04-26,579,"Alaska, Cathay Pacific",2,https://www.google.com/travel/flights?q=Flights%20from%20SJC%20to%20NRT%20on%202027-04-26%20one%20way
2026-09-03T18:39:20+00:00,nrt-any,Tokyo (any airline),NRT,SJC,2027-04-27,516,?,Unknown,https://www.google.com/travel/flights?q=Flights%20from%20SJC%20to%20NRT%20on%202027-04-27%20one%20way
2026-09-01T21:46:54+00:00,nrt-any,Tokyo (any airline),NRT,SJC,2027-04-28,516,?,Unknown,https://www.google.com/travel/flights?q=Flights%20from%20SJC%20to%20NRT%20on%202027-04-28%20one%20way
2026-09-02T21:49:33+00:00,nrt-any,Tokyo (any airline),NRT,SJC,2027-04-29,516,?,Unknown,https://www.google.com/travel/flights?q=Flights%20from%20SJC%20to%20NRT%20on%202027-04-29%20one%20way
2026-09-03T21:42:38+00:00,nrt-any,Tokyo (any airline),NRT,SJC,2027-04-30,576,?,Unknown,https://www.google.com/travel/flights?q=Flights%20from%20SJC%20to%20NRT%20on%202027-04-30%20one%20way
2026-08-25T07:58:10+00:00,nrt-any,Tokyo (any airline),NRT,SJC,2027-05-01,653,"Alaska, Cathay Pacific",2,https://www.google.com/travel/flights?q=Flights%20from%20SJC%20to%20NRT%20on%202027-05-01%20one%20way
2026-09-02T00:14:40+00:00,nrt-any,Tokyo (any airline),NRT,SJC,2027-05-02,662,"Alaska, EVA Air",2,https://www.google.com/travel/flights?q=Flights%20from%20SJC%20to%20NRT%20on%202027-05-02%20one%20way
2026-09-03T00:15:57+00:00,nrt-any,Tokyo (any airline),NRT,SJC,2027-05-03,662,"Alaska, EVA Air",2,https://www.google.com/travel/flights?q=Flights%20from%20SJC%20to%20NRT%20on%202027-05-03%20one%20way
2026-09-04T00:06:22+00:00,nrt-any,Tokyo (any airline),NRT,SJC,2027-05-04,662,"Alaska, EVA Air",2,https://www.google.com/travel/flights?q=Flights%20from%20SJC%20to%20NRT%20on%202027-05-04%20one%20way
2026-08-30T06:40:33+00:00,nrt-any,Tokyo (any airline),NRT,SJC,2027-05-05,516,"Alaska, Cathay Pacific",2,https://www.google.com/travel/flights?q=Flights%20from%20SJC%20to%20NRT%20on%202027-05-05%20one%20way
2026-09-02T04:34:13+00:00,nrt-any,Tokyo (any airline),NRT,SJC,2027-05-06,642,?,Unknown,https://www.google.com/travel/flights?q=Flights%20from%20SJC%20to%20NRT%20on%202027-05-06%20one%20way
2026-09-03T04:34:43+00:00,nrt-any,Tokyo (any airline),NRT,SJC,2027-05-07,642,?,Unknown,https://www.google.com/travel/flights?q=Flights%20from%20SJC%20to%20NRT%20on%202027-05-07%20one%20way
2026-09-04T04:33:42+00:00,nrt-any,Tokyo (any airline),NRT,SJC,2027-05-08,639,?,Unknown,https://www.google.com/travel/flights?q=Flights%20from%20SJC%20to%20NRT%20on%202027-05-08%20one%20way
2026-08-29T11:05:19+00:00,nrt-any,Tokyo (any airline),NRT,SJC,2027-05-09,516,?,Unknown,https://www.google.com/travel/flights?q=Flights%20from%20SJC%20to%20NRT%20on%202027-05-09%20one%20way
2026-08-27T14:18:40+00:00,nrt-any,Tokyo (any airline),NRT,SJC,2027-05-10,658,"Alaska, China Airlines",2,https://www.google.com/travel/flights?q=Flights%20from%20SJC%20to%20NRT%20on%202027-05-10%20one%20way
2026-09-02T09:37:49+00:00,nrt-any,Tokyo (any airline),NRT,SJC,2027-05-11,579,"Alaska, Cathay Pacific",2,https://www.google.com/travel/flights?q=Flights%20from%20SJC%20to%20NRT%20on%202027-05-11%20one%20way
2026-09-03T09:50:38+00:00,nrt-any,Tokyo (any airline),NRT,SJC,2027-05-12,667,"Alaska, Cathay Pacific",2,https://www.google.com/travel/flights?q=Flights%20from%20SJC%20to%20NRT%20on%202027-05-12%20one%20way
2026-08-31T13:50:56+00:00,nrt-any,Tokyo (any airline),NRT,SJC,2027-05-13,634,?,Unknown,https://www.google.com/travel/flights?q=Flights%20from%20SJC%20to%20NRT%20on%202027-05-13%20one%20way
2026-08-26T19:18:45+00:00,nrt-any,Tokyo (any airline),NRT,SJC,2027-05-14,677,"Alaska, China Airlines",2,https://www.google.com/travel/flights?q=Flights%20from%20SJC%20to%20NRT%20on%202027-05-14%20one%20way
2026-09-01T14:53:27+00:00,nrt-any,Tokyo (any airline),NRT,SJC,2027-05-15,665,"Alaska, China Airlines",2,https://www.google.com/travel/flights?q=Flights%20from%20SJC%20to%20NRT%20on%202027-05-15%20one%20way
2026-09-02T14:29:37+00:00,nrt-any,Tokyo (any airline),NRT,SJC,2027-05-16,642,"Alaska, China Airlines",2,https://www.google.com/travel/flights?q=Flights%20from%20SJC%20to%20NRT%20on%202027-05-16%20one%20way
2026-08-29T19:24:36+00:00,nrt-any,Tokyo (any airline),NRT,SJC,2027-05-17,658,?,Unknown,https://www.google.com/travel/flights?q=Flights%20from%20SJC%20to%20NRT%20on%202027-05-17%20one%20way
2026-08-24T01:57:43+00:00,nrt-any,Tokyo (any airline),NRT,SJC,2027-05-18,668,"Alaska, China Airlines",2,https://www.google.com/travel/flights?q=Flights%20from%20SJC%20to%20NRT%20on%202027-05-18%20one%20way
2026-09-01T18:30:46+00:00,nrt-any,Tokyo (any airline),NRT,SJC,2027-05-19,642,"Alaska, China Airlines",2,https://www.google.com/travel/flights?q=Flights%20from%20SJC%20to%20NRT%20on%202027-05-19%20one%20way
2026-09-02T18:42:50+00:00,nrt-any,Tokyo (any airline),NRT,SJC,2027-05-20,642,"Alaska, China Airlines",2,https://www.google.com/travel/flights?q=Flights%20from%20SJC%20to%20NRT%20on%202027-05-20%20one%20way
2026-09-03T18:39:20+00:00,nrt-any,Tokyo (any airline),NRT,SJC,2027-05-21,974,?,Unknown,https://www.google.com/travel/flights?q=Flights%20from%20SJC%20to%20NRT%20on%202027-05-21%20one%20way
2026-09-01T21:46:54+00:00,nrt-any,Tokyo (any airline),NRT,SJC,2027-05-22,974,"Alaska, China Airlines",2,https://www.google.com/travel/flights?q=Flights%20from%20SJC%20to%20NRT%20on%202027-05-22%20one%20way
2026-09-02T21:49:33+00:00,nrt-any,Tokyo (any airline),NRT,SJC,2027-05-23,792,"Alaska, Cathay Pacific",2,https://www.google.com/travel/flights?q=Flights%20from%20SJC%20to%20NRT%20on%202027-05-23%20one%20way
2026-09-03T21:42:38+00:00,nrt-any,Tokyo (any airline),NRT,SJC,2027-05-24,835,?,Unknown,https://www.google.com/travel/flights?q=Flights%20from%20SJC%20to%20NRT%20on%202027-05-24%20one%20way
2026-08-25T07:58:10+00:00,nrt-any,Tokyo (any airline),NRT,SJC,2027-05-25,657,"Alaska, Cathay Pacific",2,https://www.google.com/travel/flights?q=Flights%20from%20SJC%20to%20NRT%20on%202027-05-25%20one%20way
2026-09-02T00:14:40+00:00,nrt-any,Tokyo (any airline),NRT,SJC,2027-05-26,980,"Alaska, Cathay Pacific",2,https://www.google.com/travel/flights?q=Flights%20from%20SJC%20to%20NRT%20on%202027-05-26%20one%20way
2026-09-03T00:15:57+00:00,nrt-any,Tokyo (any airline),NRT,SJC,2027-05-27,980,"Alaska, Cathay Pacific",2,https://www.google.com/travel/flights?q=Flights%20from%20SJC%20to%20NRT%20on%202027-05-27%20one%20way
2026-09-04T00:06:22+00:00,nrt-any,Tokyo (any airline),NRT,SJC,2027-05-28,974,?,Unknown,https://www.google.com/travel/flights?q=Flights%20from%20SJC%20to%20NRT%20on%202027-05-28%20one%20way
2026-08-30T06:40:33+00:00,nrt-any,Tokyo (any airline),NRT,SJC,2027-05-29,990,"Alaska, China Airlines",2,https://www.google.com/travel/flights?q=Flights%20from%20SJC%20to%20NRT%20on%202027-05-29%20one%20way
2026-09-02T04:34:13+00:00,nrt-any,Tokyo (any airline),NRT,SJC,2027-05-30,792,?,Unknown,https://www.google.com/travel/flights?q=Flights%20from%20SJC%20to%20NRT%20on%202027-05-30%20one%20way
2026-09-03T04:34:43+00:00,nrt-any,Tokyo (any airline),NRT,SJC,2027-05-31,980,?,Unknown,https://www.google.com/travel/flights?q=Flights%20from%20SJC%20to%20NRT%20on%202027-05-31%20one%20way
2026-09-04T04:33:42+00:00,nrt-any,Tokyo (any airline),NRT,SJC,2027-06-01,657,"Alaska, Cathay Pacific",2,https://www.google.com/travel/flights?q=Flights%20from%20SJC%20to%20NRT%20on%202027-06-01%20one%20way
2026-08-29T11:05:19+00:00,nrt-any,Tokyo (any airline),NRT,SJC,2027-06-02,980,"Alaska, Cathay Pacific",2,https://www.google.com/travel/flights?q=Flights%20from%20SJC%20to%20NRT%20on%202027-06-02%20one%20way
2026-08-27T14:18:40+00:00,nrt-any,Tokyo (any airline),NRT,SJC,2027-06-03,1061,"Alaska, EVA Air",2,https://www.google.com/travel/flights?q=Flights%20from%20SJC%20to%20NRT%20on%202027-06-03%20one%20way
2026-09-02T09:37:49+00:00,nrt-any,Tokyo (any airline),NRT,SJC,2027-06-04,717,"Alaska, Cathay Pacific",2,https://www.google.com/travel/flights?q=Flights%20from%20SJC%20to%20NRT%20on%202027-06-04%20one%20way
2026-09-03T09:50:38+00:00,nrt-any,Tokyo (any airline),NRT,SJC,2027-06-05,717,"Alaska, Cathay Pacific",2,https://www.google.com/travel/flights?q=Flights%20from%20SJC%20to%20NRT%20on%202027-06-05%20one%20way
2026-08-31T13:50:56+00:00,nrt-any,Tokyo (any airline),NRT,SJC,2027-06-06,657,?,Unknown,https://www.google.com/travel/flights?q=Flights%20from%20SJC%20to%20NRT%20on%202027-06-06%20one%20way
2026-08-26T19:18:45+00:00,nrt-any,Tokyo (any airline),NRT,SJC,2027-06-07,979,"Alaska, Cathay Pacific",2,https://www.google.com/travel/flights?q=Flights%20from%20SJC%20to%20NRT%20on%202027-06-07%20one%20way
2026-09-01T14:53:27+00:00,nrt-any,Tokyo (any airline),NRT,SJC,2027-06-08,657,"Alaska, Cathay Pacific",2,https://www.google.com/travel/flights?q=Flights%20from%20SJC%20to%20NRT%20on%202027-06-08%20one%20way
2026-09-02T14:29:37+00:00,nrt-any,Tokyo (any airline),NRT,SJC,2027-06-09,732,"Alaska, Cathay Pacific",2,https://www.google.com/travel/flights?q=Flights%20from%20SJC%20to%20NRT%20on%202027-06-09%20one%20way
2026-08-29T19:24:36+00:00,nrt-any,Tokyo (any airline),NRT,SJC,2027-06-10,1062,?,Unknown,https://www.google.com/travel/flights?q=Flights%20from%20SJC%20to%20NRT%20on%202027-06-10%20one%20way
2026-08-24T01:57:43+00:00,nrt-any,Tokyo (any airline),NRT,SJC,2027-06-11,1039,"Alaska, Cathay Pacific",3,https://www.google.com/travel/flights?q=Flights%20from%20SJC%20to%20NRT%20on%202027-06-11%20one%20way
2026-09-01T18:30:46+00:00,nrt-any,Tokyo (any airline),NRT,SJC,2027-06-12,717,"Alaska, Cathay Pacific",2,https://www.google.com/travel/flights?q=Flights%20from%20SJC%20to%20NRT%20on%202027-06-12%20one%20way
2026-09-02T18:42:50+00:00,nrt-any,Tokyo (any airline),NRT,SJC,2027-06-13,657,"Alaska, Cathay Pacific",2,https://www.google.com/travel/flights?q=Flights%20from%20SJC%20to%20NRT%20on%202027-06-13%20one%20way
2026-09-03T18:39:20+00:00,nrt-any,Tokyo (any airline),NRT,SJC,2027-06-14,657,"Alaska, Cathay Pacific",2,https://www.google.com/travel/flights?q=Flights%20from%20SJC%20to%20NRT%20on%202027-06-14%20one%20way
2026-09-01T21:46:54+00:00,nrt-any,Tokyo (any airline),NRT,SJC,2027-06-15,657,?,Unknown,https://www.google.com/travel/flights?q=Flights%20from%20SJC%20to%20NRT%20on%202027-06-15%20one%20way
2026-09-02T21:49:33+00:00,nrt-any,Tokyo (any airline),NRT,SJC,2027-06-16,657,"Alaska, Cathay Pacific",2,https://www.google.com/travel/flights?q=Flights%20from%20SJC%20to%20NRT%20on%202027-06-16%20one%20way
2026-09-03T21:42:38+00:00,nrt-any,Tokyo (any airline),NRT,SJC,2027-06-17,717,"Alaska, Cathay Pacific",2,https://www.google.com/travel/flights?q=Flights%20from%20SJC%20to%20NRT%20on%202027-06-17%20one%20way
2026-08-25T07:58:10+00:00,nrt-any,Tokyo (any airline),NRT,SJC,2027-06-18,1009,?,Unknown,https://www.google.com/travel/flights?q=Flights%20from%20SJC%20to%20NRT%20on%202027-06-18%20one%20way
2026-09-02T00:14:40+00:00,nrt-any,Tokyo (any airline),NRT,SJC,2027-06-19,717,?,Unknown,https://www.google.com/travel/flights?q=Flights%20from%20SJC%20to%20NRT%20on%202027-06-19%20one%20way
2026-09-03T00:15:57+00:00,nrt-any,Tokyo (any airline),NRT,SJC,2027-06-20,657,?,Unknown,https://www.google.com/travel/flights?q=Flights%20from%20SJC%20to%20NRT%20on%202027-06-20%20one%20way
2026-09-04T00:06:22+00:00,nrt-any,Tokyo (any airline),NRT,SJC,2027-06-21,657,"Alaska, Cathay Pacific",2,https://www.google.com/travel/flights?q=Flights%20from%20SJC%20to%20NRT%20on%202027-06-21%20one%20way
2026-08-30T06:40:33+00:00,nrt-any,Tokyo (any airline),NRT,SJC,2027-06-22,657,?,Unknown,https://www.google.com/travel/flights?q=Flights%20from%20SJC%20to%20NRT%20on%202027-06-22%20one%20way
2026-09-02T04:34:13+00:00,nrt-any,Tokyo (any airline),NRT,SJC,2027-06-23,657,"Alaska, Cathay Pacific",2,https://www.google.com/travel/flights?q=Flights%20from%20SJC%20to%20NRT%20on%202027-06-23%20one%20way
2026-09-03T04:34:43+00:00,nrt-any,Tokyo (any airline),NRT,SJC,2027-06-24,717,"Alaska, Cathay Pacific",2,https://www.google.com/travel/flights?q=Flights%20from%20SJC%20to%20NRT%20on%202027-06-24%20one%20way
2026-09-04T04:33:42+00:00,nrt-any,Tokyo (any airline),NRT,SJC,2027-06-25,717,?,Unknown,https://www.google.com/travel/flights?q=Flights%20from%20SJC%20to%20NRT%20on%202027-06-25%20one%20way
2026-08-29T11:05:19+00:00,nrt-any,Tokyo (any airline),NRT,SJC,2027-06-26,1040,"Alaska, Cathay Pacific",2,https://www.google.com/travel/flights?q=Flights%20from%20SJC%20to%20NRT%20on%202027-06-26%20one%20way
2026-08-27T14:18:40+00:00,nrt-any,Tokyo (any airline),NRT,SJC,2027-06-27,834,"Alaska, Cathay Pacific",3,https://www.google.com/travel/flights?q=Flights%20from%20SJC%20to%20NRT%20on%202027-06-27%20one%20way
2026-09-02T09:37:49+00:00,nrt-any,Tokyo (any airline),NRT,SJC,2027-06-28,657,"Alaska, Cathay Pacific",2,https://www.google.com/travel/flights?q=Flights%20from%20SJC%20to%20NRT%20on%202027-06-28%20one%20way
2026-09-03T09:50:38+00:00,nrt-any,Tokyo (any airline),NRT,SJC,2027-06-29,657,?,Unknown,https://www.google.com/travel/flights?q=Flights%20from%20SJC%20to%20NRT%20on%202027-06-29%20one%20way
2026-08-31T13:50:56+00:00,nrt-any,Tokyo (any airline),NRT,SJC,2027-06-30,657,"Alaska, Cathay Pacific",2,https://www.google.com/travel/flights?q=Flights%20from%20SJC%20to%20NRT%20on%202027-06-30%20one%20way
2026-08-26T19:18:45+00:00,nrt-any,Tokyo (any airline),NRT,SJC,2027-07-01,979,?,Unknown,https://www.google.com/travel/flights?q=Flights%20from%20SJC%20to%20NRT%20on%202027-07-01%20one%20way
2026-09-01T14:53:27+00:00,nrt-any,Tokyo (any airline),NRT,SJC,2027-07-02,717,?,Unknown,https://www.google.com/travel/flights?q=Flights%20from%20SJC%20to%20NRT%20on%202027-07-02%20one%20way
2026-09-02T14:29:37+00:00,nrt-any,Tokyo (any airline),NRT,SJC,2027-07-03,717,"Alaska, Cathay Pacific",2,https://www.google.com/travel/flights?q=Flights%20from%20SJC%20to%20NRT%20on%202027-07-03%20one%20way
2026-08-29T19:24:36+00:00,nrt-any,Tokyo (any airline),NRT,SJC,2027-07-04,895,"Alaska, Cathay Pacific",3,https://www.google.com/travel/flights?q=Flights%20from%20SJC%20to%20NRT%20on%202027-07-04%20one%20way
2026-08-24T01:57:43+00:00,nrt-any,Tokyo (any airline),NRT,SJC,2027-07-05,657,"Alaska, Cathay Pacific",2,https://www.google.com/travel/flights?q=Flights%20from%20SJC%20to%20NRT%20on%202027-07-05%20one%20way
2026-09-01T18:30:46+00:00,nrt-any,Tokyo (any airline),NRT,SJC,2027-07-06,657,"Alaska, Cathay Pacific",2,https://www.google.com/travel/flights?q=Flights%20from%20SJC%20to%20NRT%20on%202027-07-06%20one%20way
2026-09-02T18:42:50+00:00,nrt-any,Tokyo (any airline),NRT,SJC,2027-07-07,657,"Alaska, Cathay Pacific",2,https://www.google.com/travel/flights?q=Flights%20from%20SJC%20to%20NRT%20on%202027-07-07%20one%20way
2026-09-03T18:39:20+00:00,nrt-any,Tokyo (any airline),NRT,SJC,2027-07-08,717,?,Unknown,https://www.google.com/travel/flights?q=Flights%20from%20SJC%20to%20NRT%20on%202027-07-08%20one%20way
2026-09-01T21:46:54+00:00,nrt-any,Tokyo (any airline),NRT,SJC,2027-07-09,717,"Alaska, Cathay Pacific",2,https://www.google.com/travel/flights?q=Flights%20from%20SJC%20to%20NRT%20on%202027-07-09%20one%20way
2026-09-02T21:49:33+00:00,nrt-any,Tokyo (any airline),NRT,SJC,2027-07-10,717,"Alaska, Cathay Pacific",2,https://www.google.com/travel/flights?q=Flights%20from%20SJC%20to%20NRT%20on%202027-07-10%20one%20way
2026-09-03T21:42:38+00:00,nrt-any,Tokyo (any airline),NRT,SJC,2027-07-11,657,?,Unknown,https://www.google.com/travel/flights?q=Flights%20from%20SJC%20to%20NRT%20on%202027-07-11%20one%20way
2026-08-25T07:58:10+00:00,nrt-any,Tokyo (any airline),NRT,SJC,2027-07-12,657,"Alaska, Cathay Pacific",2,https://www.google.com/travel/flights?q=Flights%20from%20SJC%20to%20NRT%20on%202027-07-12%20one%20way
2026-09-02T00:14:40+00:00,nrt-any,Tokyo (any airline),NRT,SJC,2027-07-13,657,"Alaska, Cathay Pacific",2,https://www.google.com/travel/flights?q=Flights%20from%20SJC%20to%20NRT%20on%202027-07-13%20one%20way
2026-09-03T00:15:57+00:00,nrt-any,Tokyo (any airline),NRT,SJC,2027-07-14,657,?,Unknown,https://www.google.com/travel/flights?q=Flights%20from%20SJC%20to%20NRT%20on%202027-07-14%20one%20way
2026-09-04T00:06:22+00:00,nrt-any,Tokyo (any airline),NRT,SJC,2027-07-15,717,"Alaska, Cathay Pacific",2,https://www.google.com/travel/flights?q=Flights%20from%20SJC%20to%20NRT%20on%202027-07-15%20one%20way
2026-08-30T06:40:33+00:00,nrt-any,Tokyo (any airline),NRT,SJC,2027-07-16,923,?,Unknown,https://www.google.com/travel/flights?q=Flights%20from%20SJC%20to%20NRT%20on%202027-07-16%20one%20way
2026-09-02T04:34:13+00:00,nrt-any,Tokyo (any airline),NRT,SJC,2027-07-17,717,?,Unknown,https://www.google.com/travel/flights?q=Flights%20from%20SJC%20to%20NRT%20on%202027-07-17%20one%20way
2026-09-03T04:34:43+00:00,nrt-any,Tokyo (any airline),NRT,SJC,2027-07-18,657,"Alaska, Cathay Pacific",2,https://www.google.com/travel/flights?q=Flights%20from%20SJC%20to%20NRT%20on%202027-07-18%20one%20way
2026-09-04T04:33:42+00:00,nrt-any,Tokyo (any airline),NRT,SJC,2027-07-19,657,"Alaska, Cathay Pacific",2,https://www.google.com/travel/flights?q=Flights%20from%20SJC%20to%20NRT%20on%202027-07-19%20one%20way
2026-08-29T11:05:19+00:00,nrt-any,Tokyo (any airline),NRT,SJC,2027-07-20,657,"Alaska, Cathay Pacific",2,https://www.google.com/travel/flights?q=Flights%20from%20SJC%20to%20NRT%20on%202027-07-20%20one%20way
2026-08-27T14:18:40+00:00,nrt-any,Tokyo (any airline),NRT,SJC,2027-07-21,657,"Alaska, Cathay Pacific",2,https://www.google.com/travel/flights?q=Flights%20from%20SJC%20to%20NRT%20on%202027-07-21%20one%20way
2026-09-02T09:37:49+00:00,nrt-any,Tokyo (any airline),NRT,SJC,2027-07-22,717,"Alaska, Cathay Pacific",2,https://www.google.com/travel/flights?q=Flights%20from%20SJC%20to%20NRT%20on%202027-07-22%20one%20way
2026-09-03T09:50:38+00:00,nrt-any,Tokyo (any airline),NRT,SJC,2027-07-23,717,?,Unknown,https://www.google.com/travel/flights?q=Flights%20from%20SJC%20to%20NRT%20on%202027-07-23%20one%20way
2026-08-31T13:50:56+00:00,nrt-any,Tokyo (any airline),NRT,SJC,2027-07-24,717,?,Unknown,https://www.google.com/travel/flights?q=Flights%20from%20SJC%20to%20NRT%20on%202027-07-24%20one%20way
2026-09-01T14:53:27+00:00,nrt-any,Tokyo (any airline),NRT,SJC,2027-07-26,657,"Alaska, Cathay Pacific",2,https://www.google.com/travel/flights?q=Flights%20from%20SJC%20to%20NRT%20on%202027-07-26%20one%20way
2026-09-02T14:29:37+00:00,nrt-any,Tokyo (any airline),NRT,SJC,2027-07-27,657,"Alaska, Cathay Pacific",2,https://www.google.com/travel/flights?q=Flights%20from%20SJC%20to%20NRT%20on%202027-07-27%20one%20way
2026-07-22T00:12:17+00:00,nrt-zg,Tokyo (ZIPAIR),NRT,SFO,2026-07-24,284,ZIPAIR Tokyo,0,https://www.google.com/travel/flights?q=Flights%20from%20SFO%20to%20NRT%20on%202026-07-24%20one%20way
2026-07-23T06:40:08+00:00,nrt-zg,Tokyo (ZIPAIR),NRT,SFO,2026-07-31,284,ZIPAIR Tokyo,0,https://www.google.com/travel/flights?q=Flights%20from%20SFO%20to%20NRT%20on%202026-07-31%20one%20way
2026-07-25T06:37:16+00:00,nrt-zg,Tokyo (ZIPAIR),NRT,SFO,2026-08-02,284,ZIPAIR Tokyo,0,https://www.google.com/travel/flights?q=Flights%20from%20SFO%20to%20NRT%20on%202026-08-02%20one%20way
2026-07-28T07:59:05+00:00,nrt-zg,Tokyo (ZIPAIR),NRT,SFO,2026-08-06,284,ZIPAIR Tokyo,0,https://www.google.com/travel/flights?q=Flights%20from%20SFO%20to%20NRT%20on%202026-08-06%20one%20way
2026-07-25T11:47:25+00:00,nrt-zg,Tokyo (ZIPAIR),NRT,SFO,2026-08-07,284,ZIPAIR Tokyo,0,https://www.google.com/travel/flights?q=Flights%20from%20SFO%20to%20NRT%20on%202026-08-07%20one%20way
2026-07-22T15:55:45+00:00,nrt-zg,Tokyo (ZIPAIR),NRT,SFO,2026-08-08,284,ZIPAIR Tokyo,0,https://www.google.com/travel/flights?q=Flights%20from%20SFO%20to%20NRT%20on%202026-08-08%20one%20way
2026-07-26T12:46:41+00:00,nrt-zg,Tokyo (ZIPAIR),NRT,SFO,2026-08-09,284,ZIPAIR Tokyo,0,https://www.google.com/travel/flights?q=Flights%20from%20SFO%20to%20NRT%20on%202026-08-09%20one%20way
2026-07-29T10:16:47+00:00,nrt-zg,Tokyo (ZIPAIR),NRT,SFO,2026-08-10,284,ZIPAIR Tokyo,0,https://www.google.com/travel/flights?q=Flights%20from%20SFO%20to%20NRT%20on%202026-08-10%20one%20way
2026-07-23T18:00:54+00:00,nrt-zg,Tokyo (ZIPAIR),NRT,SFO,2026-08-12,284,ZIPAIR Tokyo,0,https://www.google.com/travel/flights?q=Flights%20from%20SFO%20to%20NRT%20on%202026-08-12%20one%20way
2026-07-26T16:32:09+00:00,nrt-zg,Tokyo (ZIPAIR),NRT,SFO,2026-08-13,284,ZIPAIR Tokyo,0,https://www.google.com/travel/flights?q=Flights%20from%20SFO%20to%20NRT%20on%202026-08-13%20one%20way
2026-08-01T11:43:54+00:00,nrt-zg,Tokyo (ZIPAIR),NRT,SFO,2026-08-14,484,ZIPAIR Tokyo,0,https://www.google.com/travel/flights?q=Flights%20from%20SFO%20to%20NRT%20on%202026-08-14%20one%20way
2026-08-09T04:48:21+00:00,nrt-zg,Tokyo (ZIPAIR),NRT,SFO,2026-08-15,429,ZIPAIR Tokyo,0,https://www.google.com/travel/flights?q=Flights%20from%20SFO%20to%20NRT%20on%202026-08-15%20one%20way
2026-08-02T12:42:33+00:00,nrt-zg,Tokyo (ZIPAIR),NRT,SFO,2026-08-16,384,ZIPAIR Tokyo,0,https://www.google.com/travel/flights?q=Flights%20from%20SFO%20to%20NRT%20on%202026-08-16%20one%20way
2026-07-22T00:12:17+00:00,nrt-zg,Tokyo (ZIPAIR),NRT,SFO,2026-08-17,284,ZIPAIR Tokyo,0,https://www.google.com/travel/flights?q=Flights%20from%20SFO%20to%20NRT%20on%202026-08-17%20one%20way
2026-08-07T09:43:11+00:00,nrt-zg,Tokyo (ZIPAIR),NRT,SFO,2026-08-18,284,ZIPAIR Tokyo,0,https://www.google.com/travel/flights?q=Flights%20from%20SFO%20to%20NRT%20on%202026-08-18%20one%20way
2026-08-09T08:01:52+00:00,nrt-zg,Tokyo (ZIPAIR),NRT,SFO,2026-08-19,384,ZIPAIR Tokyo,0,https://www.google.com/travel/flights?q=Flights%20from%20SFO%20to%20NRT%20on%202026-08-19%20one%20way
2026-08-15T03:08:02+00:00,nrt-zg,Tokyo (ZIPAIR),NRT,SFO,2026-08-20,484,ZIPAIR Tokyo,0,https://www.google.com/travel/flights?q=Flights%20from%20SFO%20to%20NRT%20on%202026-08-20%20one%20way
2026-08-16T03:28:42+00:00,nrt-zg,Tokyo (ZIPAIR),NRT,SFO,2026-08-21,534,ZIPAIR Tokyo,0,https://www.google.com/travel/flights?q=Flights%20from%20SFO%20to%20NRT%20on%202026-08-21%20one%20way
2026-08-17T03:29:29+00:00,nrt-zg,Tokyo (ZIPAIR),NRT,SFO,2026-08-22,484,ZIPAIR Tokyo,0,https://www.google.com/travel/flights?q=Flights%20from%20SFO%20to%20NRT%20on%202026-08-22%20one%20way
2026-08-18T03:13:06+00:00,nrt-zg,Tokyo (ZIPAIR),NRT,SFO,2026-08-23,429,ZIPAIR Tokyo,0,https://www.google.com/travel/flights?q=Flights%20from%20SFO%20to%20NRT%20on%202026-08-23%20one%20way
2026-08-21T01:57:35+00:00,nrt-zg,Tokyo (ZIPAIR),NRT,SFO,2026-08-24,429,ZIPAIR Tokyo,0,https://www.google.com/travel/flights?q=Flights%20from%20SFO%20to%20NRT%20on%202026-08-24%20one%20way
2026-08-20T03:58:17+00:00,nrt-zg,Tokyo (ZIPAIR),NRT,SFO,2026-08-25,429,ZIPAIR Tokyo,0,https://www.google.com/travel/flights?q=Flights%20from%20SFO%20to%20NRT%20on%202026-08-25%20one%20way
2026-08-23T01:59:42+00:00,nrt-zg,Tokyo (ZIPAIR),NRT,SFO,2026-08-26,429,ZIPAIR Tokyo,0,https://www.google.com/travel/flights?q=Flights%20from%20SFO%20to%20NRT%20on%202026-08-26%20one%20way
2026-08-22T03:56:42+00:00,nrt-zg,Tokyo (ZIPAIR),NRT,SFO,2026-08-27,484,ZIPAIR Tokyo,0,https://www.google.com/travel/flights?q=Flights%20from%20SFO%20to%20NRT%20on%202026-08-27%20one%20way
2026-08-25T01:52:31+00:00,nrt-zg,Tokyo (ZIPAIR),NRT,SFO,2026-08-28,689,ZIPAIR Tokyo,0,https://www.google.com/travel/flights?q=Flights%20from%20SFO%20to%20NRT%20on%202026-08-28%20one%20way
2026-08-23T04:51:58+00:00,nrt-zg,Tokyo (ZIPAIR),NRT,SFO,2026-08-29,534,ZIPAIR Tokyo,0,https://www.google.com/travel/flights?q=Flights%20from%20SFO%20to%20NRT%20on%202026-08-29%20one%20way
2026-08-24T04:06:57+00:00,nrt-zg,Tokyo (ZIPAIR),NRT,SFO,2026-08-30,534,ZIPAIR Tokyo,0,https://www.google.com/travel/flights?q=Flights%20from%20SFO%20to%20NRT%20on%202026-08-30%20one%20way
2026-08-26T03:17:57+00:00,nrt-zg,Tokyo (ZIPAIR),NRT,SFO,2026-08-31,789,ZIPAIR Tokyo,0,https://www.google.com/travel/flights?q=Flights%20from%20SFO%20to%20NRT%20on%202026-08-31%20one%20way
2026-08-27T03:19:35+00:00,nrt-zg,Tokyo (ZIPAIR),NRT,SFO,2026-09-01,429,ZIPAIR Tokyo,0,https://www.google.com/travel/flights?q=Flights%20from%20SFO%20to%20NRT%20on%202026-09-01%20one%20way
2026-08-26T05:50:20+00:00,nrt-zg,Tokyo (ZIPAIR),NRT,SFO,2026-09-02,429,ZIPAIR Tokyo,0,https://www.google.com/travel/flights?q=Flights%20from%20SFO%20to%20NRT%20on%202026-09-02%20one%20way
2026-08-25T07:58:10+00:00,nrt-zg,Tokyo (ZIPAIR),NRT,SFO,2026-09-03,609,ZIPAIR Tokyo,0,https://www.google.com/travel/flights?q=Flights%20from%20SFO%20to%20NRT%20on%202026-09-03%20one%20way
2026-08-24T09:04:39+00:00,nrt-zg,Tokyo (ZIPAIR),NRT,SFO,2026-09-04,689,ZIPAIR Tokyo,0,https://www.google.com/travel/flights?q=Flights%20from%20SFO%20to%20NRT%20on%202026-09-04%20one%20way
2026-09-03T00:15:57+00:00,nrt-zg,Tokyo (ZIPAIR),NRT,SFO,2026-09-05,689,ZIPAIR Tokyo,0,https://www.google.com/travel/flights?q=Flights%20from%20SFO%20to%20NRT%20on%202026-09-05%20one%20way
2026-08-22T13:00:51+00:00,nrt-zg,Tokyo (ZIPAIR),NRT,SFO,2026-09-06,429,ZIPAIR Tokyo,0,https://www.google.com/travel/flights?q=Flights%20from%20SFO%20to%20NRT%20on%202026-09-06%20one%20way
2026-08-31T05:35:23+00:00,nrt-zg,Tokyo (ZIPAIR),NRT,SFO,2026-09-07,429,ZIPAIR Tokyo,0,https://www.google.com/travel/flights?q=Flights%20from%20SFO%20to%20NRT%20on%202026-09-07%20one%20way
2026-09-02T04:34:13+00:00,nrt-zg,Tokyo (ZIPAIR),NRT,SFO,2026-09-08,429,ZIPAIR Tokyo,0,https://www.google.com/travel/flights?q=Flights%20from%20SFO%20to%20NRT%20on%202026-09-08%20one%20way
2026-09-03T04:34:43+00:00,nrt-zg,Tokyo (ZIPAIR),NRT,SFO,2026-09-09,429,ZIPAIR Tokyo,0,https://www.google.com/travel/flights?q=Flights%20from%20SFO%20to%20NRT%20on%202026-09-09%20one%20way
2026-09-04T04:33:42+00:00,nrt-zg,Tokyo (ZIPAIR),NRT,SFO,2026-09-10,484,ZIPAIR Tokyo,0,https://www.google.com/travel/flights?q=Flights%20from%20SFO%20to%20NRT%20on%202026-09-10%20one%20way
2026-08-29T11:05:19+00:00,nrt-zg,Tokyo (ZIPAIR),NRT,SFO,2026-09-11,484,ZIPAIR Tokyo,0,https://www.google.com/travel/flights?q=Flights%20from%20SFO%20to%20NRT%20on%202026-09-11%20one%20way
2026-08-25T16:55:28+00:00,nrt-zg,Tokyo (ZIPAIR),NRT,SFO,2026-09-12,689,ZIPAIR Tokyo,0,https://www.google.com/travel/flights?q=Flights%20from%20SFO%20to%20NRT%20on%202026-09-12%20one%20way
2026-09-02T09:37:49+00:00,nrt-zg,Tokyo (ZIPAIR),NRT,SFO,2026-09-13,689,ZIPAIR Tokyo,0,https://www.google.com/travel/flights?q=Flights%20from%20SFO%20to%20NRT%20on%202026-09-13%20one%20way
2026-08-25T18:56:40+00:00,nrt-zg,Tokyo (ZIPAIR),NRT,SFO,2026-09-14,429,ZIPAIR Tokyo,0,https://www.google.com/travel/flights?q=Flights%20from%20SFO%20to%20NRT%20on%202026-09-14%20one%20way
2026-08-31T13:50:56+00:00,nrt-zg,Tokyo (ZIPAIR),NRT,SFO,2026-09-15,429,ZIPAIR Tokyo,0,https://www.google.com/travel/flights?q=Flights%20from%20SFO%20to%20NRT%20on%202026-09-15%20one%20way
2026-08-25T20:45:57+00:00,nrt-zg,Tokyo (ZIPAIR),NRT,SFO,2026-09-16,484,ZIPAIR Tokyo,0,https://www.google.com/travel/flights?q=Flights%20from%20SFO%20to%20NRT%20on%202026-09-16%20one%20way
2026-08-25T21:44:07+00:00,nrt-zg,Tokyo (ZIPAIR),NRT,SFO,2026-09-17,609,ZIPAIR Tokyo,0,https://www.google.com/travel/flights?q=Flights%20from%20SFO%20to%20NRT%20on%202026-09-17%20one%20way
2026-08-25T22:44:53+00:00,nrt-zg,Tokyo (ZIPAIR),NRT,SFO,2026-09-18,689,ZIPAIR Tokyo,0,https://www.google.com/travel/flights?q=Flights%20from%20SFO%20to%20NRT%20on%202026-09-18%20one%20way
2026-09-03T14:34:41+00:00,nrt-zg,Tokyo (ZIPAIR),NRT,SFO,2026-09-19,689,ZIPAIR Tokyo,0,https://www.google.com/travel/flights?q=Flights%20from%20SFO%20to%20NRT%20on%202026-09-19%20one%20way
2026-08-24T01:57:43+00:00,nrt-zg,Tokyo (ZIPAIR),NRT,SFO,2026-09-20,484,ZIPAIR Tokyo,0,https://www.google.com/travel/flights?q=Flights%20from%20SFO%20to%20NRT%20on%202026-09-20%20one%20way
2026-08-28T22:20:18+00:00,nrt-zg,Tokyo (ZIPAIR),NRT,SFO,2026-09-21,484,ZIPAIR Tokyo,0,https://www.google.com/travel/flights?q=Flights%20from%20SFO%20to%20NRT%20on%202026-09-21%20one%20way
2026-09-02T18:42:50+00:00,nrt-zg,Tokyo (ZIPAIR),NRT,SFO,2026-09-22,609,ZIPAIR Tokyo,0,https://www.google.com/travel/flights?q=Flights%20from%20SFO%20to%20NRT%20on%202026-09-22%20one%20way
2026-09-03T18:39:20+00:00,nrt-zg,Tokyo (ZIPAIR),NRT,SFO,2026-09-23,609,ZIPAIR Tokyo,0,https://www.google.com/travel/flights?q=Flights%20from%20SFO%20to%20NRT%20on%202026-09-23%20one%20way
2026-09-01T21:46:54+00:00,nrt-zg,Tokyo (ZIPAIR),NRT,SFO,2026-09-24,789,ZIPAIR Tokyo,0,https://www.google.com/travel/flights?q=Flights%20from%20SFO%20to%20NRT%20on%202026-09-24%20one%20way
2026-08-16T14:58:30+00:00,nrt-zg,Tokyo (ZIPAIR),NRT,SFO,2026-09-25,874,ZIPAIR Tokyo,0,https://www.google.com/travel/flights?q=Flights%20from%20SFO%20to%20NRT%20on%202026-09-25%20one%20way
2026-08-26T05:50:20+00:00,nrt-zg,Tokyo (ZIPAIR),NRT,SFO,2026-09-26,1309,ZIPAIR Tokyo,0,https://www.google.com/travel/flights?q=Flights%20from%20SFO%20to%20NRT%20on%202026-09-26%20one%20way
2026-08-25T07:58:10+00:00,nrt-zg,Tokyo (ZIPAIR),NRT,SFO,2026-09-27,789,ZIPAIR Tokyo,0,https://www.google.com/travel/flights?q=Flights%20from%20SFO%20to%20NRT%20on%202026-09-27%20one%20way
2026-08-26T07:59:33+00:00,nrt-zg,Tokyo (ZIPAIR),NRT,SFO,2026-09-28,609,ZIPAIR Tokyo,0,https://www.google.com/travel/flights?q=Flights%20from%20SFO%20to%20NRT%20on%202026-09-28%20one%20way
2026-09-03T00:15:57+00:00,nrt-zg,Tokyo (ZIPAIR),NRT,SFO,2026-09-29,609,ZIPAIR Tokyo,0,https://www.google.com/travel/flights?q=Flights%20from%20SFO%20to%20NRT%20on%202026-09-29%20one%20way
2026-09-04T00:06:22+00:00,nrt-zg,Tokyo (ZIPAIR),NRT,SFO,2026-09-30,609,ZIPAIR Tokyo,0,https://www.google.com/travel/flights?q=Flights%20from%20SFO%20to%20NRT%20on%202026-09-30%20one%20way
2026-08-25T11:43:51+00:00,nrt-zg,Tokyo (ZIPAIR),NRT,SFO,2026-10-01,789,ZIPAIR Tokyo,0,https://www.google.com/travel/flights?q=Flights%20from%20SFO%20to%20NRT%20on%202026-10-01%20one%20way
2026-09-01T05:08:23+00:00,nrt-zg,Tokyo (ZIPAIR),NRT,SFO,2026-10-02,689,ZIPAIR Tokyo,0,https://www.google.com/travel/flights?q=Flights%20from%20SFO%20to%20NRT%20on%202026-10-02%20one%20way
2026-08-25T13:11:19+00:00,nrt-zg,Tokyo (ZIPAIR),NRT,SFO,2026-10-03,689,ZIPAIR Tokyo,0,https://www.google.com/travel/flights?q=Flights%20from%20SFO%20to%20NRT%20on%202026-10-03%20one%20way
2026-09-04T04:33:42+00:00,nrt-zg,Tokyo (ZIPAIR),NRT,SFO,2026-10-04,484,ZIPAIR Tokyo,0,https://www.google.com/travel/flights?q=Flights%20from%20SFO%20to%20NRT%20on%202026-10-04%20one%20way
2026-08-25T15:05:17+00:00,nrt-zg,Tokyo (ZIPAIR),NRT,SFO,2026-10-05,559,ZIPAIR Tokyo,0,https://www.google.com/travel/flights?q=Flights%20from%20SFO%20to%20NRT%20on%202026-10-05%20one%20way
2026-08-26T15:56:58+00:00,nrt-zg,Tokyo (ZIPAIR),NRT,SFO,2026-10-06,534,ZIPAIR Tokyo,0,https://www.google.com/travel/flights?q=Flights%20from%20SFO%20to%20NRT%20on%202026-10-06%20one%20way
2026-09-02T09:37:49+00:00,nrt-zg,Tokyo (ZIPAIR),NRT,SFO,2026-10-07,534,ZIPAIR Tokyo,0,https://www.google.com/travel/flights?q=Flights%20from%20SFO%20to%20NRT%20on%202026-10-07%20one%20way
2026-08-25T18:56:40+00:00,nrt-zg,Tokyo (ZIPAIR),NRT,SFO,2026-10-08,609,ZIPAIR Tokyo,0,https://www.google.com/travel/flights?q=Flights%20from%20SFO%20to%20NRT%20on%202026-10-08%20one%20way
2026-08-29T15:37:50+00:00,nrt-zg,Tokyo (ZIPAIR),NRT,SFO,2026-10-09,689,ZIPAIR Tokyo,0,https://www.google.com/travel/flights?q=Flights%20from%20SFO%20to%20NRT%20on%202026-10-09%20one%20way
2026-08-25T20:45:57+00:00,nrt-zg,Tokyo (ZIPAIR),NRT,SFO,2026-10-10,689,ZIPAIR Tokyo,0,https://www.google.com/travel/flights?q=Flights%20from%20SFO%20to%20NRT%20on%202026-10-10%20one%20way
2026-08-25T21:44:07+00:00,nrt-zg,Tokyo (ZIPAIR),NRT,SFO,2026-10-11,559,ZIPAIR Tokyo,0,https://www.google.com/travel/flights?q=Flights%20from%20SFO%20to%20NRT%20on%202026-10-11%20one%20way
2026-09-02T14:29:37+00:00,nrt-zg,Tokyo (ZIPAIR),NRT,SFO,2026-10-12,484,ZIPAIR Tokyo,0,https://www.google.com/travel/flights?q=Flights%20from%20SFO%20to%20NRT%20on%202026-10-12%20one%20way
2026-09-03T14:34:41+00:00,nrt-zg,Tokyo (ZIPAIR),NRT,SFO,2026-10-13,484,ZIPAIR Tokyo,0,https://www.google.com/travel/flights?q=Flights%20from%20SFO%20to%20NRT%20on%202026-10-13%20one%20way
2026-08-24T01:57:43+00:00,nrt-zg,Tokyo (ZIPAIR),NRT,SFO,2026-10-14,534,ZIPAIR Tokyo,0,https://www.google.com/travel/flights?q=Flights%20from%20SFO%20to%20NRT%20on%202026-10-14%20one%20way
2026-09-01T18:30:46+00:00,nrt-zg,Tokyo (ZIPAIR),NRT,SFO,2026-10-15,484,ZIPAIR Tokyo,0,https://www.google.com/travel/flights?q=Flights%20from%20SFO%20to%20NRT%20on%202026-10-15%20one%20way
2026-09-02T18:42:50+00:00,nrt-zg,Tokyo (ZIPAIR),NRT,SFO,2026-10-16,609,ZIPAIR Tokyo,0,https://www.google.com/travel/flights?q=Flights%20from%20SFO%20to%20NRT%20on%202026-10-16%20one%20way
2026-08-23T05:44:55+00:00,nrt-zg,Tokyo (ZIPAIR),NRT,SFO,2026-10-17,559,ZIPAIR Tokyo,0,https://www.google.com/travel/flights?q=Flights%20from%20SFO%20to%20NRT%20on%202026-10-17%20one%20way
2026-09-01T21:46:54+00:00,nrt-zg,Tokyo (ZIPAIR),NRT,SFO,2026-10-18,429,ZIPAIR Tokyo,0,https://www.google.com/travel/flights?q=Flights%20from%20SFO%20to%20NRT%20on%202026-10-18%20one%20way
2026-09-02T21:49:33+00:00,nrt-zg,Tokyo (ZIPAIR),NRT,SFO,2026-10-19,429,ZIPAIR Tokyo,0,https://www.google.com/travel/flights?q=Flights%20from%20SFO%20to%20NRT%20on%202026-10-19%20one%20way
2026-08-26T05:50:20+00:00,nrt-zg,Tokyo (ZIPAIR),NRT,SFO,2026-10-20,484,ZIPAIR Tokyo,0,https://www.google.com/travel/flights?q=Flights%20from%20SFO%20to%20NRT%20on%202026-10-20%20one%20way
2026-08-25T07:58:10+00:00,nrt-zg,Tokyo (ZIPAIR),NRT,SFO,2026-10-21,484,ZIPAIR Tokyo,0,https://www.google.com/travel/flights?q=Flights%20from%20SFO%20to%20NRT%20on%202026-10-21%20one%20way
2026-08-26T07:59:33+00:00,nrt-zg,Tokyo (ZIPAIR),NRT,SFO,2026-10-22,534,ZIPAIR Tokyo,0,https://www.google.com/travel/flights?q=Flights%20from%20SFO%20to%20NRT%20on%202026-10-22%20one%20way
2026-09-03T00:15:57+00:00,nrt-zg,Tokyo (ZIPAIR),NRT,SFO,2026-10-23,484,ZIPAIR Tokyo,0,https://www.google.com/travel/flights?q=Flights%20from%20SFO%20to%20NRT%20on%202026-10-23%20one%20way
2026-09-04T00:06:22+00:00,nrt-zg,Tokyo (ZIPAIR),NRT,SFO,2026-10-24,484,ZIPAIR Tokyo,0,https://www.google.com/travel/flights?q=Flights%20from%20SFO%20to%20NRT%20on%202026-10-24%20one%20way
2026-08-31T05:35:23+00:00,nrt-zg,Tokyo (ZIPAIR),NRT,SFO,2026-10-25,459,ZIPAIR Tokyo,0,https://www.google.com/travel/flights?q=Flights%20from%20SFO%20to%20NRT%20on%202026-10-25%20one%20way
2026-09-02T04:34:13+00:00,nrt-zg,Tokyo (ZIPAIR),NRT,SFO,2026-10-26,459,ZIPAIR Tokyo,0,https://www.google.com/travel/flights?q=Flights%20from%20SFO%20to%20NRT%20on%202026-10-26%20one%20way
2026-09-03T04:34:43+00:00,nrt-zg,Tokyo (ZIPAIR),NRT,SFO,2026-10-27,459,ZIPAIR Tokyo,0,https://www.google.com/travel/flights?q=Flights%20from%20SFO%20to%20NRT%20on%202026-10-27%20one%20way
2026-09-04T04:33:42+00:00,nrt-zg,Tokyo (ZIPAIR),NRT,SFO,2026-10-28,459,ZIPAIR Tokyo,0,https://www.google.com/travel/flights?q=Flights%20from%20SFO%20to%20NRT%20on%202026-10-28%20one%20way
2026-08-29T11:05:19+00:00,nrt-zg,Tokyo (ZIPAIR),NRT,SFO,2026-10-29,459,ZIPAIR Tokyo,0,https://www.google.com/travel/flights?q=Flights%20from%20SFO%20to%20NRT%20on%202026-10-29%20one%20way
2026-08-27T14:18:40+00:00,nrt-zg,Tokyo (ZIPAIR),NRT,SFO,2026-10-30,484,ZIPAIR Tokyo,0,https://www.google.com/travel/flights?q=Flights%20from%20SFO%20to%20NRT%20on%202026-10-30%20one%20way
2026-09-02T09:37:49+00:00,nrt-zg,Tokyo (ZIPAIR),NRT,SFO,2026-10-31,459,ZIPAIR Tokyo,0,https://www.google.com/travel/flights?q=Flights%20from%20SFO%20to%20NRT%20on%202026-10-31%20one%20way
2026-09-03T09:50:38+00:00,nrt-zg,Tokyo (ZIPAIR),NRT,SFO,2026-11-01,484,ZIPAIR Tokyo,0,https://www.google.com/travel/flights?q=Flights%20from%20SFO%20to%20NRT%20on%202026-11-01%20one%20way
2026-08-31T13:50:56+00:00,nrt-zg,Tokyo (ZIPAIR),NRT,SFO,2026-11-02,459,ZIPAIR Tokyo,0,https://www.google.com/travel/flights?q=Flights%20from%20SFO%20to%20NRT%20on%202026-11-02%20one%20way
2026-08-25T20:45:57+00:00,nrt-zg,Tokyo (ZIPAIR),NRT,SFO,2026-11-03,484,ZIPAIR Tokyo,0,https://www.google.com/travel/flights?q=Flights%20from%20SFO%20to%20NRT%20on%202026-11-03%20one%20way
2026-08-21T01:57:35+00:00,nrt-zg,Tokyo (ZIPAIR),NRT,SFO,2026-11-04,484,ZIPAIR Tokyo,0,https://www.google.com/travel/flights?q=Flights%20from%20SFO%20to%20NRT%20on%202026-11-04%20one%20way
2026-09-02T14:29:37+00:00,nrt-zg,Tokyo (ZIPAIR),NRT,SFO,2026-11-05,459,ZIPAIR Tokyo,0,https://www.google.com/travel/flights?q=Flights%20from%20SFO%20to%20NRT%20on%202026-11-05%20one%20way
2026-08-29T19:24:36+00:00,nrt-zg,Tokyo (ZIPAIR),NRT,SFO,2026-11-06,459,ZIPAIR Tokyo,0,https://www.google.com/travel/flights?q=Flights%20from%20SFO%20to%20NRT%20on%202026-11-06%20one%20way
2026-08-24T01:57:43+00:00,nrt-zg,Tokyo (ZIPAIR),NRT,SFO,2026-11-07,559,ZIPAIR Tokyo,0,https://www.google.com/travel/flights?q=Flights%20from%20SFO%20to%20NRT%20on%202026-11-07%20one%20way
2026-08-25T01:52:31+00:00,nrt-zg,Tokyo (ZIPAIR),NRT,SFO,2026-11-08,484,ZIPAIR Tokyo,0,https://www.google.com/travel/flights?q=Flights%20from%20SFO%20to%20NRT%20on%202026-11-08%20one%20way
2026-09-02T18:42:50+00:00,nrt-zg,Tokyo (ZIPAIR),NRT,SFO,2026-11-09,459,ZIPAIR Tokyo,0,https://www.google.com/travel/flights?q=Flights%20from%20SFO%20to%20NRT%20on%202026-11-09%20one%20way
2026-08-25T03:12:59+00:00,nrt-zg,Tokyo (ZIPAIR),NRT,SFO,2026-11-10,484,ZIPAIR Tokyo,0,https://www.google.com/travel/flights?q=Flights%20from%20SFO%20to%20NRT%20on%202026-11-10%20one%20way
2026-09-01T21:46:54+00:00,nrt-zg,Tokyo (ZIPAIR),NRT,SFO,2026-11-11,459,ZIPAIR Tokyo,0,https://www.google.com/travel/flights?q=Flights%20from%20SFO%20to%20NRT%20on%202026-11-11%20one%20way
2026-09-02T21:49:33+00:00,nrt-zg,Tokyo (ZIPAIR),NRT,SFO,2026-11-12,459,ZIPAIR Tokyo,0,https://www.google.com/travel/flights?q=Flights%20from%20SFO%20to%20NRT%20on%202026-11-12%20one%20way
2026-08-30T01:15:23+00:00,nrt-zg,Tokyo (ZIPAIR),NRT,SFO,2026-11-13,484,ZIPAIR Tokyo,0,https://www.google.com/travel/flights?q=Flights%20from%20SFO%20to%20NRT%20on%202026-11-13%20one%20way
2026-08-25T07:58:10+00:00,nrt-zg,Tokyo (ZIPAIR),NRT,SFO,2026-11-14,559,ZIPAIR Tokyo,0,https://www.google.com/travel/flights?q=Flights%20from%20SFO%20to%20NRT%20on%202026-11-14%20one%20way
2026-09-02T00:14:40+00:00,nrt-zg,Tokyo (ZIPAIR),NRT,SFO,2026-11-15,534,ZIPAIR Tokyo,0,https://www.google.com/travel/flights?q=Flights%20from%20SFO%20to%20NRT%20on%202026-11-15%20one%20way
2026-09-03T00:15:57+00:00,nrt-zg,Tokyo (ZIPAIR),NRT,SFO,2026-11-16,484,ZIPAIR Tokyo,0,https://www.google.com/travel/flights?q=Flights%20from%20SFO%20to%20NRT%20on%202026-11-16%20one%20way
2026-09-04T00:06:22+00:00,nrt-zg,Tokyo (ZIPAIR),NRT,SFO,2026-11-17,534,ZIPAIR Tokyo,0,https://www.google.com/travel/flights?q=Flights%20from%20SFO%20to%20NRT%20on%202026-11-17%20one%20way
2026-08-25T11:43:51+00:00,nrt-zg,Tokyo (ZIPAIR),NRT,SFO,2026-11-18,634,ZIPAIR Tokyo,0,https://www.google.com/travel/flights?q=Flights%20from%20SFO%20to%20NRT%20on%202026-11-18%20one%20way
2026-07-27T17:22:36+00:00,nrt-zg,Tokyo (ZIPAIR),NRT,SFO,2026-11-19,634,ZIPAIR Tokyo,0,https://www.google.com/travel/flights?q=Flights%20from%20SFO%20to%20NRT%20on%202026-11-19%20one%20way
2026-08-02T12:42:33+00:00,nrt-zg,Tokyo (ZIPAIR),NRT,SFO,2026-11-20,1309,ZIPAIR Tokyo,0,https://www.google.com/travel/flights?q=Flights%20from%20SFO%20to%20NRT%20on%202026-11-20%20one%20way
2026-07-22T00:12:17+00:00,nrt-zg,Tokyo (ZIPAIR),NRT,SFO,2026-11-21,984,ZIPAIR Tokyo,0,https://www.google.com/travel/flights?q=Flights%20from%20SFO%20to%20NRT%20on%202026-11-21%20one%20way
2026-08-29T11:05:19+00:00,nrt-zg,Tokyo (ZIPAIR),NRT,SFO,2026-11-22,759,ZIPAIR Tokyo,0,https://www.google.com/travel/flights?q=Flights%20from%20SFO%20to%20NRT%20on%202026-11-22%20one%20way
2026-08-26T15:56:58+00:00,nrt-zg,Tokyo (ZIPAIR),NRT,SFO,2026-11-23,534,ZIPAIR Tokyo,0,https://www.google.com/travel/flights?q=Flights%20from%20SFO%20to%20NRT%20on%202026-11-23%20one%20way
2026-09-02T09:37:49+00:00,nrt-zg,Tokyo (ZIPAIR),NRT,SFO,2026-11-24,534,ZIPAIR Tokyo,0,https://www.google.com/travel/flights?q=Flights%20from%20SFO%20to%20NRT%20on%202026-11-24%20one%20way
2026-09-03T09:50:38+00:00,nrt-zg,Tokyo (ZIPAIR),NRT,SFO,2026-11-25,534,ZIPAIR Tokyo,0,https://www.google.com/travel/flights?q=Flights%20from%20SFO%20to%20NRT%20on%202026-11-25%20one%20way
2026-08-31T13:50:56+00:00,nrt-zg,Tokyo (ZIPAIR),NRT,SFO,2026-11-26,534,ZIPAIR Tokyo,0,https://www.google.com/travel/flights?q=Flights%20from%20SFO%20to%20NRT%20on%202026-11-26%20one%20way
2026-08-26T19:18:45+00:00,nrt-zg,Tokyo (ZIPAIR),NRT,SFO,2026-11-27,484,ZIPAIR Tokyo,0,https://www.google.com/travel/flights?q=Flights%20from%20SFO%20to%20NRT%20on%202026-11-27%20one%20way
2026-08-21T01:57:35+00:00,nrt-zg,Tokyo (ZIPAIR),NRT,SFO,2026-11-28,459,ZIPAIR Tokyo,0,https://www.google.com/travel/flights?q=Flights%20from%20SFO%20to%20NRT%20on%202026-11-28%20one%20way
2026-08-25T22:44:53+00:00,nrt-zg,Tokyo (ZIPAIR),NRT,SFO,2026-11-29,459,ZIPAIR Tokyo,0,https://www.google.com/travel/flights?q=Flights%20from%20SFO%20to%20NRT%20on%202026-11-29%20one%20way
2026-09-03T14:34:41+00:00,nrt-zg,Tokyo (ZIPAIR),NRT,SFO,2026-11-30,459,ZIPAIR Tokyo,0,https://www.google.com/travel/flights?q=Flights%20from%20SFO%20to%20NRT%20on%202026-11-30%20one%20way
2026-08-20T05:46:18+00:00,nrt-zg,Tokyo (ZIPAIR),NRT,SFO,2026-12-01,409,ZIPAIR Tokyo,0,https://www.google.com/travel/flights?q=Flights%20from%20SFO%20to%20NRT%20on%202026-12-01%20one%20way
2026-08-28T22:20:18+00:00,nrt-zg,Tokyo (ZIPAIR),NRT,SFO,2026-12-02,459,ZIPAIR Tokyo,0,https://www.google.com/travel/flights?q=Flights%20from%20SFO%20to%20NRT%20on%202026-12-02%20one%20way
2026-08-30T21:06:09+00:00,nrt-zg,Tokyo (ZIPAIR),NRT,SFO,2026-12-03,409,ZIPAIR Tokyo,0,https://www.google.com/travel/flights?q=Flights%20from%20SFO%20to%20NRT%20on%202026-12-03%20one%20way
2026-08-25T03:59:31+00:00,nrt-zg,Tokyo (ZIPAIR),NRT,SFO,2026-12-04,459,ZIPAIR Tokyo,0,https://www.google.com/travel/flights?q=Flights%20from%20SFO%20to%20NRT%20on%202026-12-04%20one%20way
2026-09-01T21:46:54+00:00,nrt-zg,Tokyo (ZIPAIR),NRT,SFO,2026-12-05,484,ZIPAIR Tokyo,0,https://www.google.com/travel/flights?q=Flights%20from%20SFO%20to%20NRT%20on%202026-12-05%20one%20way
2026-08-27T03:19:35+00:00,nrt-zg,Tokyo (ZIPAIR),NRT,SFO,2026-12-06,459,ZIPAIR Tokyo,0,https://www.google.com/travel/flights?q=Flights%20from%20SFO%20to%20NRT%20on%202026-12-06%20one%20way
2026-09-03T21:42:38+00:00,nrt-zg,Tokyo (ZIPAIR),NRT,SFO,2026-12-07,459,ZIPAIR Tokyo,0,https://www.google.com/travel/flights?q=Flights%20from%20SFO%20to%20NRT%20on%202026-12-07%20one%20way
2026-08-23T09:42:49+00:00,nrt-zg,Tokyo (ZIPAIR),NRT,SFO,2026-12-08,459,ZIPAIR Tokyo,0,https://www.google.com/travel/flights?q=Flights%20from%20SFO%20to%20NRT%20on%202026-12-08%20one%20way
2026-09-02T00:14:40+00:00,nrt-zg,Tokyo (ZIPAIR),NRT,SFO,2026-12-09,484,ZIPAIR Tokyo,0,https://www.google.com/travel/flights?q=Flights%20from%20SFO%20to%20NRT%20on%202026-12-09%20one%20way
2026-08-24T10:53:19+00:00,nrt-zg,Tokyo (ZIPAIR),NRT,SFO,2026-12-10,534,ZIPAIR Tokyo,0,https://www.google.com/travel/flights?q=Flights%20from%20SFO%20to%20NRT%20on%202026-12-10%20one%20way
2026-08-26T09:56:58+00:00,nrt-zg,Tokyo (ZIPAIR),NRT,SFO,2026-12-11,584,ZIPAIR Tokyo,0,https://www.google.com/travel/flights?q=Flights%20from%20SFO%20to%20NRT%20on%202026-12-11%20one%20way
2026-08-31T05:35:23+00:00,nrt-zg,Tokyo (ZIPAIR),NRT,SFO,2026-12-12,684,ZIPAIR Tokyo,0,https://www.google.com/travel/flights?q=Flights%20from%20SFO%20to%20NRT%20on%202026-12-12%20one%20way
2026-09-02T04:34:13+00:00,nrt-zg,Tokyo (ZIPAIR),NRT,SFO,2026-12-13,634,ZIPAIR Tokyo,0,https://www.google.com/travel/flights?q=Flights%20from%20SFO%20to%20NRT%20on%202026-12-13%20one%20way
2026-09-03T04:34:43+00:00,nrt-zg,Tokyo (ZIPAIR),NRT,SFO,2026-12-14,584,ZIPAIR Tokyo,0,https://www.google.com/travel/flights?q=Flights%20from%20SFO%20to%20NRT%20on%202026-12-14%20one%20way
2026-09-04T04:33:42+00:00,nrt-zg,Tokyo (ZIPAIR),NRT,SFO,2026-12-15,984,ZIPAIR Tokyo,0,https://www.google.com/travel/flights?q=Flights%20from%20SFO%20to%20NRT%20on%202026-12-15%20one%20way
2026-08-04T13:26:00+00:00,nrt-zg,Tokyo (ZIPAIR),NRT,SFO,2026-12-17,984,ZIPAIR Tokyo,0,https://www.google.com/travel/flights?q=Flights%20from%20SFO%20to%20NRT%20on%202026-12-17%20one%20way
2026-08-02T20:31:25+00:00,nrt-zg,Tokyo (ZIPAIR),NRT,SFO,2026-12-22,984,ZIPAIR Tokyo,0,https://www.google.com/travel/flights?q=Flights%20from%20SFO%20to%20NRT%20on%202026-12-22%20one%20way
2026-08-24T23:35:02+00:00,nrt-zg,Tokyo (ZIPAIR),NRT,SFO,2026-12-23,984,ZIPAIR Tokyo,0,https://www.google.com/travel/flights?q=Flights%20from%20SFO%20to%20NRT%20on%202026-12-23%20one%20way
2026-09-03T14:34:41+00:00,nrt-zg,Tokyo (ZIPAIR),NRT,SFO,2026-12-24,984,ZIPAIR Tokyo,0,https://www.google.com/travel/flights?q=Flights%20from%20SFO%20to%20NRT%20on%202026-12-24%20one%20way
2026-08-24T01:57:43+00:00,nrt-zg,Tokyo (ZIPAIR),NRT,SFO,2026-12-25,584,ZIPAIR Tokyo,0,https://www.google.com/travel/flights?q=Flights%20from%20SFO%20to%20NRT%20on%202026-12-25%20one%20way
2026-08-28T22:20:18+00:00,nrt-zg,Tokyo (ZIPAIR),NRT,SFO,2026-12-26,634,ZIPAIR Tokyo,0,https://www.google.com/travel/flights?q=Flights%20from%20SFO%20to%20NRT%20on%202026-12-26%20one%20way
2026-08-31T20:05:14+00:00,nrt-zg,Tokyo (ZIPAIR),NRT,SFO,2026-12-27,559,ZIPAIR Tokyo,0,https://www.google.com/travel/flights?q=Flights%20from%20SFO%20to%20NRT%20on%202026-12-27%20one%20way
2026-09-03T18:39:20+00:00,nrt-zg,Tokyo (ZIPAIR),NRT,SFO,2026-12-28,534,ZIPAIR Tokyo,0,https://www.google.com/travel/flights?q=Flights%20from%20SFO%20to%20NRT%20on%202026-12-28%20one%20way
2026-08-30T23:30:07+00:00,nrt-zg,Tokyo (ZIPAIR),NRT,SFO,2026-12-29,484,ZIPAIR Tokyo,0,https://www.google.com/travel/flights?q=Flights%20from%20SFO%20to%20NRT%20on%202026-12-29%20one%20way
2026-09-02T21:49:33+00:00,nrt-zg,Tokyo (ZIPAIR),NRT,SFO,2026-12-30,484,ZIPAIR Tokyo,0,https://www.google.com/travel/flights?q=Flights%20from%20SFO%20to%20NRT%20on%202026-12-30%20one%20way
2026-09-03T21:42:38+00:00,nrt-zg,Tokyo (ZIPAIR),NRT,SFO,2026-12-31,484,ZIPAIR Tokyo,0,https://www.google.com/travel/flights?q=Flights%20from%20SFO%20to%20NRT%20on%202026-12-31%20one%20way
2026-08-25T07:58:10+00:00,nrt-zg,Tokyo (ZIPAIR),NRT,SFO,2027-01-01,534,ZIPAIR Tokyo,0,https://www.google.com/travel/flights?q=Flights%20from%20SFO%20to%20NRT%20on%202027-01-01%20one%20way
2026-08-29T04:09:47+00:00,nrt-zg,Tokyo (ZIPAIR),NRT,SFO,2027-01-02,534,ZIPAIR Tokyo,0,https://www.google.com/travel/flights?q=Flights%20from%20SFO%20to%20NRT%20on%202027-01-02%20one%20way
2026-08-25T09:51:44+00:00,nrt-zg,Tokyo (ZIPAIR),NRT,SFO,2027-01-03,484,ZIPAIR Tokyo,0,https://www.google.com/travel/flights?q=Flights%20from%20SFO%20to%20NRT%20on%202027-01-03%20one%20way
2026-09-04T00:06:22+00:00,nrt-zg,Tokyo (ZIPAIR),NRT,SFO,2027-01-04,484,ZIPAIR Tokyo,0,https://www.google.com/travel/flights?q=Flights%20from%20SFO%20to%20NRT%20on%202027-01-04%20one%20way
2026-08-26T10:51:37+00:00,nrt-zg,Tokyo (ZIPAIR),NRT,SFO,2027-01-05,484,ZIPAIR Tokyo,0,https://www.google.com/travel/flights?q=Flights%20from%20SFO%20to%20NRT%20on%202027-01-05%20one%20way
2026-09-02T04:34:13+00:00,nrt-zg,Tokyo (ZIPAIR),NRT,SFO,2027-01-06,459,ZIPAIR Tokyo,0,https://www.google.com/travel/flights?q=Flights%20from%20SFO%20to%20NRT%20on%202027-01-06%20one%20way
2026-08-24T14:59:54+00:00,nrt-zg,Tokyo (ZIPAIR),NRT,SFO,2027-01-07,459,ZIPAIR Tokyo,0,https://www.google.com/travel/flights?q=Flights%20from%20SFO%20to%20NRT%20on%202027-01-07%20one%20way
2026-08-28T11:23:35+00:00,nrt-zg,Tokyo (ZIPAIR),NRT,SFO,2027-01-08,459,ZIPAIR Tokyo,0,https://www.google.com/travel/flights?q=Flights%20from%20SFO%20to%20NRT%20on%202027-01-08%20one%20way
2026-08-29T11:05:19+00:00,nrt-zg,Tokyo (ZIPAIR),NRT,SFO,2027-01-09,459,ZIPAIR Tokyo,0,https://www.google.com/travel/flights?q=Flights%20from%20SFO%20to%20NRT%20on%202027-01-09%20one%20way
2026-08-27T14:18:40+00:00,nrt-zg,Tokyo (ZIPAIR),NRT,SFO,2027-01-10,459,ZIPAIR Tokyo,0,https://www.google.com/travel/flights?q=Flights%20from%20SFO%20to%20NRT%20on%202027-01-10%20one%20way
2026-09-02T09:37:49+00:00,nrt-zg,Tokyo (ZIPAIR),NRT,SFO,2027-01-11,459,ZIPAIR Tokyo,0,https://www.google.com/travel/flights?q=Flights%20from%20SFO%20to%20NRT%20on%202027-01-11%20one%20way
2026-08-25T18:56:40+00:00,nrt-zg,Tokyo (ZIPAIR),NRT,SFO,2027-01-12,459,ZIPAIR Tokyo,0,https://www.google.com/travel/flights?q=Flights%20from%20SFO%20to%20NRT%20on%202027-01-12%20one%20way
2026-08-31T13:50:56+00:00,nrt-zg,Tokyo (ZIPAIR),NRT,SFO,2027-01-13,459,ZIPAIR Tokyo,0,https://www.google.com/travel/flights?q=Flights%20from%20SFO%20to%20NRT%20on%202027-01-13%20one%20way
2026-08-25T20:45:57+00:00,nrt-zg,Tokyo (ZIPAIR),NRT,SFO,2027-01-14,459,ZIPAIR Tokyo,0,https://www.google.com/travel/flights?q=Flights%20from%20SFO%20to%20NRT%20on%202027-01-14%20one%20way
2026-09-01T14:53:27+00:00,nrt-zg,Tokyo (ZIPAIR),NRT,SFO,2027-01-15,459,ZIPAIR Tokyo,0,https://www.google.com/travel/flights?q=Flights%20from%20SFO%20to%20NRT%20on%202027-01-15%20one%20way
2026-09-02T14:29:37+00:00,nrt-zg,Tokyo (ZIPAIR),NRT,SFO,2027-01-16,459,ZIPAIR Tokyo,0,https://www.google.com/travel/flights?q=Flights%20from%20SFO%20to%20NRT%20on%202027-01-16%20one%20way
2026-08-26T22:16:08+00:00,nrt-zg,Tokyo (ZIPAIR),NRT,SFO,2027-01-17,459,ZIPAIR Tokyo,0,https://www.google.com/travel/flights?q=Flights%20from%20SFO%20to%20NRT%20on%202027-01-17%20one%20way
2026-08-24T01:57:43+00:00,nrt-zg,Tokyo (ZIPAIR),NRT,SFO,2027-01-18,459,ZIPAIR Tokyo,0,https://www.google.com/travel/flights?q=Flights%20from%20SFO%20to%20NRT%20on%202027-01-18%20one%20way
2026-09-01T18:30:46+00:00,nrt-zg,Tokyo (ZIPAIR),NRT,SFO,2027-01-19,459,ZIPAIR Tokyo,0,https://www.google.com/travel/flights?q=Flights%20from%20SFO%20to%20NRT%20on%202027-01-19%20one%20way
2026-09-02T18:42:50+00:00,nrt-zg,Tokyo (ZIPAIR),NRT,SFO,2027-01-20,459,ZIPAIR Tokyo,0,https://www.google.com/travel/flights?q=Flights%20from%20SFO%20to%20NRT%20on%202027-01-20%20one%20way
2026-09-03T18:39:20+00:00,nrt-zg,Tokyo (ZIPAIR),NRT,SFO,2027-01-21,459,ZIPAIR Tokyo,0,https://www.google.com/travel/flights?q=Flights%20from%20SFO%20to%20NRT%20on%202027-01-21%20one%20way
2026-09-01T21:46:54+00:00,nrt-zg,Tokyo (ZIPAIR),NRT,SFO,2027-01-22,459,ZIPAIR Tokyo,0,https://www.google.com/travel/flights?q=Flights%20from%20SFO%20to%20NRT%20on%202027-01-22%20one%20way
2026-08-31T23:50:53+00:00,nrt-zg,Tokyo (ZIPAIR),NRT,SFO,2027-01-23,459,ZIPAIR Tokyo,0,https://www.google.com/travel/flights?q=Flights%20from%20SFO%20to%20NRT%20on%202027-01-23%20one%20way
2026-09-03T21:42:38+00:00,nrt-zg,Tokyo (ZIPAIR),NRT,SFO,2027-01-24,459,ZIPAIR Tokyo,0,https://www.google.com/travel/flights?q=Flights%20from%20SFO%20to%20NRT%20on%202027-01-24%20one%20way
2026-08-25T07:58:10+00:00,nrt-zg,Tokyo (ZIPAIR),NRT,SFO,2027-01-25,459,ZIPAIR Tokyo,0,https://www.google.com/travel/flights?q=Flights%20from%20SFO%20to%20NRT%20on%202027-01-25%20one%20way
2026-09-02T00:14:40+00:00,nrt-zg,Tokyo (ZIPAIR),NRT,SFO,2027-01-26,459,ZIPAIR Tokyo,0,https://www.google.com/travel/flights?q=Flights%20from%20SFO%20to%20NRT%20on%202027-01-26%20one%20way
2026-08-25T09:51:44+00:00,nrt-zg,Tokyo (ZIPAIR),NRT,SFO,2027-01-27,459,ZIPAIR Tokyo,0,https://www.google.com/travel/flights?q=Flights%20from%20SFO%20to%20NRT%20on%202027-01-27%20one%20way
2026-09-04T00:06:22+00:00,nrt-zg,Tokyo (ZIPAIR),NRT,SFO,2027-01-28,459,ZIPAIR Tokyo,0,https://www.google.com/travel/flights?q=Flights%20from%20SFO%20to%20NRT%20on%202027-01-28%20one%20way
2026-08-31T05:35:23+00:00,nrt-zg,Tokyo (ZIPAIR),NRT,SFO,2027-01-29,459,ZIPAIR Tokyo,0,https://www.google.com/travel/flights?q=Flights%20from%20SFO%20to%20NRT%20on%202027-01-29%20one%20way
2026-08-23T14:39:33+00:00,nrt-zg,Tokyo (ZIPAIR),NRT,SFO,2027-01-30,459,ZIPAIR Tokyo,0,https://www.google.com/travel/flights?q=Flights%20from%20SFO%20to%20NRT%20on%202027-01-30%20one%20way
2026-09-03T04:34:43+00:00,nrt-zg,Tokyo (ZIPAIR),NRT,SFO,2027-01-31,459,ZIPAIR Tokyo,0,https://www.google.com/travel/flights?q=Flights%20from%20SFO%20to%20NRT%20on%202027-01-31%20one%20way
2026-08-28T11:23:35+00:00,nrt-zg,Tokyo (ZIPAIR),NRT,SFO,2027-02-01,459,ZIPAIR Tokyo,0,https://www.google.com/travel/flights?q=Flights%20from%20SFO%20to%20NRT%20on%202027-02-01%20one%20way
2026-08-26T14:04:39+00:00,nrt-zg,Tokyo (ZIPAIR),NRT,SFO,2027-02-02,459,ZIPAIR Tokyo,0,https://www.google.com/travel/flights?q=Flights%20from%20SFO%20to%20NRT%20on%202027-02-02%20one%20way
2026-08-26T15:56:58+00:00,nrt-zg,Tokyo (ZIPAIR),NRT,SFO,2027-02-03,459,ZIPAIR Tokyo,0,https://www.google.com/travel/flights?q=Flights%20from%20SFO%20to%20NRT%20on%202027-02-03%20one%20way
2026-09-02T09:37:49+00:00,nrt-zg,Tokyo (ZIPAIR),NRT,SFO,2027-02-04,459,ZIPAIR Tokyo,0,https://www.google.com/travel/flights?q=Flights%20from%20SFO%20to%20NRT%20on%202027-02-04%20one%20way
2026-08-25T18:56:40+00:00,nrt-zg,Tokyo (ZIPAIR),NRT,SFO,2027-02-05,459,ZIPAIR Tokyo,0,https://www.google.com/travel/flights?q=Flights%20from%20SFO%20to%20NRT%20on%202027-02-05%20one%20way
2026-08-29T15:37:50+00:00,nrt-zg,Tokyo (ZIPAIR),NRT,SFO,2027-02-06,459,ZIPAIR Tokyo,0,https://www.google.com/travel/flights?q=Flights%20from%20SFO%20to%20NRT%20on%202027-02-06%20one%20way
2026-08-26T19:18:45+00:00,nrt-zg,Tokyo (ZIPAIR),NRT,SFO,2027-02-07,459,ZIPAIR Tokyo,0,https://www.google.com/travel/flights?q=Flights%20from%20SFO%20to%20NRT%20on%202027-02-07%20one%20way
2026-09-01T14:53:27+00:00,nrt-zg,Tokyo (ZIPAIR),NRT,SFO,2027-02-08,459,ZIPAIR Tokyo,0,https://www.google.com/travel/flights?q=Flights%20from%20SFO%20to%20NRT%20on%202027-02-08%20one%20way
2026-09-02T14:29:37+00:00,nrt-zg,Tokyo (ZIPAIR),NRT,SFO,2027-02-09,459,ZIPAIR Tokyo,0,https://www.google.com/travel/flights?q=Flights%20from%20SFO%20to%20NRT%20on%202027-02-09%20one%20way
2026-08-26T22:16:08+00:00,nrt-zg,Tokyo (ZIPAIR),NRT,SFO,2027-02-10,459,ZIPAIR Tokyo,0,https://www.google.com/travel/flights?q=Flights%20from%20SFO%20to%20NRT%20on%202027-02-10%20one%20way
2026-08-24T01:57:43+00:00,nrt-zg,Tokyo (ZIPAIR),NRT,SFO,2027-02-11,459,ZIPAIR Tokyo,0,https://www.google.com/travel/flights?q=Flights%20from%20SFO%20to%20NRT%20on%202027-02-11%20one%20way
2026-09-01T18:30:46+00:00,nrt-zg,Tokyo (ZIPAIR),NRT,SFO,2027-02-12,484,ZIPAIR Tokyo,0,https://www.google.com/travel/flights?q=Flights%20from%20SFO%20to%20NRT%20on%202027-02-12%20one%20way
2026-09-02T18:42:50+00:00,nrt-zg,Tokyo (ZIPAIR),NRT,SFO,2027-02-13,484,ZIPAIR Tokyo,0,https://www.google.com/travel/flights?q=Flights%20from%20SFO%20to%20NRT%20on%202027-02-13%20one%20way
2026-09-03T18:39:20+00:00,nrt-zg,Tokyo (ZIPAIR),NRT,SFO,2027-02-14,459,ZIPAIR Tokyo,0,https://www.google.com/travel/flights?q=Flights%20from%20SFO%20to%20NRT%20on%202027-02-14%20one%20way
2026-09-01T21:46:54+00:00,nrt-zg,Tokyo (ZIPAIR),NRT,SFO,2027-02-15,459,ZIPAIR Tokyo,0,https://www.google.com/travel/flights?q=Flights%20from%20SFO%20to%20NRT%20on%202027-02-15%20one%20way
2026-09-02T21:49:33+00:00,nrt-zg,Tokyo (ZIPAIR),NRT,SFO,2027-02-16,459,ZIPAIR Tokyo,0,https://www.google.com/travel/flights?q=Flights%20from%20SFO%20to%20NRT%20on%202027-02-16%20one%20way
2026-09-03T21:42:38+00:00,nrt-zg,Tokyo (ZIPAIR),NRT,SFO,2027-02-17,459,ZIPAIR Tokyo,0,https://www.google.com/travel/flights?q=Flights%20from%20SFO%20to%20NRT%20on%202027-02-17%20one%20way
2026-08-25T07:58:10+00:00,nrt-zg,Tokyo (ZIPAIR),NRT,SFO,2027-02-18,459,ZIPAIR Tokyo,0,https://www.google.com/travel/flights?q=Flights%20from%20SFO%20to%20NRT%20on%202027-02-18%20one%20way
2026-08-26T07:08:45+00:00,nrt-zg,Tokyo (ZIPAIR),NRT,SFO,2027-02-19,459,ZIPAIR Tokyo,0,https://www.google.com/travel/flights?q=Flights%20from%20SFO%20to%20NRT%20on%202027-02-19%20one%20way
2026-08-24T10:53:19+00:00,nrt-zg,Tokyo (ZIPAIR),NRT,SFO,2027-02-20,459,ZIPAIR Tokyo,0,https://www.google.com/travel/flights?q=Flights%20from%20SFO%20to%20NRT%20on%202027-02-20%20one%20way
2026-09-04T00:06:22+00:00,nrt-zg,Tokyo (ZIPAIR),NRT,SFO,2027-02-21,459,ZIPAIR Tokyo,0,https://www.google.com/travel/flights?q=Flights%20from%20SFO%20to%20NRT%20on%202027-02-21%20one%20way
2026-08-26T10:51:37+00:00,nrt-zg,Tokyo (ZIPAIR),NRT,SFO,2027-02-22,459,ZIPAIR Tokyo,0,https://www.google.com/travel/flights?q=Flights%20from%20SFO%20to%20NRT%20on%202027-02-22%20one%20way
2026-09-02T04:34:13+00:00,nrt-zg,Tokyo (ZIPAIR),NRT,SFO,2027-02-23,459,ZIPAIR Tokyo,0,https://www.google.com/travel/flights?q=Flights%20from%20SFO%20to%20NRT%20on%202027-02-23%20one%20way
2026-08-25T13:11:19+00:00,nrt-zg,Tokyo (ZIPAIR),NRT,SFO,2027-02-24,459,ZIPAIR Tokyo,0,https://www.google.com/travel/flights?q=Flights%20from%20SFO%20to%20NRT%20on%202027-02-24%20one%20way
2026-09-04T04:33:42+00:00,nrt-zg,Tokyo (ZIPAIR),NRT,SFO,2027-02-25,459,ZIPAIR Tokyo,0,https://www.google.com/travel/flights?q=Flights%20from%20SFO%20to%20NRT%20on%202027-02-25%20one%20way
2026-08-25T15:05:17+00:00,nrt-zg,Tokyo (ZIPAIR),NRT,SFO,2027-02-26,459,ZIPAIR Tokyo,0,https://www.google.com/travel/flights?q=Flights%20from%20SFO%20to%20NRT%20on%202027-02-26%20one%20way
2026-08-27T14:18:40+00:00,nrt-zg,Tokyo (ZIPAIR),NRT,SFO,2027-02-27,459,ZIPAIR Tokyo,0,https://www.google.com/travel/flights?q=Flights%20from%20SFO%20to%20NRT%20on%202027-02-27%20one%20way
2026-09-01T10:06:27+00:00,nrt-zg,Tokyo (ZIPAIR),NRT,SFO,2027-02-28,459,ZIPAIR Tokyo,0,https://www.google.com/travel/flights?q=Flights%20from%20SFO%20to%20NRT%20on%202027-02-28%20one%20way
2026-09-03T09:50:38+00:00,nrt-zg,Tokyo (ZIPAIR),NRT,SFO,2027-03-01,459,ZIPAIR Tokyo,0,https://www.google.com/travel/flights?q=Flights%20from%20SFO%20to%20NRT%20on%202027-03-01%20one%20way
2026-08-29T15:37:50+00:00,nrt-zg,Tokyo (ZIPAIR),NRT,SFO,2027-03-02,459,ZIPAIR Tokyo,0,https://www.google.com/travel/flights?q=Flights%20from%20SFO%20to%20NRT%20on%202027-03-02%20one%20way
2026-08-26T19:18:45+00:00,nrt-zg,Tokyo (ZIPAIR),NRT,SFO,2027-03-03,459,ZIPAIR Tokyo,0,https://www.google.com/travel/flights?q=Flights%20from%20SFO%20to%20NRT%20on%202027-03-03%20one%20way
2026-09-01T14:53:27+00:00,nrt-zg,Tokyo (ZIPAIR),NRT,SFO,2027-03-04,459,ZIPAIR Tokyo,0,https://www.google.com/travel/flights?q=Flights%20from%20SFO%20to%20NRT%20on%202027-03-04%20one%20way
2026-08-30T17:29:22+00:00,nrt-zg,Tokyo (ZIPAIR),NRT,SFO,2027-03-05,484,ZIPAIR Tokyo,0,https://www.google.com/travel/flights?q=Flights%20from%20SFO%20to%20NRT%20on%202027-03-05%20one%20way
2026-09-03T14:34:41+00:00,nrt-zg,Tokyo (ZIPAIR),NRT,SFO,2027-03-06,459,ZIPAIR Tokyo,0,https://www.google.com/travel/flights?q=Flights%20from%20SFO%20to%20NRT%20on%202027-03-06%20one%20way
2026-08-24T01:57:43+00:00,nrt-zg,Tokyo (ZIPAIR),NRT,SFO,2027-03-07,459,ZIPAIR Tokyo,0,https://www.google.com/travel/flights?q=Flights%20from%20SFO%20to%20NRT%20on%202027-03-07%20one%20way
2026-09-01T18:30:46+00:00,nrt-zg,Tokyo (ZIPAIR),NRT,SFO,2027-03-08,459,ZIPAIR Tokyo,0,https://www.google.com/travel/flights?q=Flights%20from%20SFO%20to%20NRT%20on%202027-03-08%20one%20way
2026-08-31T20:05:14+00:00,nrt-zg,Tokyo (ZIPAIR),NRT,SFO,2027-03-09,459,ZIPAIR Tokyo,0,https://www.google.com/travel/flights?q=Flights%20from%20SFO%20to%20NRT%20on%202027-03-09%20one%20way
2026-09-03T18:39:20+00:00,nrt-zg,Tokyo (ZIPAIR),NRT,SFO,2027-03-10,459,ZIPAIR Tokyo,0,https://www.google.com/travel/flights?q=Flights%20from%20SFO%20to%20NRT%20on%202027-03-10%20one%20way
2026-09-01T21:46:54+00:00,nrt-zg,Tokyo (ZIPAIR),NRT,SFO,2027-03-11,484,ZIPAIR Tokyo,0,https://www.google.com/travel/flights?q=Flights%20from%20SFO%20to%20NRT%20on%202027-03-11%20one%20way
2026-09-02T21:49:33+00:00,nrt-zg,Tokyo (ZIPAIR),NRT,SFO,2027-03-12,484,ZIPAIR Tokyo,0,https://www.google.com/travel/flights?q=Flights%20from%20SFO%20to%20NRT%20on%202027-03-12%20one%20way
2026-08-26T05:50:20+00:00,nrt-zg,Tokyo (ZIPAIR),NRT,SFO,2027-03-13,484,ZIPAIR Tokyo,0,https://www.google.com/travel/flights?q=Flights%20from%20SFO%20to%20NRT%20on%202027-03-13%20one%20way
2026-08-25T07:58:10+00:00,nrt-zg,Tokyo (ZIPAIR),NRT,SFO,2027-03-14,459,ZIPAIR Tokyo,0,https://www.google.com/travel/flights?q=Flights%20from%20SFO%20to%20NRT%20on%202027-03-14%20one%20way
2026-09-02T00:14:40+00:00,nrt-zg,Tokyo (ZIPAIR),NRT,SFO,2027-03-15,459,ZIPAIR Tokyo,0,https://www.google.com/travel/flights?q=Flights%20from%20SFO%20to%20NRT%20on%202027-03-15%20one%20way
2026-09-03T00:15:57+00:00,nrt-zg,Tokyo (ZIPAIR),NRT,SFO,2027-03-16,459,ZIPAIR Tokyo,0,https://www.google.com/travel/flights?q=Flights%20from%20SFO%20to%20NRT%20on%202027-03-16%20one%20way
2026-08-22T13:44:16+00:00,nrt-zg,Tokyo (ZIPAIR),NRT,SFO,2027-03-17,459,ZIPAIR Tokyo,0,https://www.google.com/travel/flights?q=Flights%20from%20SFO%20to%20NRT%20on%202027-03-17%20one%20way
2026-08-30T06:40:33+00:00,nrt-zg,Tokyo (ZIPAIR),NRT,SFO,2027-03-18,484,ZIPAIR Tokyo,0,https://www.google.com/travel/flights?q=Flights%20from%20SFO%20to%20NRT%20on%202027-03-18%20one%20way
2026-09-02T04:34:13+00:00,nrt-zg,Tokyo (ZIPAIR),NRT,SFO,2027-03-19,484,ZIPAIR Tokyo,0,https://www.google.com/travel/flights?q=Flights%20from%20SFO%20to%20NRT%20on%202027-03-19%20one%20way
2026-09-03T04:34:43+00:00,nrt-zg,Tokyo (ZIPAIR),NRT,SFO,2027-03-20,484,ZIPAIR Tokyo,0,https://www.google.com/travel/flights?q=Flights%20from%20SFO%20to%20NRT%20on%202027-03-20%20one%20way
2026-09-04T04:33:42+00:00,nrt-zg,Tokyo (ZIPAIR),NRT,SFO,2027-03-21,459,ZIPAIR Tokyo,0,https://www.google.com/travel/flights?q=Flights%20from%20SFO%20to%20NRT%20on%202027-03-21%20one%20way
2026-08-26T14:04:39+00:00,nrt-zg,Tokyo (ZIPAIR),NRT,SFO,2027-03-22,459,ZIPAIR Tokyo,0,https://www.google.com/travel/flights?q=Flights%20from%20SFO%20to%20NRT%20on%202027-03-22%20one%20way
2026-08-27T14:18:40+00:00,nrt-zg,Tokyo (ZIPAIR),NRT,SFO,2027-03-23,459,ZIPAIR Tokyo,0,https://www.google.com/travel/flights?q=Flights%20from%20SFO%20to%20NRT%20on%202027-03-23%20one%20way
2026-09-02T09:37:49+00:00,nrt-zg,Tokyo (ZIPAIR),NRT,SFO,2027-03-24,459,ZIPAIR Tokyo,0,https://www.google.com/travel/flights?q=Flights%20from%20SFO%20to%20NRT%20on%202027-03-24%20one%20way
2026-08-24T19:44:59+00:00,nrt-zg,Tokyo (ZIPAIR),NRT,SFO,2027-03-25,459,ZIPAIR Tokyo,0,https://www.google.com/travel/flights?q=Flights%20from%20SFO%20to%20NRT%20on%202027-03-25%20one%20way
2026-08-31T13:50:56+00:00,nrt-zg,Tokyo (ZIPAIR),NRT,SFO,2027-03-26,484,ZIPAIR Tokyo,0,https://www.google.com/travel/flights?q=Flights%20from%20SFO%20to%20NRT%20on%202027-03-26%20one%20way
2026-08-26T19:18:45+00:00,nrt-zg,Tokyo (ZIPAIR),NRT,SFO,2027-03-27,484,ZIPAIR Tokyo,0,https://www.google.com/travel/flights?q=Flights%20from%20SFO%20to%20NRT%20on%202027-03-27%20one%20way
2026-07-25T06:37:16+00:00,nrt-zg,Tokyo (ZIPAIR),NRT,SJC,2026-08-02,234,ZIPAIR Tokyo,0,https://www.google.com/travel/flights?q=Flights%20from%20SJC%20to%20NRT%20on%202026-08-02%20one%20way
2026-07-26T09:02:17+00:00,nrt-zg,Tokyo (ZIPAIR),NRT,SJC,2026-08-06,234,ZIPAIR Tokyo,0,https://www.google.com/travel/flights?q=Flights%20from%20SJC%20to%20NRT%20on%202026-08-06%20one%20way
2026-08-01T06:47:22+00:00,nrt-zg,Tokyo (ZIPAIR),NRT,SJC,2026-08-09,234,ZIPAIR Tokyo,0,https://www.google.com/travel/flights?q=Flights%20from%20SJC%20to%20NRT%20on%202026-08-09%20one%20way
2026-07-26T16:32:09+00:00,nrt-zg,Tokyo (ZIPAIR),NRT,SJC,2026-08-13,234,ZIPAIR Tokyo,0,https://www.google.com/travel/flights?q=Flights%20from%20SJC%20to%20NRT%20on%202026-08-13%20one%20way
2026-07-25T20:14:43+00:00,nrt-zg,Tokyo (ZIPAIR),NRT,SJC,2026-08-16,284,ZIPAIR Tokyo,0,https://www.google.com/travel/flights?q=Flights%20from%20SJC%20to%20NRT%20on%202026-08-16%20one%20way
2026-07-22T00:12:17+00:00,sgn,Ho Chi Minh City,SGN,OAK,2026-07-24,825,"Delta, Vietnam Airlines",2,https://www.google.com/travel/flights?q=Flights%20from%20OAK%20to%20SGN%20on%202026-07-24%20one%20way
2026-07-29T00:14:15+00:00,sgn,Ho Chi Minh City,SGN,OAK,2026-07-31,811,"Delta, Vietnam Airlines",2,https://www.google.com/travel/flights?q=Flights%20from%20OAK%20to%20SGN%20on%202026-07-31%20one%20way
2026-07-25T06:37:16+00:00,sgn,Ho Chi Minh City,SGN,OAK,2026-08-02,719,"Alaska, STARLUX Airlines",2,https://www.google.com/travel/flights?q=Flights%20from%20OAK%20to%20SGN%20on%202026-08-02%20one%20way
2026-07-28T07:59:05+00:00,sgn,Ho Chi Minh City,SGN,OAK,2026-08-06,734,"Alaska, STARLUX Airlines",2,https://www.google.com/travel/flights?q=Flights%20from%20OAK%20to%20SGN%20on%202026-08-06%20one%20way
2026-07-25T11:47:25+00:00,sgn,Ho Chi Minh City,SGN,OAK,2026-08-07,776,"Alaska, STARLUX Airlines",2,https://www.google.com/travel/flights?q=Flights%20from%20OAK%20to%20SGN%20on%202026-08-07%20one%20way
2026-08-06T00:14:35+00:00,sgn,Ho Chi Minh City,SGN,OAK,2026-08-08,709,"Alaska, STARLUX Airlines",2,https://www.google.com/travel/flights?q=Flights%20from%20OAK%20to%20SGN%20on%202026-08-08%20one%20way
2026-08-07T01:52:32+00:00,sgn,Ho Chi Minh City,SGN,OAK,2026-08-10,644,"Alaska, Cathay Pacific, Vietnam Airlines",2,https://www.google.com/travel/flights?q=Flights%20from%20OAK%20to%20SGN%20on%202026-08-10%20one%20way
2026-08-04T06:40:28+00:00,sgn,Ho Chi Minh City,SGN,OAK,2026-08-12,644,"Alaska, Cathay Pacific, Vietnam Airlines",2,https://www.google.com/travel/flights?q=Flights%20from%20OAK%20to%20SGN%20on%202026-08-12%20one%20way
2026-07-24T18:06:32+00:00,sgn,Ho Chi Minh City,SGN,OAK,2026-08-13,607,"Alaska, China Airlines",2,https://www.google.com/travel/flights?q=Flights%20from%20OAK%20to%20SGN%20on%202026-08-13%20one%20way
2026-08-09T04:48:21+00:00,sgn,Ho Chi Minh City,SGN,OAK,2026-08-15,804,"Alaska, Cathay Pacific, Vietnam Airlines",2,https://www.google.com/travel/flights?q=Flights%20from%20OAK%20to%20SGN%20on%202026-08-15%20one%20way
2026-08-02T12:42:33+00:00,sgn,Ho Chi Minh City,SGN,OAK,2026-08-16,562,"Alaska, China Airlines",2,https://www.google.com/travel/flights?q=Flights%20from%20OAK%20to%20SGN%20on%202026-08-16%20one%20way
2026-08-11T04:06:22+00:00,sgn,Ho Chi Minh City,SGN,OAK,2026-08-17,562,"Alaska, China Airlines",2,https://www.google.com/travel/flights?q=Flights%20from%20OAK%20to%20SGN%20on%202026-08-17%20one%20way
2026-08-06T10:16:45+00:00,sgn,Ho Chi Minh City,SGN,OAK,2026-08-18,562,"Alaska, China Airlines",2,https://www.google.com/travel/flights?q=Flights%20from%20OAK%20to%20SGN%20on%202026-08-18%20one%20way
2026-08-09T08:01:52+00:00,sgn,Ho Chi Minh City,SGN,OAK,2026-08-19,644,"Alaska, Cathay Pacific, Vietnam Airlines",2,https://www.google.com/travel/flights?q=Flights%20from%20OAK%20to%20SGN%20on%202026-08-19%20one%20way
2026-08-15T03:08:02+00:00,sgn,Ho Chi Minh City,SGN,OAK,2026-08-20,555,"Alaska, Cathay Pacific, Vietnam Airlines",2,https://www.google.com/travel/flights?q=Flights%20from%20OAK%20to%20SGN%20on%202026-08-20%20one%20way
2026-08-16T03:28:42+00:00,sgn,Ho Chi Minh City,SGN,OAK,2026-08-21,571,"Alaska, Cathay Pacific, Vietnam Airlines",2,https://www.google.com/travel/flights?q=Flights%20from%20OAK%20to%20SGN%20on%202026-08-21%20one%20way
2026-08-09T11:49:41+00:00,sgn,Ho Chi Minh City,SGN,OAK,2026-08-22,562,"Alaska, China Airlines",2,https://www.google.com/travel/flights?q=Flights%20from%20OAK%20to%20SGN%20on%202026-08-22%20one%20way
2026-08-16T05:46:11+00:00,sgn,Ho Chi Minh City,SGN,OAK,2026-08-23,511,"Alaska, Cathay Pacific, Vietnam Airlines",2,https://www.google.com/travel/flights?q=Flights%20from%20OAK%20to%20SGN%20on%202026-08-23%20one%20way
2026-08-21T01:57:35+00:00,sgn,Ho Chi Minh City,SGN,OAK,2026-08-24,498,"Alaska, Cathay Pacific, Vietnam Airlines",2,https://www.google.com/travel/flights?q=Flights%20from%20OAK%20to%20SGN%20on%202026-08-24%20one%20way
2026-08-22T01:50:09+00:00,sgn,Ho Chi Minh City,SGN,OAK,2026-08-25,498,"Alaska, Cathay Pacific, Vietnam Airlines",2,https://www.google.com/travel/flights?q=Flights%20from%20OAK%20to%20SGN%20on%202026-08-25%20one%20way
2026-08-23T01:59:42+00:00,sgn,Ho Chi Minh City,SGN,OAK,2026-08-26,498,"Alaska, Cathay Pacific, Vietnam Airlines",2,https://www.google.com/travel/flights?q=Flights%20from%20OAK%20to%20SGN%20on%202026-08-26%20one%20way
2026-08-24T01:57:43+00:00,sgn,Ho Chi Minh City,SGN,OAK,2026-08-27,498,"Alaska, Cathay Pacific, Vietnam Airlines",2,https://www.google.com/travel/flights?q=Flights%20from%20OAK%20to%20SGN%20on%202026-08-27%20one%20way
2026-08-23T03:15:31+00:00,sgn,Ho Chi Minh City,SGN,OAK,2026-08-28,598,"Alaska, China Airlines",2,https://www.google.com/travel/flights?q=Flights%20from%20OAK%20to%20SGN%20on%202026-08-28%20one%20way
2026-08-24T03:16:56+00:00,sgn,Ho Chi Minh City,SGN,OAK,2026-08-29,578,"Alaska, China Airlines",2,https://www.google.com/travel/flights?q=Flights%20from%20OAK%20to%20SGN%20on%202026-08-29%20one%20way
2026-08-25T03:59:31+00:00,sgn,Ho Chi Minh City,SGN,OAK,2026-08-30,598,"Alaska, China Airlines",2,https://www.google.com/travel/flights?q=Flights%20from%20OAK%20to%20SGN%20on%202026-08-30%20one%20way
2026-08-26T03:17:57+00:00,sgn,Ho Chi Minh City,SGN,OAK,2026-08-31,578,"Alaska, China Airlines",2,https://www.google.com/travel/flights?q=Flights%20from%20OAK%20to%20SGN%20on%202026-08-31%20one%20way
2026-08-26T04:55:45+00:00,sgn,Ho Chi Minh City,SGN,OAK,2026-09-01,578,"Alaska, China Airlines",2,https://www.google.com/travel/flights?q=Flights%20from%20OAK%20to%20SGN%20on%202026-09-01%20one%20way
2026-08-30T01:15:23+00:00,sgn,Ho Chi Minh City,SGN,OAK,2026-09-02,575,"Alaska, Cathay Pacific, Vietnam Airlines",2,https://www.google.com/travel/flights?q=Flights%20from%20OAK%20to%20SGN%20on%202026-09-02%20one%20way
2026-08-25T07:08:15+00:00,sgn,Ho Chi Minh City,SGN,OAK,2026-09-03,498,"Alaska, Cathay Pacific, Vietnam Airlines",2,https://www.google.com/travel/flights?q=Flights%20from%20OAK%20to%20SGN%20on%202026-09-03%20one%20way
2026-08-26T07:08:45+00:00,sgn,Ho Chi Minh City,SGN,OAK,2026-09-04,709,"Delta, Vietnam Airlines",2,https://www.google.com/travel/flights?q=Flights%20from%20OAK%20to%20SGN%20on%202026-09-04%20one%20way
2026-08-25T09:00:04+00:00,sgn,Ho Chi Minh City,SGN,OAK,2026-09-05,578,"Alaska, China Airlines",2,https://www.google.com/travel/flights?q=Flights%20from%20OAK%20to%20SGN%20on%202026-09-05%20one%20way
2026-08-26T09:56:58+00:00,sgn,Ho Chi Minh City,SGN,OAK,2026-09-06,511,"Alaska, Cathay Pacific, Vietnam Airlines",2,https://www.google.com/travel/flights?q=Flights%20from%20OAK%20to%20SGN%20on%202026-09-06%20one%20way
2026-08-31T05:35:23+00:00,sgn,Ho Chi Minh City,SGN,OAK,2026-09-07,598,"Alaska, China Airlines",2,https://www.google.com/travel/flights?q=Flights%20from%20OAK%20to%20SGN%20on%202026-09-07%20one%20way
2026-09-02T04:34:13+00:00,sgn,Ho Chi Minh City,SGN,OAK,2026-09-08,505,"Alaska, Cathay Pacific, Vietnam Airlines",2,https://www.google.com/travel/flights?q=Flights%20from%20OAK%20to%20SGN%20on%202026-09-08%20one%20way
2026-09-03T04:34:43+00:00,sgn,Ho Chi Minh City,SGN,OAK,2026-09-09,505,"Alaska, Cathay Pacific, Vietnam Airlines",2,https://www.google.com/travel/flights?q=Flights%20from%20OAK%20to%20SGN%20on%202026-09-09%20one%20way
2026-09-04T04:33:42+00:00,sgn,Ho Chi Minh City,SGN,OAK,2026-09-10,634,"Alaska, Cathay Pacific, Vietnam Airlines",2,https://www.google.com/travel/flights?q=Flights%20from%20OAK%20to%20SGN%20on%202026-09-10%20one%20way
2026-08-29T11:05:19+00:00,sgn,Ho Chi Minh City,SGN,OAK,2026-09-11,578,"Alaska, Cathay Pacific, Vietnam Airlines",2,https://www.google.com/travel/flights?q=Flights%20from%20OAK%20to%20SGN%20on%202026-09-11%20one%20way
2026-08-26T15:56:58+00:00,sgn,Ho Chi Minh City,SGN,OAK,2026-09-12,578,"Alaska, China Airlines",2,https://www.google.com/travel/flights?q=Flights%20from%20OAK%20to%20SGN%20on%202026-09-12%20one%20way
2026-09-02T09:37:49+00:00,sgn,Ho Chi Minh City,SGN,OAK,2026-09-13,518,"Alaska, Cathay Pacific, Vietnam Airlines",2,https://www.google.com/travel/flights?q=Flights%20from%20OAK%20to%20SGN%20on%202026-09-13%20one%20way
2026-08-23T20:38:52+00:00,sgn,Ho Chi Minh City,SGN,OAK,2026-09-14,498,"Alaska, Cathay Pacific, Vietnam Airlines",2,https://www.google.com/travel/flights?q=Flights%20from%20OAK%20to%20SGN%20on%202026-09-14%20one%20way
2026-08-29T15:37:50+00:00,sgn,Ho Chi Minh City,SGN,OAK,2026-09-15,505,"Alaska, Cathay Pacific, Vietnam Airlines",2,https://www.google.com/travel/flights?q=Flights%20from%20OAK%20to%20SGN%20on%202026-09-15%20one%20way
2026-08-26T19:18:45+00:00,sgn,Ho Chi Minh City,SGN,OAK,2026-09-16,498,"Alaska, Cathay Pacific, Vietnam Airlines",2,https://www.google.com/travel/flights?q=Flights%20from%20OAK%20to%20SGN%20on%202026-09-16%20one%20way
2026-08-25T21:44:07+00:00,sgn,Ho Chi Minh City,SGN,OAK,2026-09-17,498,"Alaska, Cathay Pacific, Vietnam Airlines",2,https://www.google.com/travel/flights?q=Flights%20from%20OAK%20to%20SGN%20on%202026-09-17%20one%20way
2026-08-30T17:29:22+00:00,sgn,Ho Chi Minh City,SGN,OAK,2026-09-18,578,"Alaska, Cathay Pacific, Vietnam Airlines",2,https://www.google.com/travel/flights?q=Flights%20from%20OAK%20to%20SGN%20on%202026-09-18%20one%20way
2026-08-26T22:16:08+00:00,sgn,Ho Chi Minh City,SGN,OAK,2026-09-19,628,"Alaska, China Airlines",2,https://www.google.com/travel/flights?q=Flights%20from%20OAK%20to%20SGN%20on%202026-09-19%20one%20way
2026-08-22T03:07:15+00:00,sgn,Ho Chi Minh City,SGN,OAK,2026-09-20,511,"Alaska, Cathay Pacific, Vietnam Airlines",2,https://www.google.com/travel/flights?q=Flights%20from%20OAK%20to%20SGN%20on%202026-09-20%20one%20way
2026-08-28T22:20:18+00:00,sgn,Ho Chi Minh City,SGN,OAK,2026-09-21,498,"Alaska, Cathay Pacific, Vietnam Airlines",2,https://www.google.com/travel/flights?q=Flights%20from%20OAK%20to%20SGN%20on%202026-09-21%20one%20way
2026-09-02T18:42:50+00:00,sgn,Ho Chi Minh City,SGN,OAK,2026-09-22,505,"Alaska, Cathay Pacific, Vietnam Airlines",2,https://www.google.com/travel/flights?q=Flights%20from%20OAK%20to%20SGN%20on%202026-09-22%20one%20way
2026-09-03T18:39:20+00:00,sgn,Ho Chi Minh City,SGN,OAK,2026-09-23,627,"Alaska, China Airlines",2,https://www.google.com/travel/flights?q=Flights%20from%20OAK%20to%20SGN%20on%202026-09-23%20one%20way
2026-09-01T21:46:54+00:00,sgn,Ho Chi Minh City,SGN,OAK,2026-09-24,607,"Alaska, China Airlines",2,https://www.google.com/travel/flights?q=Flights%20from%20OAK%20to%20SGN%20on%202026-09-24%20one%20way
2026-08-26T04:55:45+00:00,sgn,Ho Chi Minh City,SGN,OAK,2026-09-25,648,"Alaska, China Airlines",2,https://www.google.com/travel/flights?q=Flights%20from%20OAK%20to%20SGN%20on%202026-09-25%20one%20way
2026-08-26T05:50:20+00:00,sgn,Ho Chi Minh City,SGN,OAK,2026-09-26,628,"Alaska, China Airlines",2,https://www.google.com/travel/flights?q=Flights%20from%20OAK%20to%20SGN%20on%202026-09-26%20one%20way
2026-08-23T09:42:49+00:00,sgn,Ho Chi Minh City,SGN,OAK,2026-09-27,598,"Alaska, China Airlines",2,https://www.google.com/travel/flights?q=Flights%20from%20OAK%20to%20SGN%20on%202026-09-27%20one%20way
2026-08-29T04:09:47+00:00,sgn,Ho Chi Minh City,SGN,OAK,2026-09-28,578,"Alaska, China Airlines",2,https://www.google.com/travel/flights?q=Flights%20from%20OAK%20to%20SGN%20on%202026-09-28%20one%20way
2026-08-25T09:51:44+00:00,sgn,Ho Chi Minh City,SGN,OAK,2026-09-29,578,"Alaska, China Airlines",2,https://www.google.com/travel/flights?q=Flights%20from%20OAK%20to%20SGN%20on%202026-09-29%20one%20way
2026-09-04T00:06:22+00:00,sgn,Ho Chi Minh City,SGN,OAK,2026-09-30,634,"Alaska, Cathay Pacific, Vietnam Airlines",2,https://www.google.com/travel/flights?q=Flights%20from%20OAK%20to%20SGN%20on%202026-09-30%20one%20way
2026-08-31T05:35:23+00:00,sgn,Ho Chi Minh City,SGN,OAK,2026-10-01,628,"Alaska, China Airlines",2,https://www.google.com/travel/flights?q=Flights%20from%20OAK%20to%20SGN%20on%202026-10-01%20one%20way
2026-09-02T04:34:13+00:00,sgn,Ho Chi Minh City,SGN,OAK,2026-10-02,746,"Delta, Vietnam Airlines",2,https://www.google.com/travel/flights?q=Flights%20from%20OAK%20to%20SGN%20on%202026-10-02%20one%20way
2026-09-03T04:34:43+00:00,sgn,Ho Chi Minh City,SGN,OAK,2026-10-03,746,"Delta, Vietnam Airlines",2,https://www.google.com/travel/flights?q=Flights%20from%20OAK%20to%20SGN%20on%202026-10-03%20one%20way
2026-08-28T11:23:35+00:00,sgn,Ho Chi Minh City,SGN,OAK,2026-10-04,598,"Alaska, China Airlines",2,https://www.google.com/travel/flights?q=Flights%20from%20OAK%20to%20SGN%20on%202026-10-04%20one%20way
2026-08-22T18:48:46+00:00,sgn,Ho Chi Minh City,SGN,OAK,2026-10-05,578,"Alaska, China Airlines",2,https://www.google.com/travel/flights?q=Flights%20from%20OAK%20to%20SGN%20on%202026-10-05%20one%20way
2026-08-27T14:18:40+00:00,sgn,Ho Chi Minh City,SGN,OAK,2026-10-06,578,"Alaska, China Airlines",2,https://www.google.com/travel/flights?q=Flights%20from%20OAK%20to%20SGN%20on%202026-10-06%20one%20way
2026-09-02T09:37:49+00:00,sgn,Ho Chi Minh City,SGN,OAK,2026-10-07,682,"Alaska, China Airlines",2,https://www.google.com/travel/flights?q=Flights%20from%20OAK%20to%20SGN%20on%202026-10-07%20one%20way
2026-09-03T09:50:38+00:00,sgn,Ho Chi Minh City,SGN,OAK,2026-10-08,662,"Alaska, China Airlines",2,https://www.google.com/travel/flights?q=Flights%20from%20OAK%20to%20SGN%20on%202026-10-08%20one%20way
2026-08-29T15:37:50+00:00,sgn,Ho Chi Minh City,SGN,OAK,2026-10-09,648,"Alaska, China Airlines",2,https://www.google.com/travel/flights?q=Flights%20from%20OAK%20to%20SGN%20on%202026-10-09%20one%20way
2026-08-26T19:18:45+00:00,sgn,Ho Chi Minh City,SGN,OAK,2026-10-10,546,"Alaska, China Airlines",2,https://www.google.com/travel/flights?q=Flights%20from%20OAK%20to%20SGN%20on%202026-10-10%20one%20way
2026-08-21T01:57:35+00:00,sgn,Ho Chi Minh City,SGN,OAK,2026-10-11,598,"Alaska, China Airlines",2,https://www.google.com/travel/flights?q=Flights%20from%20OAK%20to%20SGN%20on%202026-10-11%20one%20way
2026-08-30T17:29:22+00:00,sgn,Ho Chi Minh City,SGN,OAK,2026-10-12,578,"Alaska, China Airlines",2,https://www.google.com/travel/flights?q=Flights%20from%20OAK%20to%20SGN%20on%202026-10-12%20one%20way
2026-08-29T19:24:36+00:00,sgn,Ho Chi Minh City,SGN,OAK,2026-10-13,578,"Alaska, China Airlines",2,https://www.google.com/travel/flights?q=Flights%20from%20OAK%20to%20SGN%20on%202026-10-13%20one%20way
2026-08-24T01:57:43+00:00,sgn,Ho Chi Minh City,SGN,OAK,2026-10-14,598,"Alaska, China Airlines",2,https://www.google.com/travel/flights?q=Flights%20from%20OAK%20to%20SGN%20on%202026-10-14%20one%20way
2026-08-28T22:20:18+00:00,sgn,Ho Chi Minh City,SGN,OAK,2026-10-15,628,"Alaska, China Airlines",2,https://www.google.com/travel/flights?q=Flights%20from%20OAK%20to%20SGN%20on%202026-10-15%20one%20way
2026-09-02T18:42:50+00:00,sgn,Ho Chi Minh City,SGN,OAK,2026-10-16,627,"Alaska, China Airlines",2,https://www.google.com/travel/flights?q=Flights%20from%20OAK%20to%20SGN%20on%202026-10-16%20one%20way
2026-08-25T03:59:31+00:00,sgn,Ho Chi Minh City,SGN,OAK,2026-10-17,546,"Alaska, China Airlines",2,https://www.google.com/travel/flights?q=Flights%20from%20OAK%20to%20SGN%20on%202026-10-17%20one%20way
2026-08-30T23:30:07+00:00,sgn,Ho Chi Minh City,SGN,OAK,2026-10-18,598,"Alaska, China Airlines",2,https://www.google.com/travel/flights?q=Flights%20from%20OAK%20to%20SGN%20on%202026-10-18%20one%20way
2026-09-02T21:49:33+00:00,sgn,Ho Chi Minh City,SGN,OAK,2026-10-19,607,"Alaska, China Airlines",2,https://www.google.com/travel/flights?q=Flights%20from%20OAK%20to%20SGN%20on%202026-10-19%20one%20way
2026-09-03T21:42:38+00:00,sgn,Ho Chi Minh City,SGN,OAK,2026-10-20,607,"Alaska, China Airlines",2,https://www.google.com/travel/flights?q=Flights%20from%20OAK%20to%20SGN%20on%202026-10-20%20one%20way
2026-08-25T07:58:10+00:00,sgn,Ho Chi Minh City,SGN,OAK,2026-10-21,598,"Alaska, China Airlines",2,https://www.google.com/travel/flights?q=Flights%20from%20OAK%20to%20SGN%20on%202026-10-21%20one%20way
2026-08-26T07:08:45+00:00,sgn,Ho Chi Minh City,SGN,OAK,2026-10-22,546,"Alaska, China Airlines",2,https://www.google.com/travel/flights?q=Flights%20from%20OAK%20to%20SGN%20on%202026-10-22%20one%20way
2026-08-25T09:51:44+00:00,sgn,Ho Chi Minh City,SGN,OAK,2026-10-23,598,"Alaska, China Airlines",2,https://www.google.com/travel/flights?q=Flights%20from%20OAK%20to%20SGN%20on%202026-10-23%20one%20way
2026-09-04T00:06:22+00:00,sgn,Ho Chi Minh City,SGN,OAK,2026-10-24,607,"Alaska, China Airlines",2,https://www.google.com/travel/flights?q=Flights%20from%20OAK%20to%20SGN%20on%202026-10-24%20one%20way
2026-08-31T05:35:23+00:00,sgn,Ho Chi Minh City,SGN,OAK,2026-10-25,598,"Alaska, China Airlines",2,https://www.google.com/travel/flights?q=Flights%20from%20OAK%20to%20SGN%20on%202026-10-25%20one%20way
2026-08-26T11:44:52+00:00,sgn,Ho Chi Minh City,SGN,OAK,2026-10-26,578,"Alaska, China Airlines",2,https://www.google.com/travel/flights?q=Flights%20from%20OAK%20to%20SGN%20on%202026-10-26%20one%20way
2026-09-03T04:34:43+00:00,sgn,Ho Chi Minh City,SGN,OAK,2026-10-27,607,"Alaska, China Airlines",2,https://www.google.com/travel/flights?q=Flights%20from%20OAK%20to%20SGN%20on%202026-10-27%20one%20way
2026-09-04T04:33:42+00:00,sgn,Ho Chi Minh City,SGN,OAK,2026-10-28,627,"Alaska, China Airlines",2,https://www.google.com/travel/flights?q=Flights%20from%20OAK%20to%20SGN%20on%202026-10-28%20one%20way
2026-08-29T11:05:19+00:00,sgn,Ho Chi Minh City,SGN,OAK,2026-10-29,578,"Alaska, China Airlines",2,https://www.google.com/travel/flights?q=Flights%20from%20OAK%20to%20SGN%20on%202026-10-29%20one%20way
2026-08-26T15:56:58+00:00,sgn,Ho Chi Minh City,SGN,OAK,2026-10-30,598,"Alaska, China Airlines",2,https://www.google.com/travel/flights?q=Flights%20from%20OAK%20to%20SGN%20on%202026-10-30%20one%20way
2026-09-01T10:06:27+00:00,sgn,Ho Chi Minh City,SGN,OAK,2026-10-31,574,"Alaska, China Airlines",2,https://www.google.com/travel/flights?q=Flights%20from%20OAK%20to%20SGN%20on%202026-10-31%20one%20way
2026-09-03T09:50:38+00:00,sgn,Ho Chi Minh City,SGN,OAK,2026-11-01,607,"Alaska, China Airlines",2,https://www.google.com/travel/flights?q=Flights%20from%20OAK%20to%20SGN%20on%202026-11-01%20one%20way
2026-08-29T15:37:50+00:00,sgn,Ho Chi Minh City,SGN,OAK,2026-11-02,578,"Alaska, China Airlines",2,https://www.google.com/travel/flights?q=Flights%20from%20OAK%20to%20SGN%20on%202026-11-02%20one%20way
2026-08-25T20:45:57+00:00,sgn,Ho Chi Minh City,SGN,OAK,2026-11-03,578,"Alaska, China Airlines",2,https://www.google.com/travel/flights?q=Flights%20from%20OAK%20to%20SGN%20on%202026-11-03%20one%20way
2026-09-01T14:53:27+00:00,sgn,Ho Chi Minh City,SGN,OAK,2026-11-04,627,"Alaska, China Airlines",2,https://www.google.com/travel/flights?q=Flights%20from%20OAK%20to%20SGN%20on%202026-11-04%20one%20way
2026-09-02T14:29:37+00:00,sgn,Ho Chi Minh City,SGN,OAK,2026-11-05,607,"Alaska, China Airlines",2,https://www.google.com/travel/flights?q=Flights%20from%20OAK%20to%20SGN%20on%202026-11-05%20one%20way
2026-08-26T22:16:08+00:00,sgn,Ho Chi Minh City,SGN,OAK,2026-11-06,598,"Alaska, China Airlines",2,https://www.google.com/travel/flights?q=Flights%20from%20OAK%20to%20SGN%20on%202026-11-06%20one%20way
2026-08-22T03:56:42+00:00,sgn,Ho Chi Minh City,SGN,OAK,2026-11-07,555,"Alaska, China Airlines",2,https://www.google.com/travel/flights?q=Flights%20from%20OAK%20to%20SGN%20on%202026-11-07%20one%20way
2026-08-28T22:20:18+00:00,sgn,Ho Chi Minh City,SGN,OAK,2026-11-08,578,"Alaska, China Airlines",2,https://www.google.com/travel/flights?q=Flights%20from%20OAK%20to%20SGN%20on%202026-11-08%20one%20way
2026-09-02T18:42:50+00:00,sgn,Ho Chi Minh City,SGN,OAK,2026-11-09,607,"Alaska, China Airlines",2,https://www.google.com/travel/flights?q=Flights%20from%20OAK%20to%20SGN%20on%202026-11-09%20one%20way
2026-08-25T03:59:31+00:00,sgn,Ho Chi Minh City,SGN,OAK,2026-11-10,578,"Alaska, China Airlines",2,https://www.google.com/travel/flights?q=Flights%20from%20OAK%20to%20SGN%20on%202026-11-10%20one%20way
2026-09-01T21:46:54+00:00,sgn,Ho Chi Minh City,SGN,OAK,2026-11-11,627,"Alaska, China Airlines",2,https://www.google.com/travel/flights?q=Flights%20from%20OAK%20to%20SGN%20on%202026-11-11%20one%20way
2026-08-31T23:50:53+00:00,sgn,Ho Chi Minh City,SGN,OAK,2026-11-12,578,"Alaska, China Airlines",2,https://www.google.com/travel/flights?q=Flights%20from%20OAK%20to%20SGN%20on%202026-11-12%20one%20way
2026-09-03T21:42:38+00:00,sgn,Ho Chi Minh City,SGN,OAK,2026-11-13,627,"Alaska, China Airlines",2,https://www.google.com/travel/flights?q=Flights%20from%20OAK%20to%20SGN%20on%202026-11-13%20one%20way
2026-08-25T07:08:15+00:00,sgn,Ho Chi Minh City,SGN,OAK,2026-11-14,546,"Alaska, China Airlines",2,https://www.google.com/travel/flights?q=Flights%20from%20OAK%20to%20SGN%20on%202026-11-14%20one%20way
2026-08-29T04:09:47+00:00,sgn,Ho Chi Minh City,SGN,OAK,2026-11-15,578,"Alaska, China Airlines",2,https://www.google.com/travel/flights?q=Flights%20from%20OAK%20to%20SGN%20on%202026-11-15%20one%20way
2026-08-25T09:00:04+00:00,sgn,Ho Chi Minh City,SGN,OAK,2026-11-16,578,"Alaska, China Airlines",2,https://www.google.com/travel/flights?q=Flights%20from%20OAK%20to%20SGN%20on%202026-11-16%20one%20way
2026-09-04T00:06:22+00:00,sgn,Ho Chi Minh City,SGN,OAK,2026-11-17,607,"Alaska, China Airlines",2,https://www.google.com/travel/flights?q=Flights%20from%20OAK%20to%20SGN%20on%202026-11-17%20one%20way
2026-08-30T06:40:33+00:00,sgn,Ho Chi Minh City,SGN,OAK,2026-11-18,708,"Delta, Vietnam Airlines",2,https://www.google.com/travel/flights?q=Flights%20from%20OAK%20to%20SGN%20on%202026-11-18%20one%20way
2026-09-02T04:34:13+00:00,sgn,Ho Chi Minh City,SGN,OAK,2026-11-19,626,"Alaska, China Airlines",2,https://www.google.com/travel/flights?q=Flights%20from%20OAK%20to%20SGN%20on%202026-11-19%20one%20way
2026-09-03T04:34:43+00:00,sgn,Ho Chi Minh City,SGN,OAK,2026-11-20,746,"Delta, Vietnam Airlines",2,https://www.google.com/travel/flights?q=Flights%20from%20OAK%20to%20SGN%20on%202026-11-20%20one%20way
2026-08-26T13:16:22+00:00,sgn,Ho Chi Minh City,SGN,OAK,2026-11-21,728,"Alaska, China Airlines",2,https://www.google.com/travel/flights?q=Flights%20from%20OAK%20to%20SGN%20on%202026-11-21%20one%20way
2026-08-29T11:05:19+00:00,sgn,Ho Chi Minh City,SGN,OAK,2026-11-22,598,"Alaska, China Airlines",2,https://www.google.com/travel/flights?q=Flights%20from%20OAK%20to%20SGN%20on%202026-11-22%20one%20way
2026-08-27T14:18:40+00:00,sgn,Ho Chi Minh City,SGN,OAK,2026-11-23,578,"Alaska, China Airlines",2,https://www.google.com/travel/flights?q=Flights%20from%20OAK%20to%20SGN%20on%202026-11-23%20one%20way
2026-09-02T09:37:49+00:00,sgn,Ho Chi Minh City,SGN,OAK,2026-11-24,627,"Alaska, China Airlines",2,https://www.google.com/travel/flights?q=Flights%20from%20OAK%20to%20SGN%20on%202026-11-24%20one%20way
2026-09-03T09:50:38+00:00,sgn,Ho Chi Minh City,SGN,OAK,2026-11-25,708,"Delta, Vietnam Airlines",2,https://www.google.com/travel/flights?q=Flights%20from%20OAK%20to%20SGN%20on%202026-11-25%20one%20way
2026-08-31T13:50:56+00:00,sgn,Ho Chi Minh City,SGN,OAK,2026-11-26,598,"Alaska, China Airlines",2,https://www.google.com/travel/flights?q=Flights%20from%20OAK%20to%20SGN%20on%202026-11-26%20one%20way
2026-08-26T19:18:45+00:00,sgn,Ho Chi Minh City,SGN,OAK,2026-11-27,760,"Alaska, China Airlines",2,https://www.google.com/travel/flights?q=Flights%20from%20OAK%20to%20SGN%20on%202026-11-27%20one%20way
2026-09-01T14:53:27+00:00,sgn,Ho Chi Minh City,SGN,OAK,2026-11-28,748,"Delta, Vietnam Airlines",2,https://www.google.com/travel/flights?q=Flights%20from%20OAK%20to%20SGN%20on%202026-11-28%20one%20way
2026-08-30T17:29:22+00:00,sgn,Ho Chi Minh City,SGN,OAK,2026-11-29,709,"Delta, Vietnam Airlines",2,https://www.google.com/travel/flights?q=Flights%20from%20OAK%20to%20SGN%20on%202026-11-29%20one%20way
2026-09-03T14:34:41+00:00,sgn,Ho Chi Minh City,SGN,OAK,2026-11-30,708,"Delta, Vietnam Airlines",2,https://www.google.com/travel/flights?q=Flights%20from%20OAK%20to%20SGN%20on%202026-11-30%20one%20way
2026-08-22T03:56:42+00:00,sgn,Ho Chi Minh City,SGN,OAK,2026-12-01,613,"Alaska, China Airlines",2,https://www.google.com/travel/flights?q=Flights%20from%20OAK%20to%20SGN%20on%202026-12-01%20one%20way
2026-09-01T18:30:46+00:00,sgn,Ho Chi Minh City,SGN,OAK,2026-12-02,765,"Delta, Vietnam Airlines",2,https://www.google.com/travel/flights?q=Flights%20from%20OAK%20to%20SGN%20on%202026-12-02%20one%20way
2026-09-02T18:42:50+00:00,sgn,Ho Chi Minh City,SGN,OAK,2026-12-03,765,"Delta, Vietnam Airlines",2,https://www.google.com/travel/flights?q=Flights%20from%20OAK%20to%20SGN%20on%202026-12-03%20one%20way
2026-09-03T18:39:20+00:00,sgn,Ho Chi Minh City,SGN,OAK,2026-12-04,746,"Delta, Vietnam Airlines",2,https://www.google.com/travel/flights?q=Flights%20from%20OAK%20to%20SGN%20on%202026-12-04%20one%20way
2026-09-01T21:46:54+00:00,sgn,Ho Chi Minh City,SGN,OAK,2026-12-05,781,"Delta, Vietnam Airlines",2,https://www.google.com/travel/flights?q=Flights%20from%20OAK%20to%20SGN%20on%202026-12-05%20one%20way
2026-08-31T23:50:53+00:00,sgn,Ho Chi Minh City,SGN,OAK,2026-12-06,719,"Delta, Vietnam Airlines",2,https://www.google.com/travel/flights?q=Flights%20from%20OAK%20to%20SGN%20on%202026-12-06%20one%20way
2026-09-03T21:42:38+00:00,sgn,Ho Chi Minh City,SGN,OAK,2026-12-07,708,"Delta, Vietnam Airlines",2,https://www.google.com/travel/flights?q=Flights%20from%20OAK%20to%20SGN%20on%202026-12-07%20one%20way
2026-08-25T07:08:15+00:00,sgn,Ho Chi Minh City,SGN,OAK,2026-12-08,805,"Delta, Vietnam Airlines",2,https://www.google.com/travel/flights?q=Flights%20from%20OAK%20to%20SGN%20on%202026-12-08%20one%20way
2026-09-02T00:14:40+00:00,sgn,Ho Chi Minh City,SGN,OAK,2026-12-09,765,"Delta, Vietnam Airlines",2,https://www.google.com/travel/flights?q=Flights%20from%20OAK%20to%20SGN%20on%202026-12-09%20one%20way
2026-09-03T00:15:57+00:00,sgn,Ho Chi Minh City,SGN,OAK,2026-12-10,757,"Delta, Vietnam Airlines",2,https://www.google.com/travel/flights?q=Flights%20from%20OAK%20to%20SGN%20on%202026-12-10%20one%20way
2026-08-26T09:02:13+00:00,sgn,Ho Chi Minh City,SGN,OAK,2026-12-11,898,"Delta, Vietnam Airlines",2,https://www.google.com/travel/flights?q=Flights%20from%20OAK%20to%20SGN%20on%202026-12-11%20one%20way
2026-08-31T05:35:23+00:00,sgn,Ho Chi Minh City,SGN,OAK,2026-12-12,911,"Delta, Vietnam Airlines",2,https://www.google.com/travel/flights?q=Flights%20from%20OAK%20to%20SGN%20on%202026-12-12%20one%20way
2026-09-02T04:34:13+00:00,sgn,Ho Chi Minh City,SGN,OAK,2026-12-13,769,"Delta, Vietnam Airlines",2,https://www.google.com/travel/flights?q=Flights%20from%20OAK%20to%20SGN%20on%202026-12-13%20one%20way
2026-09-03T04:34:43+00:00,sgn,Ho Chi Minh City,SGN,OAK,2026-12-14,758,"Delta, Vietnam Airlines",2,https://www.google.com/travel/flights?q=Flights%20from%20OAK%20to%20SGN%20on%202026-12-14%20one%20way
2026-08-25T14:04:00+00:00,sgn,Ho Chi Minh City,SGN,OAK,2026-12-15,900,"Delta, Vietnam Airlines",2,https://www.google.com/travel/flights?q=Flights%20from%20OAK%20to%20SGN%20on%202026-12-15%20one%20way
2026-08-24T16:55:37+00:00,sgn,Ho Chi Minh City,SGN,OAK,2026-12-16,1628,"Alaska, China Airlines",2,https://www.google.com/travel/flights?q=Flights%20from%20OAK%20to%20SGN%20on%202026-12-16%20one%20way
2026-08-27T14:18:40+00:00,sgn,Ho Chi Minh City,SGN,OAK,2026-12-17,1624,"Alaska, China Airlines",2,https://www.google.com/travel/flights?q=Flights%20from%20OAK%20to%20SGN%20on%202026-12-17%20one%20way
2026-09-02T09:37:49+00:00,sgn,Ho Chi Minh City,SGN,OAK,2026-12-18,1734,"Delta, Vietnam Airlines",2,https://www.google.com/travel/flights?q=Flights%20from%20OAK%20to%20SGN%20on%202026-12-18%20one%20way
2026-09-03T09:50:38+00:00,sgn,Ho Chi Minh City,SGN,OAK,2026-12-19,1732,"Alaska, China Airlines",2,https://www.google.com/travel/flights?q=Flights%20from%20OAK%20to%20SGN%20on%202026-12-19%20one%20way
2026-08-31T13:50:56+00:00,sgn,Ho Chi Minh City,SGN,OAK,2026-12-20,1224,"Alaska, China Airlines",2,https://www.google.com/travel/flights?q=Flights%20from%20OAK%20to%20SGN%20on%202026-12-20%20one%20way
2026-08-25T20:45:57+00:00,sgn,Ho Chi Minh City,SGN,OAK,2026-12-21,1397,"Delta, Vietnam Airlines",2,https://www.google.com/travel/flights?q=Flights%20from%20OAK%20to%20SGN%20on%202026-12-21%20one%20way
2026-08-25T21:44:07+00:00,sgn,Ho Chi Minh City,SGN,OAK,2026-12-22,1298,"Alaska, China Airlines",2,https://www.google.com/travel/flights?q=Flights%20from%20OAK%20to%20SGN%20on%202026-12-22%20one%20way
2026-09-02T14:29:37+00:00,sgn,Ho Chi Minh City,SGN,OAK,2026-12-23,889,"Delta, Vietnam Airlines",2,https://www.google.com/travel/flights?q=Flights%20from%20OAK%20to%20SGN%20on%202026-12-23%20one%20way
2026-09-03T14:34:41+00:00,sgn,Ho Chi Minh City,SGN,OAK,2026-12-24,758,"Delta, Vietnam Airlines",2,https://www.google.com/travel/flights?q=Flights%20from%20OAK%20to%20SGN%20on%202026-12-24%20one%20way
2026-08-24T01:57:43+00:00,sgn,Ho Chi Minh City,SGN,OAK,2026-12-25,900,"Alaska, China Airlines",2,https://www.google.com/travel/flights?q=Flights%20from%20OAK%20to%20SGN%20on%202026-12-25%20one%20way
2026-09-01T18:30:46+00:00,sgn,Ho Chi Minh City,SGN,OAK,2026-12-26,748,"Delta, Vietnam Airlines",2,https://www.google.com/travel/flights?q=Flights%20from%20OAK%20to%20SGN%20on%202026-12-26%20one%20way
2026-09-02T18:42:50+00:00,sgn,Ho Chi Minh City,SGN,OAK,2026-12-27,719,"Delta, Vietnam Airlines",2,https://www.google.com/travel/flights?q=Flights%20from%20OAK%20to%20SGN%20on%202026-12-27%20one%20way
2026-08-25T03:59:31+00:00,sgn,Ho Chi Minh City,SGN,OAK,2026-12-28,805,"Delta, Vietnam Airlines",2,https://www.google.com/travel/flights?q=Flights%20from%20OAK%20to%20SGN%20on%202026-12-28%20one%20way
2026-09-01T21:46:54+00:00,sgn,Ho Chi Minh City,SGN,OAK,2026-12-29,802,"Alaska, China Airlines",2,https://www.google.com/travel/flights?q=Flights%20from%20OAK%20to%20SGN%20on%202026-12-29%20one%20way
2026-09-02T21:49:33+00:00,sgn,Ho Chi Minh City,SGN,OAK,2026-12-30,719,"Delta, Vietnam Airlines",2,https://www.google.com/travel/flights?q=Flights%20from%20OAK%20to%20SGN%20on%202026-12-30%20one%20way
2026-09-03T21:42:38+00:00,sgn,Ho Chi Minh City,SGN,OAK,2026-12-31,611,"Alaska, China Airlines",2,https://www.google.com/travel/flights?q=Flights%20from%20OAK%20to%20SGN%20on%202026-12-31%20one%20way
2026-08-25T07:58:10+00:00,sgn,Ho Chi Minh City,SGN,OAK,2027-01-01,781,"Alaska, China Airlines",2,https://www.google.com/travel/flights?q=Flights%20from%20OAK%20to%20SGN%20on%202027-01-01%20one%20way
2026-09-02T00:14:40+00:00,sgn,Ho Chi Minh City,SGN,OAK,2027-01-02,748,"Delta, Vietnam Airlines",2,https://www.google.com/travel/flights?q=Flights%20from%20OAK%20to%20SGN%20on%202027-01-02%20one%20way
2026-09-03T00:15:57+00:00,sgn,Ho Chi Minh City,SGN,OAK,2027-01-03,719,"Delta, Vietnam Airlines",2,https://www.google.com/travel/flights?q=Flights%20from%20OAK%20to%20SGN%20on%202027-01-03%20one%20way
2026-09-04T00:06:22+00:00,sgn,Ho Chi Minh City,SGN,OAK,2027-01-04,708,"Delta, Vietnam Airlines",2,https://www.google.com/travel/flights?q=Flights%20from%20OAK%20to%20SGN%20on%202027-01-04%20one%20way
2026-08-31T05:35:23+00:00,sgn,Ho Chi Minh City,SGN,OAK,2027-01-05,638,"Alaska, China Airlines",2,https://www.google.com/travel/flights?q=Flights%20from%20OAK%20to%20SGN%20on%202027-01-05%20one%20way
2026-09-02T04:34:13+00:00,sgn,Ho Chi Minh City,SGN,OAK,2027-01-06,719,"Delta, Vietnam Airlines",2,https://www.google.com/travel/flights?q=Flights%20from%20OAK%20to%20SGN%20on%202027-01-06%20one%20way
2026-09-03T04:34:43+00:00,sgn,Ho Chi Minh City,SGN,OAK,2027-01-07,708,"Delta, Vietnam Airlines",2,https://www.google.com/travel/flights?q=Flights%20from%20OAK%20to%20SGN%20on%202027-01-07%20one%20way
2026-09-04T04:33:42+00:00,sgn,Ho Chi Minh City,SGN,OAK,2027-01-08,593,"Alaska, China Airlines",2,https://www.google.com/travel/flights?q=Flights%20from%20OAK%20to%20SGN%20on%202027-01-08%20one%20way
2026-08-29T11:05:19+00:00,sgn,Ho Chi Minh City,SGN,OAK,2027-01-09,566,"Alaska, China Airlines",2,https://www.google.com/travel/flights?q=Flights%20from%20OAK%20to%20SGN%20on%202027-01-09%20one%20way
2026-08-25T16:55:28+00:00,sgn,Ho Chi Minh City,SGN,OAK,2027-01-10,603,"Alaska, China Airlines",2,https://www.google.com/travel/flights?q=Flights%20from%20OAK%20to%20SGN%20on%202027-01-10%20one%20way
2026-09-01T10:06:27+00:00,sgn,Ho Chi Minh City,SGN,OAK,2027-01-11,599,"Alaska, China Airlines",2,https://www.google.com/travel/flights?q=Flights%20from%20OAK%20to%20SGN%20on%202027-01-11%20one%20way
2026-09-03T09:50:38+00:00,sgn,Ho Chi Minh City,SGN,OAK,2027-01-12,607,"Alaska, China Airlines",2,https://www.google.com/travel/flights?q=Flights%20from%20OAK%20to%20SGN%20on%202027-01-12%20one%20way
2026-08-31T13:50:56+00:00,sgn,Ho Chi Minh City,SGN,OAK,2027-01-13,619,"Alaska, China Airlines",2,https://www.google.com/travel/flights?q=Flights%20from%20OAK%20to%20SGN%20on%202027-01-13%20one%20way
2026-08-25T20:45:57+00:00,sgn,Ho Chi Minh City,SGN,OAK,2027-01-14,599,"Alaska, China Airlines",2,https://www.google.com/travel/flights?q=Flights%20from%20OAK%20to%20SGN%20on%202027-01-14%20one%20way
2026-09-01T14:53:27+00:00,sgn,Ho Chi Minh City,SGN,OAK,2027-01-15,759,"Delta, Vietnam Airlines",2,https://www.google.com/travel/flights?q=Flights%20from%20OAK%20to%20SGN%20on%202027-01-15%20one%20way
2026-09-02T14:29:37+00:00,sgn,Ho Chi Minh City,SGN,OAK,2027-01-16,607,"Alaska, China Airlines",2,https://www.google.com/travel/flights?q=Flights%20from%20OAK%20to%20SGN%20on%202027-01-16%20one%20way
2026-08-25T23:38:06+00:00,sgn,Ho Chi Minh City,SGN,OAK,2027-01-17,599,"Alaska, China Airlines",2,https://www.google.com/travel/flights?q=Flights%20from%20OAK%20to%20SGN%20on%202027-01-17%20one%20way
2026-08-24T01:57:43+00:00,sgn,Ho Chi Minh City,SGN,OAK,2027-01-18,599,"Alaska, China Airlines",2,https://www.google.com/travel/flights?q=Flights%20from%20OAK%20to%20SGN%20on%202027-01-18%20one%20way
2026-08-28T22:20:18+00:00,sgn,Ho Chi Minh City,SGN,OAK,2027-01-19,599,"Alaska, China Airlines",2,https://www.google.com/travel/flights?q=Flights%20from%20OAK%20to%20SGN%20on%202027-01-19%20one%20way
2026-09-02T18:42:50+00:00,sgn,Ho Chi Minh City,SGN,OAK,2027-01-20,627,"Alaska, China Airlines",2,https://www.google.com/travel/flights?q=Flights%20from%20OAK%20to%20SGN%20on%202027-01-20%20one%20way
2026-09-03T18:39:20+00:00,sgn,Ho Chi Minh City,SGN,OAK,2027-01-21,607,"Alaska, China Airlines",2,https://www.google.com/travel/flights?q=Flights%20from%20OAK%20to%20SGN%20on%202027-01-21%20one%20way
2026-08-30T23:30:07+00:00,sgn,Ho Chi Minh City,SGN,OAK,2027-01-22,658,"Alaska, China Airlines",2,https://www.google.com/travel/flights?q=Flights%20from%20OAK%20to%20SGN%20on%202027-01-22%20one%20way
2026-08-31T23:50:53+00:00,sgn,Ho Chi Minh City,SGN,OAK,2027-01-23,599,"Alaska, China Airlines",2,https://www.google.com/travel/flights?q=Flights%20from%20OAK%20to%20SGN%20on%202027-01-23%20one%20way
2026-09-03T21:42:38+00:00,sgn,Ho Chi Minh City,SGN,OAK,2027-01-24,607,"Alaska, China Airlines",2,https://www.google.com/travel/flights?q=Flights%20from%20OAK%20to%20SGN%20on%202027-01-24%20one%20way
2026-08-25T07:58:10+00:00,sgn,Ho Chi Minh City,SGN,OAK,2027-01-25,599,"Alaska, China Airlines",2,https://www.google.com/travel/flights?q=Flights%20from%20OAK%20to%20SGN%20on%202027-01-25%20one%20way
2026-08-29T04:09:47+00:00,sgn,Ho Chi Minh City,SGN,OAK,2027-01-26,599,"Alaska, China Airlines",2,https://www.google.com/travel/flights?q=Flights%20from%20OAK%20to%20SGN%20on%202027-01-26%20one%20way
2026-09-03T00:15:57+00:00,sgn,Ho Chi Minh City,SGN,OAK,2027-01-27,719,"Delta, Vietnam Airlines",2,https://www.google.com/travel/flights?q=Flights%20from%20OAK%20to%20SGN%20on%202027-01-27%20one%20way
2026-09-04T00:06:22+00:00,sgn,Ho Chi Minh City,SGN,OAK,2027-01-28,607,"Alaska, China Airlines",2,https://www.google.com/travel/flights?q=Flights%20from%20OAK%20to%20SGN%20on%202027-01-28%20one%20way
2026-08-31T05:35:23+00:00,sgn,Ho Chi Minh City,SGN,OAK,2027-01-29,759,"Delta, Vietnam Airlines",2,https://www.google.com/travel/flights?q=Flights%20from%20OAK%20to%20SGN%20on%202027-01-29%20one%20way
2026-09-01T05:08:23+00:00,sgn,Ho Chi Minh City,SGN,OAK,2027-01-30,599,"Alaska, China Airlines",2,https://www.google.com/travel/flights?q=Flights%20from%20OAK%20to%20SGN%20on%202027-01-30%20one%20way
2026-09-03T04:34:43+00:00,sgn,Ho Chi Minh City,SGN,OAK,2027-01-31,607,"Alaska, China Airlines",2,https://www.google.com/travel/flights?q=Flights%20from%20OAK%20to%20SGN%20on%202027-01-31%20one%20way
2026-09-04T04:33:42+00:00,sgn,Ho Chi Minh City,SGN,OAK,2027-02-01,607,"Alaska, China Airlines",2,https://www.google.com/travel/flights?q=Flights%20from%20OAK%20to%20SGN%20on%202027-02-01%20one%20way
2026-08-29T11:05:19+00:00,sgn,Ho Chi Minh City,SGN,OAK,2027-02-02,599,"Alaska, China Airlines",2,https://www.google.com/travel/flights?q=Flights%20from%20OAK%20to%20SGN%20on%202027-02-02%20one%20way
2026-08-27T14:18:40+00:00,sgn,Ho Chi Minh City,SGN,OAK,2027-02-03,619,"Alaska, China Airlines",2,https://www.google.com/travel/flights?q=Flights%20from%20OAK%20to%20SGN%20on%202027-02-03%20one%20way
2026-09-03T09:50:38+00:00,sgn,Ho Chi Minh City,SGN,OAK,2027-02-05,627,"Alaska, China Airlines",2,https://www.google.com/travel/flights?q=Flights%20from%20OAK%20to%20SGN%20on%202027-02-05%20one%20way
2026-08-31T13:50:56+00:00,sgn,Ho Chi Minh City,SGN,OAK,2027-02-06,599,"Alaska, China Airlines",2,https://www.google.com/travel/flights?q=Flights%20from%20OAK%20to%20SGN%20on%202027-02-06%20one%20way
2026-09-01T14:53:27+00:00,sgn,Ho Chi Minh City,SGN,OAK,2027-02-08,646,"Alaska, China Airlines",2,https://www.google.com/travel/flights?q=Flights%20from%20OAK%20to%20SGN%20on%202027-02-08%20one%20way
2026-09-02T14:29:37+00:00,sgn,Ho Chi Minh City,SGN,OAK,2027-02-09,646,"Alaska, China Airlines",2,https://www.google.com/travel/flights?q=Flights%20from%20OAK%20to%20SGN%20on%202027-02-09%20one%20way
2026-09-03T14:34:41+00:00,sgn,Ho Chi Minh City,SGN,OAK,2027-02-10,666,"Alaska, China Airlines",2,https://www.google.com/travel/flights?q=Flights%20from%20OAK%20to%20SGN%20on%202027-02-10%20one%20way
2026-07-24T07:42:22+00:00,sgn,Ho Chi Minh City,SGN,SFO,2026-08-02,453,China Airlines,1,https://www.google.com/travel/flights?q=Flights%20from%20SFO%20to%20SGN%20on%202026-08-02%20one%20way
2026-07-26T09:02:17+00:00,sgn,Ho Chi Minh City,SGN,SFO,2026-08-06,480,China Airlines,1,https://www.google.com/travel/flights?q=Flights%20from%20SFO%20to%20SGN%20on%202026-08-06%20one%20way
2026-07-25T11:47:25+00:00,sgn,Ho Chi Minh City,SGN,SFO,2026-08-07,453,China Airlines,1,https://www.google.com/travel/flights?q=Flights%20from%20SFO%20to%20SGN%20on%202026-08-07%20one%20way
2026-08-06T00:14:35+00:00,sgn,Ho Chi Minh City,SGN,SFO,2026-08-08,453,China Airlines,1,https://www.google.com/travel/flights?q=Flights%20from%20SFO%20to%20SGN%20on%202026-08-08%20one%20way
2026-08-01T06:47:22+00:00,sgn,Ho Chi Minh City,SGN,SFO,2026-08-09,480,China Airlines,1,https://www.google.com/travel/flights?q=Flights%20from%20SFO%20to%20SGN%20on%202026-08-09%20one%20way
2026-08-07T01:52:32+00:00,sgn,Ho Chi Minh City,SGN,SFO,2026-08-10,453,China Airlines,1,https://www.google.com/travel/flights?q=Flights%20from%20SFO%20to%20SGN%20on%202026-08-10%20one%20way
2026-08-04T06:40:28+00:00,sgn,Ho Chi Minh City,SGN,SFO,2026-08-12,456,STARLUX Airlines,1,https://www.google.com/travel/flights?q=Flights%20from%20SFO%20to%20SGN%20on%202026-08-12%20one%20way
2026-07-26T16:32:09+00:00,sgn,Ho Chi Minh City,SGN,SFO,2026-08-13,480,China Airlines,1,https://www.google.com/travel/flights?q=Flights%20from%20SFO%20to%20SGN%20on%202026-08-13%20one%20way
2026-08-01T11:43:54+00:00,sgn,Ho Chi Minh City,SGN,SFO,2026-08-14,456,STARLUX Airlines,1,https://www.google.com/travel/flights?q=Flights%20from%20SFO%20to%20SGN%20on%202026-08-14%20one%20way
2026-08-09T04:48:21+00:00,sgn,Ho Chi Minh City,SGN,SFO,2026-08-15,453,China Airlines,1,https://www.google.com/travel/flights?q=Flights%20from%20SFO%20to%20SGN%20on%202026-08-15%20one%20way
2026-07-29T16:02:09+00:00,sgn,Ho Chi Minh City,SGN,SFO,2026-08-16,480,China Airlines,1,https://www.google.com/travel/flights?q=Flights%20from%20SFO%20to%20SGN%20on%202026-08-16%20one%20way
2026-08-07T09:43:11+00:00,sgn,Ho Chi Minh City,SGN,SFO,2026-08-18,453,China Airlines,1,https://www.google.com/travel/flights?q=Flights%20from%20SFO%20to%20SGN%20on%202026-08-18%20one%20way
2026-08-09T08:01:52+00:00,sgn,Ho Chi Minh City,SGN,SFO,2026-08-19,453,China Airlines,1,https://www.google.com/travel/flights?q=Flights%20from%20SFO%20to%20SGN%20on%202026-08-19%20one%20way
2026-08-02T16:32:10+00:00,sgn,Ho Chi Minh City,SGN,SFO,2026-08-20,456,STARLUX Airlines,1,https://www.google.com/travel/flights?q=Flights%20from%20SFO%20to%20SGN%20on%202026-08-20%20one%20way
2026-08-14T05:19:31+00:00,sgn,Ho Chi Minh City,SGN,SFO,2026-08-21,453,China Airlines,1,https://www.google.com/travel/flights?q=Flights%20from%20SFO%20to%20SGN%20on%202026-08-21%20one%20way
2026-08-17T03:29:29+00:00,sgn,Ho Chi Minh City,SGN,SFO,2026-08-22,454,China Airlines,1,https://www.google.com/travel/flights?q=Flights%20from%20SFO%20to%20SGN%20on%202026-08-22%20one%20way
2026-08-16T05:46:11+00:00,sgn,Ho Chi Minh City,SGN,SFO,2026-08-23,454,China Airlines,1,https://www.google.com/travel/flights?q=Flights%20from%20SFO%20to%20SGN%20on%202026-08-23%20one%20way
2026-08-21T01:57:35+00:00,sgn,Ho Chi Minh City,SGN,SFO,2026-08-24,454,China Airlines,1,https://www.google.com/travel/flights?q=Flights%20from%20SFO%20to%20SGN%20on%202026-08-24%20one%20way
2026-08-22T01:50:09+00:00,sgn,Ho Chi Minh City,SGN,SFO,2026-08-25,481,China Airlines,1,https://www.google.com/travel/flights?q=Flights%20from%20SFO%20to%20SGN%20on%202026-08-25%20one%20way
2026-08-21T03:15:55+00:00,sgn,Ho Chi Minh City,SGN,SFO,2026-08-26,454,China Airlines,1,https://www.google.com/travel/flights?q=Flights%20from%20SFO%20to%20SGN%20on%202026-08-26%20one%20way
2026-08-24T01:57:43+00:00,sgn,Ho Chi Minh City,SGN,SFO,2026-08-27,461,China Airlines,1,https://www.google.com/travel/flights?q=Flights%20from%20SFO%20to%20SGN%20on%202026-08-27%20one%20way
2026-08-23T03:15:31+00:00,sgn,Ho Chi Minh City,SGN,SFO,2026-08-28,461,China Airlines,1,https://www.google.com/travel/flights?q=Flights%20from%20SFO%20to%20SGN%20on%202026-08-28%20one%20way
2026-08-24T03:16:56+00:00,sgn,Ho Chi Minh City,SGN,SFO,2026-08-29,461,China Airlines,1,https://www.google.com/travel/flights?q=Flights%20from%20SFO%20to%20SGN%20on%202026-08-29%20one%20way
2026-08-25T03:59:31+00:00,sgn,Ho Chi Minh City,SGN,SFO,2026-08-30,461,China Airlines,1,https://www.google.com/travel/flights?q=Flights%20from%20SFO%20to%20SGN%20on%202026-08-30%20one%20way
2026-08-25T04:53:35+00:00,sgn,Ho Chi Minh City,SGN,SFO,2026-08-31,461,China Airlines,1,https://www.google.com/travel/flights?q=Flights%20from%20SFO%20to%20SGN%20on%202026-08-31%20one%20way
2026-08-27T03:19:35+00:00,sgn,Ho Chi Minh City,SGN,SFO,2026-09-01,483,STARLUX Airlines,1,https://www.google.com/travel/flights?q=Flights%20from%20SFO%20to%20SGN%20on%202026-09-01%20one%20way
2026-08-30T01:15:23+00:00,sgn,Ho Chi Minh City,SGN,SFO,2026-09-02,461,China Airlines,1,https://www.google.com/travel/flights?q=Flights%20from%20SFO%20to%20SGN%20on%202026-09-02%20one%20way
2026-08-23T09:42:49+00:00,sgn,Ho Chi Minh City,SGN,SFO,2026-09-03,461,China Airlines,1,https://www.google.com/travel/flights?q=Flights%20from%20SFO%20to%20SGN%20on%202026-09-03%20one%20way
2026-08-26T07:59:33+00:00,sgn,Ho Chi Minh City,SGN,SFO,2026-09-04,461,China Airlines,1,https://www.google.com/travel/flights?q=Flights%20from%20SFO%20to%20SGN%20on%202026-09-04%20one%20way
2026-08-25T09:00:04+00:00,sgn,Ho Chi Minh City,SGN,SFO,2026-09-05,474,China Airlines,1,https://www.google.com/travel/flights?q=Flights%20from%20SFO%20to%20SGN%20on%202026-09-05%20one%20way
2026-09-04T00:06:22+00:00,sgn,Ho Chi Minh City,SGN,SFO,2026-09-06,469,China Airlines,1,https://www.google.com/travel/flights?q=Flights%20from%20SFO%20to%20SGN%20on%202026-09-06%20one%20way
2026-08-30T06:40:33+00:00,sgn,Ho Chi Minh City,SGN,SFO,2026-09-07,461,China Airlines,1,https://www.google.com/travel/flights?q=Flights%20from%20SFO%20to%20SGN%20on%202026-09-07%20one%20way
2026-09-02T04:34:13+00:00,sgn,Ho Chi Minh City,SGN,SFO,2026-09-08,469,China Airlines,1,https://www.google.com/travel/flights?q=Flights%20from%20SFO%20to%20SGN%20on%202026-09-08%20one%20way
2026-09-03T04:34:43+00:00,sgn,Ho Chi Minh City,SGN,SFO,2026-09-09,469,China Airlines,1,https://www.google.com/travel/flights?q=Flights%20from%20SFO%20to%20SGN%20on%202026-09-09%20one%20way
2026-09-04T04:33:42+00:00,sgn,Ho Chi Minh City,SGN,SFO,2026-09-10,469,China Airlines,1,https://www.google.com/travel/flights?q=Flights%20from%20SFO%20to%20SGN%20on%202026-09-10%20one%20way
2026-08-25T15:05:17+00:00,sgn,Ho Chi Minh City,SGN,SFO,2026-09-11,461,China Airlines,1,https://www.google.com/travel/flights?q=Flights%20from%20SFO%20to%20SGN%20on%202026-09-11%20one%20way
2026-08-27T14:18:40+00:00,sgn,Ho Chi Minh City,SGN,SFO,2026-09-12,461,China Airlines,1,https://www.google.com/travel/flights?q=Flights%20from%20SFO%20to%20SGN%20on%202026-09-12%20one%20way
2026-09-01T10:06:27+00:00,sgn,Ho Chi Minh City,SGN,SFO,2026-09-13,469,China Airlines,1,https://www.google.com/travel/flights?q=Flights%20from%20SFO%20to%20SGN%20on%202026-09-13%20one%20way
2026-08-24T19:44:59+00:00,sgn,Ho Chi Minh City,SGN,SFO,2026-09-14,461,China Airlines,1,https://www.google.com/travel/flights?q=Flights%20from%20SFO%20to%20SGN%20on%202026-09-14%20one%20way
2026-08-31T13:50:56+00:00,sgn,Ho Chi Minh City,SGN,SFO,2026-09-15,461,China Airlines,1,https://www.google.com/travel/flights?q=Flights%20from%20SFO%20to%20SGN%20on%202026-09-15%20one%20way
2026-08-26T19:18:45+00:00,sgn,Ho Chi Minh City,SGN,SFO,2026-09-16,461,China Airlines,1,https://www.google.com/travel/flights?q=Flights%20from%20SFO%20to%20SGN%20on%202026-09-16%20one%20way
2026-09-01T14:53:27+00:00,sgn,Ho Chi Minh City,SGN,SFO,2026-09-17,469,China Airlines,1,https://www.google.com/travel/flights?q=Flights%20from%20SFO%20to%20SGN%20on%202026-09-17%20one%20way
2026-08-30T17:29:22+00:00,sgn,Ho Chi Minh City,SGN,SFO,2026-09-18,461,China Airlines,1,https://www.google.com/travel/flights?q=Flights%20from%20SFO%20to%20SGN%20on%202026-09-18%20one%20way
2026-08-29T19:24:36+00:00,sgn,Ho Chi Minh City,SGN,SFO,2026-09-19,461,China Airlines,1,https://www.google.com/travel/flights?q=Flights%20from%20SFO%20to%20SGN%20on%202026-09-19%20one%20way
2026-08-24T01:57:43+00:00,sgn,Ho Chi Minh City,SGN,SFO,2026-09-20,461,China Airlines,1,https://www.google.com/travel/flights?q=Flights%20from%20SFO%20to%20SGN%20on%202026-09-20%20one%20way
2026-09-01T18:30:46+00:00,sgn,Ho Chi Minh City,SGN,SFO,2026-09-21,469,China Airlines,1,https://www.google.com/travel/flights?q=Flights%20from%20SFO%20to%20SGN%20on%202026-09-21%20one%20way
2026-08-31T20:05:14+00:00,sgn,Ho Chi Minh City,SGN,SFO,2026-09-22,461,China Airlines,1,https://www.google.com/travel/flights?q=Flights%20from%20SFO%20to%20SGN%20on%202026-09-22%20one%20way
2026-08-25T03:59:31+00:00,sgn,Ho Chi Minh City,SGN,SFO,2026-09-23,461,China Airlines,1,https://www.google.com/travel/flights?q=Flights%20from%20SFO%20to%20SGN%20on%202026-09-23%20one%20way
2026-08-30T23:30:07+00:00,sgn,Ho Chi Minh City,SGN,SFO,2026-09-24,461,China Airlines,1,https://www.google.com/travel/flights?q=Flights%20from%20SFO%20to%20SGN%20on%202026-09-24%20one%20way
2026-08-31T23:50:53+00:00,sgn,Ho Chi Minh City,SGN,SFO,2026-09-25,461,China Airlines,1,https://www.google.com/travel/flights?q=Flights%20from%20SFO%20to%20SGN%20on%202026-09-25%20one%20way
2026-09-03T21:42:38+00:00,sgn,Ho Chi Minh City,SGN,SFO,2026-09-26,592,STARLUX Airlines,1,https://www.google.com/travel/flights?q=Flights%20from%20SFO%20to%20SGN%20on%202026-09-26%20one%20way
2026-08-25T07:58:10+00:00,sgn,Ho Chi Minh City,SGN,SFO,2026-09-27,461,China Airlines,1,https://www.google.com/travel/flights?q=Flights%20from%20SFO%20to%20SGN%20on%202026-09-27%20one%20way
2026-09-02T00:14:40+00:00,sgn,Ho Chi Minh City,SGN,SFO,2026-09-28,469,China Airlines,1,https://www.google.com/travel/flights?q=Flights%20from%20SFO%20to%20SGN%20on%202026-09-28%20one%20way
2026-09-03T00:15:57+00:00,sgn,Ho Chi Minh City,SGN,SFO,2026-09-29,469,China Airlines,1,https://www.google.com/travel/flights?q=Flights%20from%20SFO%20to%20SGN%20on%202026-09-29%20one%20way
2026-09-04T00:06:22+00:00,sgn,Ho Chi Minh City,SGN,SFO,2026-09-30,469,China Airlines,1,https://www.google.com/travel/flights?q=Flights%20from%20SFO%20to%20SGN%20on%202026-09-30%20one%20way
2026-08-23T13:01:49+00:00,sgn,Ho Chi Minh City,SGN,SFO,2026-10-01,461,China Airlines,1,https://www.google.com/travel/flights?q=Flights%20from%20SFO%20to%20SGN%20on%202026-10-01%20one%20way
2026-09-02T04:34:13+00:00,sgn,Ho Chi Minh City,SGN,SFO,2026-10-02,542,"Cathay Pacific, Vietnam Airlines",1,https://www.google.com/travel/flights?q=Flights%20from%20SFO%20to%20SGN%20on%202026-10-02%20one%20way
2026-08-24T14:01:58+00:00,sgn,Ho Chi Minh City,SGN,SFO,2026-10-03,514,Vietnam Airlines,0,https://www.google.com/travel/flights?q=Flights%20from%20SFO%20to%20SGN%20on%202026-10-03%20one%20way
2026-08-26T13:16:22+00:00,sgn,Ho Chi Minh City,SGN,SFO,2026-10-04,461,China Airlines,1,https://www.google.com/travel/flights?q=Flights%20from%20SFO%20to%20SGN%20on%202026-10-04%20one%20way
2026-08-25T15:05:17+00:00,sgn,Ho Chi Minh City,SGN,SFO,2026-10-05,474,China Airlines,1,https://www.google.com/travel/flights?q=Flights%20from%20SFO%20to%20SGN%20on%202026-10-05%20one%20way
2026-08-27T14:18:40+00:00,sgn,Ho Chi Minh City,SGN,SFO,2026-10-06,474,China Airlines,1,https://www.google.com/travel/flights?q=Flights%20from%20SFO%20to%20SGN%20on%202026-10-06%20one%20way
2026-09-02T09:37:49+00:00,sgn,Ho Chi Minh City,SGN,SFO,2026-10-07,469,China Airlines,1,https://www.google.com/travel/flights?q=Flights%20from%20SFO%20to%20SGN%20on%202026-10-07%20one%20way
2026-09-03T09:50:38+00:00,sgn,Ho Chi Minh City,SGN,SFO,2026-10-08,469,China Airlines,1,https://www.google.com/travel/flights?q=Flights%20from%20SFO%20to%20SGN%20on%202026-10-08%20one%20way
2026-08-31T13:50:56+00:00,sgn,Ho Chi Minh City,SGN,SFO,2026-10-09,578,"United, Vietnam Airlines",1,https://www.google.com/travel/flights?q=Flights%20from%20SFO%20to%20SGN%20on%202026-10-09%20one%20way
2026-08-26T19:18:45+00:00,sgn,Ho Chi Minh City,SGN,SFO,2026-10-10,514,Vietnam Airlines,0,https://www.google.com/travel/flights?q=Flights%20from%20SFO%20to%20SGN%20on%202026-10-10%20one%20way
2026-08-25T21:44:07+00:00,sgn,Ho Chi Minh City,SGN,SFO,2026-10-11,461,China Airlines,1,https://www.google.com/travel/flights?q=Flights%20from%20SFO%20to%20SGN%20on%202026-10-11%20one%20way
2026-08-30T17:29:22+00:00,sgn,Ho Chi Minh City,SGN,SFO,2026-10-12,461,China Airlines,1,https://www.google.com/travel/flights?q=Flights%20from%20SFO%20to%20SGN%20on%202026-10-12%20one%20way
2026-08-29T19:24:36+00:00,sgn,Ho Chi Minh City,SGN,SFO,2026-10-13,461,China Airlines,1,https://www.google.com/travel/flights?q=Flights%20from%20SFO%20to%20SGN%20on%202026-10-13%20one%20way
2026-08-24T01:57:43+00:00,sgn,Ho Chi Minh City,SGN,SFO,2026-10-14,461,China Airlines,1,https://www.google.com/travel/flights?q=Flights%20from%20SFO%20to%20SGN%20on%202026-10-14%20one%20way
2026-09-01T18:30:46+00:00,sgn,Ho Chi Minh City,SGN,SFO,2026-10-15,469,China Airlines,1,https://www.google.com/travel/flights?q=Flights%20from%20SFO%20to%20SGN%20on%202026-10-15%20one%20way
2026-09-02T18:42:50+00:00,sgn,Ho Chi Minh City,SGN,SFO,2026-10-16,482,China Airlines,1,https://www.google.com/travel/flights?q=Flights%20from%20SFO%20to%20SGN%20on%202026-10-16%20one%20way
2026-08-25T03:59:31+00:00,sgn,Ho Chi Minh City,SGN,SFO,2026-10-17,514,Vietnam Airlines,0,https://www.google.com/travel/flights?q=Flights%20from%20SFO%20to%20SGN%20on%202026-10-17%20one%20way
2026-08-26T03:17:57+00:00,sgn,Ho Chi Minh City,SGN,SFO,2026-10-18,461,China Airlines,1,https://www.google.com/travel/flights?q=Flights%20from%20SFO%20to%20SGN%20on%202026-10-18%20one%20way
2026-08-31T23:50:53+00:00,sgn,Ho Chi Minh City,SGN,SFO,2026-10-19,461,China Airlines,1,https://www.google.com/travel/flights?q=Flights%20from%20SFO%20to%20SGN%20on%202026-10-19%20one%20way
2026-09-03T21:42:38+00:00,sgn,Ho Chi Minh City,SGN,SFO,2026-10-20,469,China Airlines,1,https://www.google.com/travel/flights?q=Flights%20from%20SFO%20to%20SGN%20on%202026-10-20%20one%20way
2026-08-25T07:08:15+00:00,sgn,Ho Chi Minh City,SGN,SFO,2026-10-21,461,China Airlines,1,https://www.google.com/travel/flights?q=Flights%20from%20SFO%20to%20SGN%20on%202026-10-21%20one%20way
2026-09-02T00:14:40+00:00,sgn,Ho Chi Minh City,SGN,SFO,2026-10-22,469,China Airlines,1,https://www.google.com/travel/flights?q=Flights%20from%20SFO%20to%20SGN%20on%202026-10-22%20one%20way
2026-08-25T09:51:44+00:00,sgn,Ho Chi Minh City,SGN,SFO,2026-10-23,461,China Airlines,1,https://www.google.com/travel/flights?q=Flights%20from%20SFO%20to%20SGN%20on%202026-10-23%20one%20way
2026-09-04T00:06:22+00:00,sgn,Ho Chi Minh City,SGN,SFO,2026-10-24,469,China Airlines,1,https://www.google.com/travel/flights?q=Flights%20from%20SFO%20to%20SGN%20on%202026-10-24%20one%20way
2026-08-26T10:51:37+00:00,sgn,Ho Chi Minh City,SGN,SFO,2026-10-25,461,China Airlines,1,https://www.google.com/travel/flights?q=Flights%20from%20SFO%20to%20SGN%20on%202026-10-25%20one%20way
2026-09-02T04:34:13+00:00,sgn,Ho Chi Minh City,SGN,SFO,2026-10-26,469,China Airlines,1,https://www.google.com/travel/flights?q=Flights%20from%20SFO%20to%20SGN%20on%202026-10-26%20one%20way
2026-08-22T16:40:56+00:00,sgn,Ho Chi Minh City,SGN,SFO,2026-10-27,461,China Airlines,1,https://www.google.com/travel/flights?q=Flights%20from%20SFO%20to%20SGN%20on%202026-10-27%20one%20way
2026-08-28T11:23:35+00:00,sgn,Ho Chi Minh City,SGN,SFO,2026-10-28,461,China Airlines,1,https://www.google.com/travel/flights?q=Flights%20from%20SFO%20to%20SGN%20on%202026-10-28%20one%20way
2026-08-29T11:05:19+00:00,sgn,Ho Chi Minh City,SGN,SFO,2026-10-29,461,China Airlines,1,https://www.google.com/travel/flights?q=Flights%20from%20SFO%20to%20SGN%20on%202026-10-29%20one%20way
2026-08-27T14:18:40+00:00,sgn,Ho Chi Minh City,SGN,SFO,2026-10-30,461,China Airlines,1,https://www.google.com/travel/flights?q=Flights%20from%20SFO%20to%20SGN%20on%202026-10-30%20one%20way
2026-09-01T10:06:27+00:00,sgn,Ho Chi Minh City,SGN,SFO,2026-10-31,469,China Airlines,1,https://www.google.com/travel/flights?q=Flights%20from%20SFO%20to%20SGN%20on%202026-10-31%20one%20way
2026-08-25T18:56:40+00:00,sgn,Ho Chi Minh City,SGN,SFO,2026-11-01,461,China Airlines,1,https://www.google.com/travel/flights?q=Flights%20from%20SFO%20to%20SGN%20on%202026-11-01%20one%20way
2026-08-29T15:37:50+00:00,sgn,Ho Chi Minh City,SGN,SFO,2026-11-02,461,China Airlines,1,https://www.google.com/travel/flights?q=Flights%20from%20SFO%20to%20SGN%20on%202026-11-02%20one%20way
2026-08-26T19:18:45+00:00,sgn,Ho Chi Minh City,SGN,SFO,2026-11-03,461,China Airlines,1,https://www.google.com/travel/flights?q=Flights%20from%20SFO%20to%20SGN%20on%202026-11-03%20one%20way
2026-09-01T14:53:27+00:00,sgn,Ho Chi Minh City,SGN,SFO,2026-11-04,469,China Airlines,1,https://www.google.com/travel/flights?q=Flights%20from%20SFO%20to%20SGN%20on%202026-11-04%20one%20way
2026-08-25T22:44:53+00:00,sgn,Ho Chi Minh City,SGN,SFO,2026-11-05,461,China Airlines,1,https://www.google.com/travel/flights?q=Flights%20from%20SFO%20to%20SGN%20on%202026-11-05%20one%20way
2026-08-29T19:24:36+00:00,sgn,Ho Chi Minh City,SGN,SFO,2026-11-06,461,China Airlines,1,https://www.google.com/travel/flights?q=Flights%20from%20SFO%20to%20SGN%20on%202026-11-06%20one%20way
2026-08-22T03:56:42+00:00,sgn,Ho Chi Minh City,SGN,SFO,2026-11-07,481,China Airlines,1,https://www.google.com/travel/flights?q=Flights%20from%20SFO%20to%20SGN%20on%202026-11-07%20one%20way
2026-09-01T18:30:46+00:00,sgn,Ho Chi Minh City,SGN,SFO,2026-11-08,469,China Airlines,1,https://www.google.com/travel/flights?q=Flights%20from%20SFO%20to%20SGN%20on%202026-11-08%20one%20way
2026-09-02T18:42:50+00:00,sgn,Ho Chi Minh City,SGN,SFO,2026-11-09,469,China Airlines,1,https://www.google.com/travel/flights?q=Flights%20from%20SFO%20to%20SGN%20on%202026-11-09%20one%20way
2026-08-23T05:44:55+00:00,sgn,Ho Chi Minh City,SGN,SFO,2026-11-10,461,China Airlines,1,https://www.google.com/travel/flights?q=Flights%20from%20SFO%20to%20SGN%20on%202026-11-10%20one%20way
2026-09-01T21:46:54+00:00,sgn,Ho Chi Minh City,SGN,SFO,2026-11-11,469,China Airlines,1,https://www.google.com/travel/flights?q=Flights%20from%20SFO%20to%20SGN%20on%202026-11-11%20one%20way
2026-08-31T23:50:53+00:00,sgn,Ho Chi Minh City,SGN,SFO,2026-11-12,461,China Airlines,1,https://www.google.com/travel/flights?q=Flights%20from%20SFO%20to%20SGN%20on%202026-11-12%20one%20way
2026-09-03T21:42:38+00:00,sgn,Ho Chi Minh City,SGN,SFO,2026-11-13,552,China Airlines,1,https://www.google.com/travel/flights?q=Flights%20from%20SFO%20to%20SGN%20on%202026-11-13%20one%20way
2026-08-23T09:42:49+00:00,sgn,Ho Chi Minh City,SGN,SFO,2026-11-14,461,China Airlines,1,https://www.google.com/travel/flights?q=Flights%20from%20SFO%20to%20SGN%20on%202026-11-14%20one%20way
2026-08-29T04:09:47+00:00,sgn,Ho Chi Minh City,SGN,SFO,2026-11-15,461,China Airlines,1,https://www.google.com/travel/flights?q=Flights%20from%20SFO%20to%20SGN%20on%202026-11-15%20one%20way
2026-09-03T00:15:57+00:00,sgn,Ho Chi Minh City,SGN,SFO,2026-11-16,469,China Airlines,1,https://www.google.com/travel/flights?q=Flights%20from%20SFO%20to%20SGN%20on%202026-11-16%20one%20way
2026-09-04T00:06:22+00:00,sgn,Ho Chi Minh City,SGN,SFO,2026-11-17,482,China Airlines,1,https://www.google.com/travel/flights?q=Flights%20from%20SFO%20to%20SGN%20on%202026-11-17%20one%20way
2026-08-31T05:35:23+00:00,sgn,Ho Chi Minh City,SGN,SFO,2026-11-18,595,China Airlines,1,https://www.google.com/travel/flights?q=Flights%20from%20SFO%20to%20SGN%20on%202026-11-18%20one%20way
2026-08-26T11:44:52+00:00,sgn,Ho Chi Minh City,SGN,SFO,2026-11-19,708,"Delta, Vietnam Airlines",2,https://www.google.com/travel/flights?q=Flights%20from%20SFO%20to%20SGN%20on%202026-11-19%20one%20way
2026-09-03T04:34:43+00:00,sgn,Ho Chi Minh City,SGN,SFO,2026-11-20,746,"Delta, Vietnam Airlines",2,https://www.google.com/travel/flights?q=Flights%20from%20SFO%20to%20SGN%20on%202026-11-20%20one%20way
2026-08-26T13:16:22+00:00,sgn,Ho Chi Minh City,SGN,SFO,2026-11-21,595,China Airlines,1,https://www.google.com/travel/flights?q=Flights%20from%20SFO%20to%20SGN%20on%202026-11-21%20one%20way
2026-08-29T11:05:19+00:00,sgn,Ho Chi Minh City,SGN,SFO,2026-11-22,461,China Airlines,1,https://www.google.com/travel/flights?q=Flights%20from%20SFO%20to%20SGN%20on%202026-11-22%20one%20way
2026-08-26T15:56:58+00:00,sgn,Ho Chi Minh City,SGN,SFO,2026-11-23,461,China Airlines,1,https://www.google.com/travel/flights?q=Flights%20from%20SFO%20to%20SGN%20on%202026-11-23%20one%20way
2026-09-02T09:37:49+00:00,sgn,Ho Chi Minh City,SGN,SFO,2026-11-24,469,China Airlines,1,https://www.google.com/travel/flights?q=Flights%20from%20SFO%20to%20SGN%20on%202026-11-24%20one%20way
2026-08-25T18:56:40+00:00,sgn,Ho Chi Minh City,SGN,SFO,2026-11-25,461,China Airlines,1,https://www.google.com/travel/flights?q=Flights%20from%20SFO%20to%20SGN%20on%202026-11-25%20one%20way
2026-08-29T15:37:50+00:00,sgn,Ho Chi Minh City,SGN,SFO,2026-11-26,461,China Airlines,1,https://www.google.com/travel/flights?q=Flights%20from%20SFO%20to%20SGN%20on%202026-11-26%20one%20way
2026-08-24T21:43:35+00:00,sgn,Ho Chi Minh City,SGN,SFO,2026-11-27,461,China Airlines,1,https://www.google.com/travel/flights?q=Flights%20from%20SFO%20to%20SGN%20on%202026-11-27%20one%20way
2026-09-01T14:53:27+00:00,sgn,Ho Chi Minh City,SGN,SFO,2026-11-28,469,China Airlines,1,https://www.google.com/travel/flights?q=Flights%20from%20SFO%20to%20SGN%20on%202026-11-28%20one%20way
2026-09-02T14:29:37+00:00,sgn,Ho Chi Minh City,SGN,SFO,2026-11-29,469,China Airlines,1,https://www.google.com/travel/flights?q=Flights%20from%20SFO%20to%20SGN%20on%202026-11-29%20one%20way
2026-08-29T19:24:36+00:00,sgn,Ho Chi Minh City,SGN,SFO,2026-11-30,461,China Airlines,1,https://www.google.com/travel/flights?q=Flights%20from%20SFO%20to%20SGN%20on%202026-11-30%20one%20way
2026-08-24T01:57:43+00:00,sgn,Ho Chi Minh City,SGN,SFO,2026-12-01,461,China Airlines,1,https://www.google.com/travel/flights?q=Flights%20from%20SFO%20to%20SGN%20on%202026-12-01%20one%20way
2026-08-28T22:20:18+00:00,sgn,Ho Chi Minh City,SGN,SFO,2026-12-02,474,China Airlines,1,https://www.google.com/travel/flights?q=Flights%20from%20SFO%20to%20SGN%20on%202026-12-02%20one%20way
2026-09-02T18:42:50+00:00,sgn,Ho Chi Minh City,SGN,SFO,2026-12-03,469,China Airlines,1,https://www.google.com/travel/flights?q=Flights%20from%20SFO%20to%20SGN%20on%202026-12-03%20one%20way
2026-09-03T18:39:20+00:00,sgn,Ho Chi Minh City,SGN,SFO,2026-12-04,603,China Airlines,1,https://www.google.com/travel/flights?q=Flights%20from%20SFO%20to%20SGN%20on%202026-12-04%20one%20way
2026-09-01T21:46:54+00:00,sgn,Ho Chi Minh City,SGN,SFO,2026-12-05,603,China Airlines,1,https://www.google.com/travel/flights?q=Flights%20from%20SFO%20to%20SGN%20on%202026-12-05%20one%20way
2026-09-02T21:49:33+00:00,sgn,Ho Chi Minh City,SGN,SFO,2026-12-06,603,China Airlines,1,https://www.google.com/travel/flights?q=Flights%20from%20SFO%20to%20SGN%20on%202026-12-06%20one%20way
2026-09-03T21:42:38+00:00,sgn,Ho Chi Minh City,SGN,SFO,2026-12-07,603,China Airlines,1,https://www.google.com/travel/flights?q=Flights%20from%20SFO%20to%20SGN%20on%202026-12-07%20one%20way
2026-08-23T09:42:49+00:00,sgn,Ho Chi Minh City,SGN,SFO,2026-12-08,634,China Airlines,1,https://www.google.com/travel/flights?q=Flights%20from%20SFO%20to%20SGN%20on%202026-12-08%20one%20way
2026-08-26T07:08:45+00:00,sgn,Ho Chi Minh City,SGN,SFO,2026-12-09,747,STARLUX Airlines,1,https://www.google.com/travel/flights?q=Flights%20from%20SFO%20to%20SGN%20on%202026-12-09%20one%20way
2026-08-25T09:51:44+00:00,sgn,Ho Chi Minh City,SGN,SFO,2026-12-10,851,"Delta, Vietnam Airlines",2,https://www.google.com/travel/flights?q=Flights%20from%20SFO%20to%20SGN%20on%202026-12-10%20one%20way
2026-08-26T09:56:58+00:00,sgn,Ho Chi Minh City,SGN,SFO,2026-12-11,781,"Delta, Vietnam Airlines",2,https://www.google.com/travel/flights?q=Flights%20from%20SFO%20to%20SGN%20on%202026-12-11%20one%20way
2026-08-31T05:35:23+00:00,sgn,Ho Chi Minh City,SGN,SFO,2026-12-12,911,"Delta, Vietnam Airlines",2,https://www.google.com/travel/flights?q=Flights%20from%20SFO%20to%20SGN%20on%202026-12-12%20one%20way
2026-09-02T04:34:13+00:00,sgn,Ho Chi Minh City,SGN,SFO,2026-12-13,746,"Delta, Vietnam Airlines",2,https://www.google.com/travel/flights?q=Flights%20from%20SFO%20to%20SGN%20on%202026-12-13%20one%20way
2026-09-03T04:34:43+00:00,sgn,Ho Chi Minh City,SGN,SFO,2026-12-14,758,"Delta, Vietnam Airlines",2,https://www.google.com/travel/flights?q=Flights%20from%20SFO%20to%20SGN%20on%202026-12-14%20one%20way
2026-09-04T04:33:42+00:00,sgn,Ho Chi Minh City,SGN,SFO,2026-12-15,758,"Delta, Vietnam Airlines",2,https://www.google.com/travel/flights?q=Flights%20from%20SFO%20to%20SGN%20on%202026-12-15%20one%20way
2026-08-26T14:04:39+00:00,sgn,Ho Chi Minh City,SGN,SFO,2026-12-16,1201,"Alaska, China Airlines",2,https://www.google.com/travel/flights?q=Flights%20from%20SFO%20to%20SGN%20on%202026-12-16%20one%20way
2026-08-25T16:55:28+00:00,sgn,Ho Chi Minh City,SGN,SFO,2026-12-17,1554,China Airlines,1,https://www.google.com/travel/flights?q=Flights%20from%20SFO%20to%20SGN%20on%202026-12-17%20one%20way
2026-09-02T09:37:49+00:00,sgn,Ho Chi Minh City,SGN,SFO,2026-12-18,2032,"Delta, Vietnam Airlines",2,https://www.google.com/travel/flights?q=Flights%20from%20SFO%20to%20SGN%20on%202026-12-18%20one%20way
2026-09-03T09:50:38+00:00,sgn,Ho Chi Minh City,SGN,SFO,2026-12-19,1764,"Alaska, China Airlines",2,https://www.google.com/travel/flights?q=Flights%20from%20SFO%20to%20SGN%20on%202026-12-19%20one%20way
2026-08-31T13:50:56+00:00,sgn,Ho Chi Minh City,SGN,SFO,2026-12-20,1441,STARLUX Airlines,1,https://www.google.com/travel/flights?q=Flights%20from%20SFO%20to%20SGN%20on%202026-12-20%20one%20way
2026-08-26T19:18:45+00:00,sgn,Ho Chi Minh City,SGN,SFO,2026-12-21,1074,"Alaska, China Airlines",2,https://www.google.com/travel/flights?q=Flights%20from%20SFO%20to%20SGN%20on%202026-12-21%20one%20way
2026-08-24T22:44:12+00:00,sgn,Ho Chi Minh City,SGN,SFO,2026-12-22,1047,China Airlines,1,https://www.google.com/travel/flights?q=Flights%20from%20SFO%20to%20SGN%20on%202026-12-22%20one%20way
2026-09-02T14:29:37+00:00,sgn,Ho Chi Minh City,SGN,SFO,2026-12-23,991,China Airlines,1,https://www.google.com/travel/flights?q=Flights%20from%20SFO%20to%20SGN%20on%202026-12-23%20one%20way
2026-08-29T19:24:36+00:00,sgn,Ho Chi Minh City,SGN,SFO,2026-12-24,875,"Delta, Vietnam Airlines",2,https://www.google.com/travel/flights?q=Flights%20from%20SFO%20to%20SGN%20on%202026-12-24%20one%20way
2026-08-22T03:07:15+00:00,sgn,Ho Chi Minh City,SGN,SFO,2026-12-25,971,China Airlines,1,https://www.google.com/travel/flights?q=Flights%20from%20SFO%20to%20SGN%20on%202026-12-25%20one%20way
2026-08-28T22:20:18+00:00,sgn,Ho Chi Minh City,SGN,SFO,2026-12-26,709,"Delta, Vietnam Airlines",2,https://www.google.com/travel/flights?q=Flights%20from%20SFO%20to%20SGN%20on%202026-12-26%20one%20way
2026-08-30T21:06:09+00:00,sgn,Ho Chi Minh City,SGN,SFO,2026-12-27,634,China Airlines,1,https://www.google.com/travel/flights?q=Flights%20from%20SFO%20to%20SGN%20on%202026-12-27%20one%20way
2026-08-25T03:59:31+00:00,sgn,Ho Chi Minh City,SGN,SFO,2026-12-28,634,China Airlines,1,https://www.google.com/travel/flights?q=Flights%20from%20SFO%20to%20SGN%20on%202026-12-28%20one%20way
2026-09-01T21:46:54+00:00,sgn,Ho Chi Minh City,SGN,SFO,2026-12-29,603,China Airlines,1,https://www.google.com/travel/flights?q=Flights%20from%20SFO%20to%20SGN%20on%202026-12-29%20one%20way
2026-09-02T21:49:33+00:00,sgn,Ho Chi Minh City,SGN,SFO,2026-12-30,603,China Airlines,1,https://www.google.com/travel/flights?q=Flights%20from%20SFO%20to%20SGN%20on%202026-12-30%20one%20way
2026-09-03T21:42:38+00:00,sgn,Ho Chi Minh City,SGN,SFO,2026-12-31,603,China Airlines,1,https://www.google.com/travel/flights?q=Flights%20from%20SFO%20to%20SGN%20on%202026-12-31%20one%20way
2026-08-25T07:08:15+00:00,sgn,Ho Chi Minh City,SGN,SFO,2027-01-01,576,China Airlines,1,https://www.google.com/travel/flights?q=Flights%20from%20SFO%20to%20SGN%20on%202027-01-01%20one%20way
2026-09-02T00:14:40+00:00,sgn,Ho Chi Minh City,SGN,SFO,2027-01-02,489,China Airlines,1,https://www.google.com/travel/flights?q=Flights%20from%20SFO%20to%20SGN%20on%202027-01-02%20one%20way
2026-09-03T00:15:57+00:00,sgn,Ho Chi Minh City,SGN,SFO,2027-01-03,489,China Airlines,1,https://www.google.com/travel/flights?q=Flights%20from%20SFO%20to%20SGN%20on%202027-01-03%20one%20way
2026-08-25T10:49:30+00:00,sgn,Ho Chi Minh City,SGN,SFO,2027-01-04,512,China Airlines,1,https://www.google.com/travel/flights?q=Flights%20from%20SFO%20to%20SGN%20on%202027-01-04%20one%20way
2026-08-30T06:40:33+00:00,sgn,Ho Chi Minh City,SGN,SFO,2027-01-05,481,China Airlines,1,https://www.google.com/travel/flights?q=Flights%20from%20SFO%20to%20SGN%20on%202027-01-05%20one%20way
2026-09-01T05:08:23+00:00,sgn,Ho Chi Minh City,SGN,SFO,2027-01-06,481,China Airlines,1,https://www.google.com/travel/flights?q=Flights%20from%20SFO%20to%20SGN%20on%202027-01-06%20one%20way
2026-09-03T04:34:43+00:00,sgn,Ho Chi Minh City,SGN,SFO,2027-01-07,489,China Airlines,1,https://www.google.com/travel/flights?q=Flights%20from%20SFO%20to%20SGN%20on%202027-01-07%20one%20way
2026-09-04T04:33:42+00:00,sgn,Ho Chi Minh City,SGN,SFO,2027-01-08,489,China Airlines,1,https://www.google.com/travel/flights?q=Flights%20from%20SFO%20to%20SGN%20on%202027-01-08%20one%20way
2026-08-29T11:05:19+00:00,sgn,Ho Chi Minh City,SGN,SFO,2027-01-09,481,China Airlines,1,https://www.google.com/travel/flights?q=Flights%20from%20SFO%20to%20SGN%20on%202027-01-09%20one%20way
2026-08-27T14:18:40+00:00,sgn,Ho Chi Minh City,SGN,SFO,2027-01-10,481,China Airlines,1,https://www.google.com/travel/flights?q=Flights%20from%20SFO%20to%20SGN%20on%202027-01-10%20one%20way
2026-08-25T17:45:16+00:00,sgn,Ho Chi Minh City,SGN,SFO,2027-01-11,481,China Airlines,1,https://www.google.com/travel/flights?q=Flights%20from%20SFO%20to%20SGN%20on%202027-01-11%20one%20way
2026-08-25T18:56:40+00:00,sgn,Ho Chi Minh City,SGN,SFO,2027-01-12,481,China Airlines,1,https://www.google.com/travel/flights?q=Flights%20from%20SFO%20to%20SGN%20on%202027-01-12%20one%20way
2026-08-31T13:50:56+00:00,sgn,Ho Chi Minh City,SGN,SFO,2027-01-13,481,China Airlines,1,https://www.google.com/travel/flights?q=Flights%20from%20SFO%20to%20SGN%20on%202027-01-13%20one%20way
2026-08-26T19:18:45+00:00,sgn,Ho Chi Minh City,SGN,SFO,2027-01-14,481,China Airlines,1,https://www.google.com/travel/flights?q=Flights%20from%20SFO%20to%20SGN%20on%202027-01-14%20one%20way
2026-08-21T01:57:35+00:00,sgn,Ho Chi Minh City,SGN,SFO,2027-01-15,481,China Airlines,1,https://www.google.com/travel/flights?q=Flights%20from%20SFO%20to%20SGN%20on%202027-01-15%20one%20way
2026-08-25T22:44:53+00:00,sgn,Ho Chi Minh City,SGN,SFO,2027-01-16,481,China Airlines,1,https://www.google.com/travel/flights?q=Flights%20from%20SFO%20to%20SGN%20on%202027-01-16%20one%20way
2026-08-29T19:24:36+00:00,sgn,Ho Chi Minh City,SGN,SFO,2027-01-17,481,China Airlines,1,https://www.google.com/travel/flights?q=Flights%20from%20SFO%20to%20SGN%20on%202027-01-17%20one%20way
2026-08-22T03:56:42+00:00,sgn,Ho Chi Minh City,SGN,SFO,2027-01-18,481,China Airlines,1,https://www.google.com/travel/flights?q=Flights%20from%20SFO%20to%20SGN%20on%202027-01-18%20one%20way
2026-09-01T18:30:46+00:00,sgn,Ho Chi Minh City,SGN,SFO,2027-01-19,489,China Airlines,1,https://www.google.com/travel/flights?q=Flights%20from%20SFO%20to%20SGN%20on%202027-01-19%20one%20way
2026-09-02T18:42:50+00:00,sgn,Ho Chi Minh City,SGN,SFO,2027-01-20,489,China Airlines,1,https://www.google.com/travel/flights?q=Flights%20from%20SFO%20to%20SGN%20on%202027-01-20%20one%20way
2026-09-03T18:39:20+00:00,sgn,Ho Chi Minh City,SGN,SFO,2027-01-21,489,China Airlines,1,https://www.google.com/travel/flights?q=Flights%20from%20SFO%20to%20SGN%20on%202027-01-21%20one%20way
2026-08-30T23:30:07+00:00,sgn,Ho Chi Minh City,SGN,SFO,2027-01-22,481,China Airlines,1,https://www.google.com/travel/flights?q=Flights%20from%20SFO%20to%20SGN%20on%202027-01-22%20one%20way
2026-09-02T21:49:33+00:00,sgn,Ho Chi Minh City,SGN,SFO,2027-01-23,489,China Airlines,1,https://www.google.com/travel/flights?q=Flights%20from%20SFO%20to%20SGN%20on%202027-01-23%20one%20way
2026-09-03T21:42:38+00:00,sgn,Ho Chi Minh City,SGN,SFO,2027-01-24,489,China Airlines,1,https://www.google.com/travel/flights?q=Flights%20from%20SFO%20to%20SGN%20on%202027-01-24%20one%20way
2026-08-25T07:58:10+00:00,sgn,Ho Chi Minh City,SGN,SFO,2027-01-25,481,China Airlines,1,https://www.google.com/travel/flights?q=Flights%20from%20SFO%20to%20SGN%20on%202027-01-25%20one%20way
2026-09-02T00:14:40+00:00,sgn,Ho Chi Minh City,SGN,SFO,2027-01-26,489,China Airlines,1,https://www.google.com/travel/flights?q=Flights%20from%20SFO%20to%20SGN%20on%202027-01-26%20one%20way
2026-08-25T09:51:44+00:00,sgn,Ho Chi Minh City,SGN,SFO,2027-01-27,481,China Airlines,1,https://www.google.com/travel/flights?q=Flights%20from%20SFO%20to%20SGN%20on%202027-01-27%20one%20way
2026-08-26T09:56:58+00:00,sgn,Ho Chi Minh City,SGN,SFO,2027-01-28,481,China Airlines,1,https://www.google.com/travel/flights?q=Flights%20from%20SFO%20to%20SGN%20on%202027-01-28%20one%20way
2026-08-31T05:35:23+00:00,sgn,Ho Chi Minh City,SGN,SFO,2027-01-29,512,China Airlines,1,https://www.google.com/travel/flights?q=Flights%20from%20SFO%20to%20SGN%20on%202027-01-29%20one%20way
2026-09-01T05:08:23+00:00,sgn,Ho Chi Minh City,SGN,SFO,2027-01-30,481,China Airlines,1,https://www.google.com/travel/flights?q=Flights%20from%20SFO%20to%20SGN%20on%202027-01-30%20one%20way
2026-09-03T04:34:43+00:00,sgn,Ho Chi Minh City,SGN,SFO,2027-01-31,489,China Airlines,1,https://www.google.com/travel/flights?q=Flights%20from%20SFO%20to%20SGN%20on%202027-01-31%20one%20way
2026-08-26T13:16:22+00:00,sgn,Ho Chi Minh City,SGN,SFO,2027-02-01,576,China Airlines,1,https://www.google.com/travel/flights?q=Flights%20from%20SFO%20to%20SGN%20on%202027-02-01%20one%20way
2026-08-26T14:04:39+00:00,sgn,Ho Chi Minh City,SGN,SFO,2027-02-02,512,China Airlines,1,https://www.google.com/travel/flights?q=Flights%20from%20SFO%20to%20SGN%20on%202027-02-02%20one%20way
2026-08-26T15:56:58+00:00,sgn,Ho Chi Minh City,SGN,SFO,2027-02-03,481,China Airlines,1,https://www.google.com/travel/flights?q=Flights%20from%20SFO%20to%20SGN%20on%202027-02-03%20one%20way
2026-08-23T19:34:21+00:00,sgn,Ho Chi Minh City,SGN,SFO,2027-02-04,481,China Airlines,1,https://www.google.com/travel/flights?q=Flights%20from%20SFO%20to%20SGN%20on%202027-02-04%20one%20way
2026-09-03T09:50:38+00:00,sgn,Ho Chi Minh City,SGN,SFO,2027-02-05,489,China Airlines,1,https://www.google.com/travel/flights?q=Flights%20from%20SFO%20to%20SGN%20on%202027-02-05%20one%20way
2026-08-25T19:45:51+00:00,sgn,Ho Chi Minh City,SGN,SFO,2027-02-06,481,China Airlines,1,https://www.google.com/travel/flights?q=Flights%20from%20SFO%20to%20SGN%20on%202027-02-06%20one%20way
2026-08-26T19:18:45+00:00,sgn,Ho Chi Minh City,SGN,SFO,2027-02-07,481,China Airlines,1,https://www.google.com/travel/flights?q=Flights%20from%20SFO%20to%20SGN%20on%202027-02-07%20one%20way
2026-09-01T14:53:27+00:00,sgn,Ho Chi Minh City,SGN,SFO,2027-02-08,489,China Airlines,1,https://www.google.com/travel/flights?q=Flights%20from%20SFO%20to%20SGN%20on%202027-02-08%20one%20way
2026-09-02T14:29:37+00:00,sgn,Ho Chi Minh City,SGN,SFO,2027-02-09,489,China Airlines,1,https://www.google.com/travel/flights?q=Flights%20from%20SFO%20to%20SGN%20on%202027-02-09%20one%20way
2026-08-29T19:24:36+00:00,sgn,Ho Chi Minh City,SGN,SFO,2027-02-10,481,China Airlines,1,https://www.google.com/travel/flights?q=Flights%20from%20SFO%20to%20SGN%20on%202027-02-10%20one%20way
2026-08-24T01:57:43+00:00,sgn,Ho Chi Minh City,SGN,SFO,2027-02-11,481,China Airlines,1,https://www.google.com/travel/flights?q=Flights%20from%20SFO%20to%20SGN%20on%202027-02-11%20one%20way
2026-09-01T18:30:46+00:00,sgn,Ho Chi Minh City,SGN,SFO,2027-02-12,584,China Airlines,1,https://www.google.com/travel/flights?q=Flights%20from%20SFO%20to%20SGN%20on%202027-02-12%20one%20way
2026-09-02T18:42:50+00:00,sgn,Ho Chi Minh City,SGN,SFO,2027-02-13,520,China Airlines,1,https://www.google.com/travel/flights?q=Flights%20from%20SFO%20to%20SGN%20on%202027-02-13%20one%20way
2026-08-25T03:59:31+00:00,sgn,Ho Chi Minh City,SGN,SFO,2027-02-14,481,China Airlines,1,https://www.google.com/travel/flights?q=Flights%20from%20SFO%20to%20SGN%20on%202027-02-14%20one%20way
2026-08-25T04:53:35+00:00,sgn,Ho Chi Minh City,SGN,SFO,2027-02-15,481,China Airlines,1,https://www.google.com/travel/flights?q=Flights%20from%20SFO%20to%20SGN%20on%202027-02-15%20one%20way
2026-08-31T23:50:53+00:00,sgn,Ho Chi Minh City,SGN,SFO,2027-02-16,481,China Airlines,1,https://www.google.com/travel/flights?q=Flights%20from%20SFO%20to%20SGN%20on%202027-02-16%20one%20way
2026-08-26T05:50:20+00:00,sgn,Ho Chi Minh City,SGN,SFO,2027-02-17,481,China Airlines,1,https://www.google.com/travel/flights?q=Flights%20from%20SFO%20to%20SGN%20on%202027-02-17%20one%20way
2026-08-25T07:58:10+00:00,sgn,Ho Chi Minh City,SGN,SFO,2027-02-18,481,China Airlines,1,https://www.google.com/travel/flights?q=Flights%20from%20SFO%20to%20SGN%20on%202027-02-18%20one%20way
2026-08-26T07:08:45+00:00,sgn,Ho Chi Minh City,SGN,SFO,2027-02-19,481,China Airlines,1,https://www.google.com/travel/flights?q=Flights%20from%20SFO%20to%20SGN%20on%202027-02-19%20one%20way
2026-09-03T00:15:57+00:00,sgn,Ho Chi Minh City,SGN,SFO,2027-02-20,489,China Airlines,1,https://www.google.com/travel/flights?q=Flights%20from%20SFO%20to%20SGN%20on%202027-02-20%20one%20way
2026-09-04T00:06:22+00:00,sgn,Ho Chi Minh City,SGN,SFO,2027-02-21,489,China Airlines,1,https://www.google.com/travel/flights?q=Flights%20from%20SFO%20to%20SGN%20on%202027-02-21%20one%20way
2026-08-31T05:35:23+00:00,sgn,Ho Chi Minh City,SGN,SFO,2027-02-22,481,China Airlines,1,https://www.google.com/travel/flights?q=Flights%20from%20SFO%20to%20SGN%20on%202027-02-22%20one%20way
2026-08-26T11:44:52+00:00,sgn,Ho Chi Minh City,SGN,SFO,2027-02-23,481,China Airlines,1,https://www.google.com/travel/flights?q=Flights%20from%20SFO%20to%20SGN%20on%202027-02-23%20one%20way
2026-09-03T04:34:43+00:00,sgn,Ho Chi Minh City,SGN,SFO,2027-02-24,489,China Airlines,1,https://www.google.com/travel/flights?q=Flights%20from%20SFO%20to%20SGN%20on%202027-02-24%20one%20way
2026-09-04T04:33:42+00:00,sgn,Ho Chi Minh City,SGN,SFO,2027-02-25,489,China Airlines,1,https://www.google.com/travel/flights?q=Flights%20from%20SFO%20to%20SGN%20on%202027-02-25%20one%20way
2026-08-29T11:05:19+00:00,sgn,Ho Chi Minh City,SGN,SFO,2027-02-26,481,China Airlines,1,https://www.google.com/travel/flights?q=Flights%20from%20SFO%20to%20SGN%20on%202027-02-26%20one%20way
2026-08-27T14:18:40+00:00,sgn,Ho Chi Minh City,SGN,SFO,2027-02-27,481,China Airlines,1,https://www.google.com/travel/flights?q=Flights%20from%20SFO%20to%20SGN%20on%202027-02-27%20one%20way
2026-08-30T12:53:37+00:00,sgn,Ho Chi Minh City,SGN,SFO,2027-02-28,481,China Airlines,1,https://www.google.com/travel/flights?q=Flights%20from%20SFO%20to%20SGN%20on%202027-02-28%20one%20way
2026-08-23T20:38:52+00:00,sgn,Ho Chi Minh City,SGN,SFO,2027-03-01,481,China Airlines,1,https://www.google.com/travel/flights?q=Flights%20from%20SFO%20to%20SGN%20on%202027-03-01%20one%20way
2026-08-25T19:45:51+00:00,sgn,Ho Chi Minh City,SGN,SFO,2027-03-02,481,China Airlines,1,https://www.google.com/travel/flights?q=Flights%20from%20SFO%20to%20SGN%20on%202027-03-02%20one%20way
2026-08-25T20:45:57+00:00,sgn,Ho Chi Minh City,SGN,SFO,2027-03-03,481,China Airlines,1,https://www.google.com/travel/flights?q=Flights%20from%20SFO%20to%20SGN%20on%202027-03-03%20one%20way
2026-09-01T14:53:27+00:00,sgn,Ho Chi Minh City,SGN,SFO,2027-03-04,489,China Airlines,1,https://www.google.com/travel/flights?q=Flights%20from%20SFO%20to%20SGN%20on%202027-03-04%20one%20way
2026-09-02T14:29:37+00:00,sgn,Ho Chi Minh City,SGN,SFO,2027-03-05,489,China Airlines,1,https://www.google.com/travel/flights?q=Flights%20from%20SFO%20to%20SGN%20on%202027-03-05%20one%20way
2026-08-26T22:16:08+00:00,sgn,Ho Chi Minh City,SGN,SFO,2027-03-06,481,China Airlines,1,https://www.google.com/travel/flights?q=Flights%20from%20SFO%20to%20SGN%20on%202027-03-06%20one%20way
2026-08-24T01:57:43+00:00,sgn,Ho Chi Minh City,SGN,SFO,2027-03-07,481,China Airlines,1,https://www.google.com/travel/flights?q=Flights%20from%20SFO%20to%20SGN%20on%202027-03-07%20one%20way
2026-09-01T18:30:46+00:00,sgn,Ho Chi Minh City,SGN,SFO,2027-03-08,489,China Airlines,1,https://www.google.com/travel/flights?q=Flights%20from%20SFO%20to%20SGN%20on%202027-03-08%20one%20way
2026-09-02T18:42:50+00:00,sgn,Ho Chi Minh City,SGN,SFO,2027-03-09,489,China Airlines,1,https://www.google.com/travel/flights?q=Flights%20from%20SFO%20to%20SGN%20on%202027-03-09%20one%20way
2026-09-03T18:39:20+00:00,sgn,Ho Chi Minh City,SGN,SFO,2027-03-10,489,China Airlines,1,https://www.google.com/travel/flights?q=Flights%20from%20SFO%20to%20SGN%20on%202027-03-10%20one%20way
2026-09-01T21:46:54+00:00,sgn,Ho Chi Minh City,SGN,SFO,2027-03-11,489,China Airlines,1,https://www.google.com/travel/flights?q=Flights%20from%20SFO%20to%20SGN%20on%202027-03-11%20one%20way
2026-09-02T21:49:33+00:00,sgn,Ho Chi Minh City,SGN,SFO,2027-03-12,489,China Airlines,1,https://www.google.com/travel/flights?q=Flights%20from%20SFO%20to%20SGN%20on%202027-03-12%20one%20way
2026-09-03T21:42:38+00:00,sgn,Ho Chi Minh City,SGN,SFO,2027-03-13,489,China Airlines,1,https://www.google.com/travel/flights?q=Flights%20from%20SFO%20to%20SGN%20on%202027-03-13%20one%20way
2026-08-25T07:58:10+00:00,sgn,Ho Chi Minh City,SGN,SFO,2027-03-14,481,China Airlines,1,https://www.google.com/travel/flights?q=Flights%20from%20SFO%20to%20SGN%20on%202027-03-14%20one%20way
2026-09-02T00:14:40+00:00,sgn,Ho Chi Minh City,SGN,SFO,2027-03-15,489,China Airlines,1,https://www.google.com/travel/flights?q=Flights%20from%20SFO%20to%20SGN%20on%202027-03-15%20one%20way
2026-09-03T00:15:57+00:00,sgn,Ho Chi Minh City,SGN,SFO,2027-03-16,489,China Airlines,1,https://www.google.com/travel/flights?q=Flights%20from%20SFO%20to%20SGN%20on%202027-03-16%20one%20way
2026-09-04T00:06:22+00:00,sgn,Ho Chi Minh City,SGN,SFO,2027-03-17,489,China Airlines,1,https://www.google.com/travel/flights?q=Flights%20from%20SFO%20to%20SGN%20on%202027-03-17%20one%20way
2026-08-30T06:40:33+00:00,sgn,Ho Chi Minh City,SGN,SFO,2027-03-18,474,Vietnam Airlines,0,https://www.google.com/travel/flights?q=Flights%20from%20SFO%20to%20SGN%20on%202027-03-18%20one%20way
2026-09-01T05:08:23+00:00,sgn,Ho Chi Minh City,SGN,SFO,2027-03-19,481,China Airlines,1,https://www.google.com/travel/flights?q=Flights%20from%20SFO%20to%20SGN%20on%202027-03-19%20one%20way
2026-09-03T04:34:43+00:00,sgn,Ho Chi Minh City,SGN,SFO,2027-03-20,489,China Airlines,1,https://www.google.com/travel/flights?q=Flights%20from%20SFO%20to%20SGN%20on%202027-03-20%20one%20way
2026-09-04T04:33:42+00:00,sgn,Ho Chi Minh City,SGN,SFO,2027-03-21,489,China Airlines,1,https://www.google.com/travel/flights?q=Flights%20from%20SFO%20to%20SGN%20on%202027-03-21%20one%20way
2026-08-29T11:05:19+00:00,sgn,Ho Chi Minh City,SGN,SFO,2027-03-22,481,China Airlines,1,https://www.google.com/travel/flights?q=Flights%20from%20SFO%20to%20SGN%20on%202027-03-22%20one%20way
2026-08-27T14:18:40+00:00,sgn,Ho Chi Minh City,SGN,SFO,2027-03-23,481,China Airlines,1,https://www.google.com/travel/flights?q=Flights%20from%20SFO%20to%20SGN%20on%202027-03-23%20one%20way
2026-09-02T09:37:49+00:00,sgn,Ho Chi Minh City,SGN,SFO,2027-03-24,489,China Airlines,1,https://www.google.com/travel/flights?q=Flights%20from%20SFO%20to%20SGN%20on%202027-03-24%20one%20way
2026-09-03T09:50:38+00:00,sgn,Ho Chi Minh City,SGN,SFO,2027-03-25,474,Vietnam Airlines,0,https://www.google.com/travel/flights?q=Flights%20from%20SFO%20to%20SGN%20on%202027-03-25%20one%20way
2026-08-29T15:37:50+00:00,sgn,Ho Chi Minh City,SGN,SFO,2027-03-26,481,China Airlines,1,https://www.google.com/travel/flights?q=Flights%20from%20SFO%20to%20SGN%20on%202027-03-26%20one%20way
2026-08-26T19:18:45+00:00,sgn,Ho Chi Minh City,SGN,SFO,2027-03-27,514,Vietnam Airlines,0,https://www.google.com/travel/flights?q=Flights%20from%20SFO%20to%20SGN%20on%202027-03-27%20one%20way
2026-09-01T14:53:27+00:00,sgn,Ho Chi Minh City,SGN,SFO,2027-03-28,489,China Airlines,1,https://www.google.com/travel/flights?q=Flights%20from%20SFO%20to%20SGN%20on%202027-03-28%20one%20way
2026-09-02T14:29:37+00:00,sgn,Ho Chi Minh City,SGN,SFO,2027-03-29,489,China Airlines,1,https://www.google.com/travel/flights?q=Flights%20from%20SFO%20to%20SGN%20on%202027-03-29%20one%20way
2026-08-25T23:38:06+00:00,sgn,Ho Chi Minh City,SGN,SFO,2027-03-30,481,China Airlines,1,https://www.google.com/travel/flights?q=Flights%20from%20SFO%20to%20SGN%20on%202027-03-30%20one%20way
2026-08-22T03:56:42+00:00,sgn,Ho Chi Minh City,SGN,SFO,2027-03-31,474,Vietnam Airlines,0,https://www.google.com/travel/flights?q=Flights%20from%20SFO%20to%20SGN%20on%202027-03-31%20one%20way
2026-08-28T22:20:18+00:00,sgn,Ho Chi Minh City,SGN,SFO,2027-04-01,474,Vietnam Airlines,0,https://www.google.com/travel/flights?q=Flights%20from%20SFO%20to%20SGN%20on%202027-04-01%20one%20way
2026-08-29T22:39:37+00:00,sgn,Ho Chi Minh City,SGN,SFO,2027-04-02,481,China Airlines,1,https://www.google.com/travel/flights?q=Flights%20from%20SFO%20to%20SGN%20on%202027-04-02%20one%20way
2026-08-25T03:59:31+00:00,sgn,Ho Chi Minh City,SGN,SFO,2027-04-03,481,China Airlines,1,https://www.google.com/travel/flights?q=Flights%20from%20SFO%20to%20SGN%20on%202027-04-03%20one%20way
2026-08-25T04:53:35+00:00,sgn,Ho Chi Minh City,SGN,SFO,2027-04-04,481,China Airlines,1,https://www.google.com/travel/flights?q=Flights%20from%20SFO%20to%20SGN%20on%202027-04-04%20one%20way
2026-08-31T23:50:53+00:00,sgn,Ho Chi Minh City,SGN,SFO,2027-04-05,481,China Airlines,1,https://www.google.com/travel/flights?q=Flights%20from%20SFO%20to%20SGN%20on%202027-04-05%20one%20way
2026-08-24T07:20:38+00:00,sgn,Ho Chi Minh City,SGN,SFO,2027-04-06,481,China Airlines,1,https://www.google.com/travel/flights?q=Flights%20from%20SFO%20to%20SGN%20on%202027-04-06%20one%20way
2026-08-25T07:58:10+00:00,sgn,Ho Chi Minh City,SGN,SFO,2027-04-07,474,Vietnam Airlines,0,https://www.google.com/travel/flights?q=Flights%20from%20SFO%20to%20SGN%20on%202027-04-07%20one%20way
2026-09-02T00:14:40+00:00,sgn,Ho Chi Minh City,SGN,SFO,2027-04-08,474,Vietnam Airlines,0,https://www.google.com/travel/flights?q=Flights%20from%20SFO%20to%20SGN%20on%202027-04-08%20one%20way
2026-09-03T00:15:57+00:00,sgn,Ho Chi Minh City,SGN,SFO,2027-04-09,489,China Airlines,1,https://www.google.com/travel/flights?q=Flights%20from%20SFO%20to%20SGN%20on%202027-04-09%20one%20way
2026-08-26T09:02:13+00:00,sgn,Ho Chi Minh City,SGN,SFO,2027-04-10,481,China Airlines,1,https://www.google.com/travel/flights?q=Flights%20from%20SFO%20to%20SGN%20on%202027-04-10%20one%20way
2026-08-31T05:35:23+00:00,sgn,Ho Chi Minh City,SGN,SFO,2027-04-11,481,China Airlines,1,https://www.google.com/travel/flights?q=Flights%20from%20SFO%20to%20SGN%20on%202027-04-11%20one%20way
2026-09-02T04:34:13+00:00,sgn,Ho Chi Minh City,SGN,SFO,2027-04-12,489,China Airlines,1,https://www.google.com/travel/flights?q=Flights%20from%20SFO%20to%20SGN%20on%202027-04-12%20one%20way
2026-09-03T04:34:43+00:00,sgn,Ho Chi Minh City,SGN,SFO,2027-04-13,489,China Airlines,1,https://www.google.com/travel/flights?q=Flights%20from%20SFO%20to%20SGN%20on%202027-04-13%20one%20way
2026-09-04T04:33:42+00:00,sgn,Ho Chi Minh City,SGN,SFO,2027-04-14,474,Vietnam Airlines,0,https://www.google.com/travel/flights?q=Flights%20from%20SFO%20to%20SGN%20on%202027-04-14%20one%20way
2026-08-29T11:05:19+00:00,sgn,Ho Chi Minh City,SGN,SFO,2027-04-15,474,Vietnam Airlines,0,https://www.google.com/travel/flights?q=Flights%20from%20SFO%20to%20SGN%20on%202027-04-15%20one%20way
2026-08-27T14:18:40+00:00,sgn,Ho Chi Minh City,SGN,SFO,2027-04-16,481,China Airlines,1,https://www.google.com/travel/flights?q=Flights%20from%20SFO%20to%20SGN%20on%202027-04-16%20one%20way
2026-09-02T09:37:49+00:00,sgn,Ho Chi Minh City,SGN,SFO,2027-04-17,489,China Airlines,1,https://www.google.com/travel/flights?q=Flights%20from%20SFO%20to%20SGN%20on%202027-04-17%20one%20way
2026-08-25T18:56:40+00:00,sgn,Ho Chi Minh City,SGN,SFO,2027-04-18,481,China Airlines,1,https://www.google.com/travel/flights?q=Flights%20from%20SFO%20to%20SGN%20on%202027-04-18%20one%20way
2026-08-31T13:50:56+00:00,sgn,Ho Chi Minh City,SGN,SFO,2027-04-19,481,China Airlines,1,https://www.google.com/travel/flights?q=Flights%20from%20SFO%20to%20SGN%20on%202027-04-19%20one%20way
2026-08-24T21:43:35+00:00,sgn,Ho Chi Minh City,SGN,SFO,2027-04-20,481,China Airlines,1,https://www.google.com/travel/flights?q=Flights%20from%20SFO%20to%20SGN%20on%202027-04-20%20one%20way
2026-09-01T14:53:27+00:00,sgn,Ho Chi Minh City,SGN,SFO,2027-04-21,474,Vietnam Airlines,0,https://www.google.com/travel/flights?q=Flights%20from%20SFO%20to%20SGN%20on%202027-04-21%20one%20way
2026-09-02T14:29:37+00:00,sgn,Ho Chi Minh City,SGN,SFO,2027-04-22,474,Vietnam Airlines,0,https://www.google.com/travel/flights?q=Flights%20from%20SFO%20to%20SGN%20on%202027-04-22%20one%20way
2026-08-29T19:24:36+00:00,sgn,Ho Chi Minh City,SGN,SFO,2027-04-23,481,China Airlines,1,https://www.google.com/travel/flights?q=Flights%20from%20SFO%20to%20SGN%20on%202027-04-23%20one%20way
2026-08-24T01:57:43+00:00,sgn,Ho Chi Minh City,SGN,SFO,2027-04-24,481,China Airlines,1,https://www.google.com/travel/flights?q=Flights%20from%20SFO%20to%20SGN%20on%202027-04-24%20one%20way
2026-09-01T18:30:46+00:00,sgn,Ho Chi Minh City,SGN,SFO,2027-04-25,489,China Airlines,1,https://www.google.com/travel/flights?q=Flights%20from%20SFO%20to%20SGN%20on%202027-04-25%20one%20way
2026-08-31T20:05:14+00:00,sgn,Ho Chi Minh City,SGN,SFO,2027-04-26,481,China Airlines,1,https://www.google.com/travel/flights?q=Flights%20from%20SFO%20to%20SGN%20on%202027-04-26%20one%20way
2026-08-25T03:59:31+00:00,sgn,Ho Chi Minh City,SGN,SFO,2027-04-27,481,China Airlines,1,https://www.google.com/travel/flights?q=Flights%20from%20SFO%20to%20SGN%20on%202027-04-27%20one%20way
2026-09-01T21:46:54+00:00,sgn,Ho Chi Minh City,SGN,SFO,2027-04-28,474,Vietnam Airlines,0,https://www.google.com/travel/flights?q=Flights%20from%20SFO%20to%20SGN%20on%202027-04-28%20one%20way
2026-09-02T21:49:33+00:00,sgn,Ho Chi Minh City,SGN,SFO,2027-04-29,474,Vietnam Airlines,0,https://www.google.com/travel/flights?q=Flights%20from%20SFO%20to%20SGN%20on%202027-04-29%20one%20way
2026-09-03T21:42:38+00:00,sgn,Ho Chi Minh City,SGN,SFO,2027-04-30,489,China Airlines,1,https://www.google.com/travel/flights?q=Flights%20from%20SFO%20to%20SGN%20on%202027-04-30%20one%20way
2026-08-25T07:58:10+00:00,sgn,Ho Chi Minh City,SGN,SFO,2027-05-01,481,China Airlines,1,https://www.google.com/travel/flights?q=Flights%20from%20SFO%20to%20SGN%20on%202027-05-01%20one%20way
2026-09-02T00:14:40+00:00,sgn,Ho Chi Minh City,SGN,SFO,2027-05-02,489,China Airlines,1,https://www.google.com/travel/flights?q=Flights%20from%20SFO%20to%20SGN%20on%202027-05-02%20one%20way
2026-09-03T00:15:57+00:00,sgn,Ho Chi Minh City,SGN,SFO,2027-05-03,489,China Airlines,1,https://www.google.com/travel/flights?q=Flights%20from%20SFO%20to%20SGN%20on%202027-05-03%20one%20way
2026-08-26T09:56:58+00:00,sgn,Ho Chi Minh City,SGN,SFO,2027-05-04,481,China Airlines,1,https://www.google.com/travel/flights?q=Flights%20from%20SFO%20to%20SGN%20on%202027-05-04%20one%20way
2026-08-30T06:40:33+00:00,sgn,Ho Chi Minh City,SGN,SFO,2027-05-05,474,Vietnam Airlines,0,https://www.google.com/travel/flights?q=Flights%20from%20SFO%20to%20SGN%20on%202027-05-05%20one%20way
2026-09-02T04:34:13+00:00,sgn,Ho Chi Minh City,SGN,SFO,2027-05-06,474,Vietnam Airlines,0,https://www.google.com/travel/flights?q=Flights%20from%20SFO%20to%20SGN%20on%202027-05-06%20one%20way
2026-09-03T04:34:43+00:00,sgn,Ho Chi Minh City,SGN,SFO,2027-05-07,520,China Airlines,1,https://www.google.com/travel/flights?q=Flights%20from%20SFO%20to%20SGN%20on%202027-05-07%20one%20way
2026-08-25T14:04:00+00:00,sgn,Ho Chi Minh City,SGN,SFO,2027-05-08,512,China Airlines,1,https://www.google.com/travel/flights?q=Flights%20from%20SFO%20to%20SGN%20on%202027-05-08%20one%20way
2026-08-22T18:48:46+00:00,sgn,Ho Chi Minh City,SGN,SFO,2027-05-09,512,China Airlines,1,https://www.google.com/travel/flights?q=Flights%20from%20SFO%20to%20SGN%20on%202027-05-09%20one%20way
2026-08-25T16:55:28+00:00,sgn,Ho Chi Minh City,SGN,SFO,2027-05-10,512,China Airlines,1,https://www.google.com/travel/flights?q=Flights%20from%20SFO%20to%20SGN%20on%202027-05-10%20one%20way
2026-09-02T09:37:49+00:00,sgn,Ho Chi Minh City,SGN,SFO,2027-05-11,520,China Airlines,1,https://www.google.com/travel/flights?q=Flights%20from%20SFO%20to%20SGN%20on%202027-05-11%20one%20way
2026-09-03T09:50:38+00:00,sgn,Ho Chi Minh City,SGN,SFO,2027-05-12,474,Vietnam Airlines,0,https://www.google.com/travel/flights?q=Flights%20from%20SFO%20to%20SGN%20on%202027-05-12%20one%20way
2026-08-24T20:48:23+00:00,sgn,Ho Chi Minh City,SGN,SFO,2027-05-13,474,Vietnam Airlines,0,https://www.google.com/travel/flights?q=Flights%20from%20SFO%20to%20SGN%20on%202027-05-13%20one%20way
2026-08-26T19:18:45+00:00,sgn,Ho Chi Minh City,SGN,SFO,2027-05-14,512,China Airlines,1,https://www.google.com/travel/flights?q=Flights%20from%20SFO%20to%20SGN%20on%202027-05-14%20one%20way
2026-08-25T21:44:07+00:00,sgn,Ho Chi Minh City,SGN,SFO,2027-05-15,512,China Airlines,1,https://www.google.com/travel/flights?q=Flights%20from%20SFO%20to%20SGN%20on%202027-05-15%20one%20way
2026-09-02T14:29:37+00:00,sgn,Ho Chi Minh City,SGN,SFO,2027-05-16,520,China Airlines,1,https://www.google.com/travel/flights?q=Flights%20from%20SFO%20to%20SGN%20on%202027-05-16%20one%20way
2026-08-25T23:38:06+00:00,sgn,Ho Chi Minh City,SGN,SFO,2027-05-17,512,China Airlines,1,https://www.google.com/travel/flights?q=Flights%20from%20SFO%20to%20SGN%20on%202027-05-17%20one%20way
2026-08-24T01:57:43+00:00,sgn,Ho Chi Minh City,SGN,SFO,2027-05-18,512,China Airlines,1,https://www.google.com/travel/flights?q=Flights%20from%20SFO%20to%20SGN%20on%202027-05-18%20one%20way
2026-09-01T18:30:46+00:00,sgn,Ho Chi Minh City,SGN,SFO,2027-05-19,520,China Airlines,1,https://www.google.com/travel/flights?q=Flights%20from%20SFO%20to%20SGN%20on%202027-05-19%20one%20way
2026-09-02T18:42:50+00:00,sgn,Ho Chi Minh City,SGN,SFO,2027-05-20,520,China Airlines,1,https://www.google.com/travel/flights?q=Flights%20from%20SFO%20to%20SGN%20on%202027-05-20%20one%20way
2026-09-03T18:39:20+00:00,sgn,Ho Chi Minh City,SGN,SFO,2027-05-21,520,China Airlines,1,https://www.google.com/travel/flights?q=Flights%20from%20SFO%20to%20SGN%20on%202027-05-21%20one%20way
2026-08-30T23:30:07+00:00,sgn,Ho Chi Minh City,SGN,SFO,2027-05-22,894,China Airlines,1,https://www.google.com/travel/flights?q=Flights%20from%20SFO%20to%20SGN%20on%202027-05-22%20one%20way
2026-08-31T23:50:53+00:00,sgn,Ho Chi Minh City,SGN,SFO,2027-05-23,781,"Delta, Vietnam Airlines",2,https://www.google.com/travel/flights?q=Flights%20from%20SFO%20to%20SGN%20on%202027-05-23%20one%20way
2026-09-03T21:42:38+00:00,sgn,Ho Chi Minh City,SGN,SFO,2027-05-24,758,"Delta, Vietnam Airlines",2,https://www.google.com/travel/flights?q=Flights%20from%20SFO%20to%20SGN%20on%202027-05-24%20one%20way
2026-08-25T07:58:10+00:00,sgn,Ho Chi Minh City,SGN,SFO,2027-05-25,851,"Delta, Vietnam Airlines",2,https://www.google.com/travel/flights?q=Flights%20from%20SFO%20to%20SGN%20on%202027-05-25%20one%20way
2026-08-29T04:09:47+00:00,sgn,Ho Chi Minh City,SGN,SFO,2027-05-26,765,"Delta, Vietnam Airlines",2,https://www.google.com/travel/flights?q=Flights%20from%20SFO%20to%20SGN%20on%202027-05-26%20one%20way
2026-09-03T00:15:57+00:00,sgn,Ho Chi Minh City,SGN,SFO,2027-05-27,758,"Delta, Vietnam Airlines",2,https://www.google.com/travel/flights?q=Flights%20from%20SFO%20to%20SGN%20on%202027-05-27%20one%20way
2026-08-26T09:56:58+00:00,sgn,Ho Chi Minh City,SGN,SFO,2027-05-28,894,China Airlines,1,https://www.google.com/travel/flights?q=Flights%20from%20SFO%20to%20SGN%20on%202027-05-28%20one%20way
2026-08-31T05:35:23+00:00,sgn,Ho Chi Minh City,SGN,SFO,2027-05-29,781,"Delta, Vietnam Airlines",2,https://www.google.com/travel/flights?q=Flights%20from%20SFO%20to%20SGN%20on%202027-05-29%20one%20way
2026-09-02T04:34:13+00:00,sgn,Ho Chi Minh City,SGN,SFO,2027-05-30,781,"Delta, Vietnam Airlines",2,https://www.google.com/travel/flights?q=Flights%20from%20SFO%20to%20SGN%20on%202027-05-30%20one%20way
2026-08-24T14:59:54+00:00,sgn,Ho Chi Minh City,SGN,SFO,2027-05-31,851,"Delta, Vietnam Airlines",2,https://www.google.com/travel/flights?q=Flights%20from%20SFO%20to%20SGN%20on%202027-05-31%20one%20way
2026-08-28T11:23:35+00:00,sgn,Ho Chi Minh City,SGN,SFO,2027-06-01,875,"Delta, Vietnam Airlines",2,https://www.google.com/travel/flights?q=Flights%20from%20SFO%20to%20SGN%20on%202027-06-01%20one%20way
2026-08-29T11:05:19+00:00,sgn,Ho Chi Minh City,SGN,SFO,2027-06-02,875,"Delta, Vietnam Airlines",2,https://www.google.com/travel/flights?q=Flights%20from%20SFO%20to%20SGN%20on%202027-06-02%20one%20way
2026-08-26T15:56:58+00:00,sgn,Ho Chi Minh City,SGN,SFO,2027-06-03,875,"Delta, Vietnam Airlines",2,https://www.google.com/travel/flights?q=Flights%20from%20SFO%20to%20SGN%20on%202027-06-03%20one%20way
2026-09-01T10:06:27+00:00,sgn,Ho Chi Minh City,SGN,SFO,2027-06-04,902,China Airlines,1,https://www.google.com/travel/flights?q=Flights%20from%20SFO%20to%20SGN%20on%202027-06-04%20one%20way
2026-08-24T19:44:59+00:00,sgn,Ho Chi Minh City,SGN,SFO,2027-06-05,894,China Airlines,1,https://www.google.com/travel/flights?q=Flights%20from%20SFO%20to%20SGN%20on%202027-06-05%20one%20way
2026-08-31T13:50:56+00:00,sgn,Ho Chi Minh City,SGN,SFO,2027-06-06,894,China Airlines,1,https://www.google.com/travel/flights?q=Flights%20from%20SFO%20to%20SGN%20on%202027-06-06%20one%20way
2026-08-26T19:18:45+00:00,sgn,Ho Chi Minh City,SGN,SFO,2027-06-07,875,"Delta, Vietnam Airlines",2,https://www.google.com/travel/flights?q=Flights%20from%20SFO%20to%20SGN%20on%202027-06-07%20one%20way
2026-09-01T14:53:27+00:00,sgn,Ho Chi Minh City,SGN,SFO,2027-06-08,875,"Delta, Vietnam Airlines",2,https://www.google.com/travel/flights?q=Flights%20from%20SFO%20to%20SGN%20on%202027-06-08%20one%20way
2026-09-02T14:29:37+00:00,sgn,Ho Chi Minh City,SGN,SFO,2027-06-09,758,"Delta, Vietnam Airlines",2,https://www.google.com/travel/flights?q=Flights%20from%20SFO%20to%20SGN%20on%202027-06-09%20one%20way
2026-08-29T19:24:36+00:00,sgn,Ho Chi Minh City,SGN,SFO,2027-06-10,875,"Delta, Vietnam Airlines",2,https://www.google.com/travel/flights?q=Flights%20from%20SFO%20to%20SGN%20on%202027-06-10%20one%20way
2026-08-24T01:57:43+00:00,sgn,Ho Chi Minh City,SGN,SFO,2027-06-11,894,China Airlines,1,https://www.google.com/travel/flights?q=Flights%20from%20SFO%20to%20SGN%20on%202027-06-11%20one%20way
2026-08-28T22:20:18+00:00,sgn,Ho Chi Minh City,SGN,SFO,2027-06-12,894,China Airlines,1,https://www.google.com/travel/flights?q=Flights%20from%20SFO%20to%20SGN%20on%202027-06-12%20one%20way
2026-08-31T20:05:14+00:00,sgn,Ho Chi Minh City,SGN,SFO,2027-06-13,894,China Airlines,1,https://www.google.com/travel/flights?q=Flights%20from%20SFO%20to%20SGN%20on%202027-06-13%20one%20way
2026-08-23T05:44:55+00:00,sgn,Ho Chi Minh City,SGN,SFO,2027-06-14,894,China Airlines,1,https://www.google.com/travel/flights?q=Flights%20from%20SFO%20to%20SGN%20on%202027-06-14%20one%20way
2026-09-01T21:46:54+00:00,sgn,Ho Chi Minh City,SGN,SFO,2027-06-15,875,"Delta, Vietnam Airlines",2,https://www.google.com/travel/flights?q=Flights%20from%20SFO%20to%20SGN%20on%202027-06-15%20one%20way
2026-09-02T21:49:33+00:00,sgn,Ho Chi Minh City,SGN,SFO,2027-06-16,758,"Delta, Vietnam Airlines",2,https://www.google.com/travel/flights?q=Flights%20from%20SFO%20to%20SGN%20on%202027-06-16%20one%20way
2026-09-03T21:42:38+00:00,sgn,Ho Chi Minh City,SGN,SFO,2027-06-17,758,"Delta, Vietnam Airlines",2,https://www.google.com/travel/flights?q=Flights%20from%20SFO%20to%20SGN%20on%202027-06-17%20one%20way
2026-08-25T07:58:10+00:00,sgn,Ho Chi Minh City,SGN,SFO,2027-06-18,894,China Airlines,1,https://www.google.com/travel/flights?q=Flights%20from%20SFO%20to%20SGN%20on%202027-06-18%20one%20way
2026-09-02T00:14:40+00:00,sgn,Ho Chi Minh City,SGN,SFO,2027-06-19,902,China Airlines,1,https://www.google.com/travel/flights?q=Flights%20from%20SFO%20to%20SGN%20on%202027-06-19%20one%20way
2026-08-25T09:00:04+00:00,sgn,Ho Chi Minh City,SGN,SFO,2027-06-20,894,China Airlines,1,https://www.google.com/travel/flights?q=Flights%20from%20SFO%20to%20SGN%20on%202027-06-20%20one%20way
2026-09-04T00:06:22+00:00,sgn,Ho Chi Minh City,SGN,SFO,2027-06-21,758,"Delta, Vietnam Airlines",2,https://www.google.com/travel/flights?q=Flights%20from%20SFO%20to%20SGN%20on%202027-06-21%20one%20way
2026-08-30T06:40:33+00:00,sgn,Ho Chi Minh City,SGN,SFO,2027-06-22,894,China Airlines,1,https://www.google.com/travel/flights?q=Flights%20from%20SFO%20to%20SGN%20on%202027-06-22%20one%20way
2026-09-02T04:34:13+00:00,sgn,Ho Chi Minh City,SGN,SFO,2027-06-23,864,"United, Vietnam Airlines",1,https://www.google.com/travel/flights?q=Flights%20from%20SFO%20to%20SGN%20on%202027-06-23%20one%20way
2026-08-24T14:59:54+00:00,sgn,Ho Chi Minh City,SGN,SFO,2027-06-24,894,China Airlines,1,https://www.google.com/travel/flights?q=Flights%20from%20SFO%20to%20SGN%20on%202027-06-24%20one%20way
2026-09-04T04:33:42+00:00,sgn,Ho Chi Minh City,SGN,SFO,2027-06-25,746,"Delta, Vietnam Airlines",2,https://www.google.com/travel/flights?q=Flights%20from%20SFO%20to%20SGN%20on%202027-06-25%20one%20way
2026-08-29T11:05:19+00:00,sgn,Ho Chi Minh City,SGN,SFO,2027-06-26,894,China Airlines,1,https://www.google.com/travel/flights?q=Flights%20from%20SFO%20to%20SGN%20on%202027-06-26%20one%20way
2026-08-25T16:55:28+00:00,sgn,Ho Chi Minh City,SGN,SFO,2027-06-27,894,China Airlines,1,https://www.google.com/travel/flights?q=Flights%20from%20SFO%20to%20SGN%20on%202027-06-27%20one%20way
2026-09-01T10:06:27+00:00,sgn,Ho Chi Minh City,SGN,SFO,2027-06-28,902,China Airlines,1,https://www.google.com/travel/flights?q=Flights%20from%20SFO%20to%20SGN%20on%202027-06-28%20one%20way
2026-08-20T23:40:25+00:00,sgn,Ho Chi Minh City,SGN,SFO,2027-06-29,894,China Airlines,1,https://www.google.com/travel/flights?q=Flights%20from%20SFO%20to%20SGN%20on%202027-06-29%20one%20way
2026-08-31T13:50:56+00:00,sgn,Ho Chi Minh City,SGN,SFO,2027-06-30,875,"Delta, Vietnam Airlines",2,https://www.google.com/travel/flights?q=Flights%20from%20SFO%20to%20SGN%20on%202027-06-30%20one%20way
2026-08-26T19:18:45+00:00,sgn,Ho Chi Minh City,SGN,SFO,2027-07-01,740,"Alaska, China Airlines",2,https://www.google.com/travel/flights?q=Flights%20from%20SFO%20to%20SGN%20on%202027-07-01%20one%20way
2026-08-25T21:44:07+00:00,sgn,Ho Chi Minh City,SGN,SFO,2027-07-02,672,China Airlines,1,https://www.google.com/travel/flights?q=Flights%20from%20SFO%20to%20SGN%20on%202027-07-02%20one%20way
2026-09-02T14:29:37+00:00,sgn,Ho Chi Minh City,SGN,SFO,2027-07-03,680,China Airlines,1,https://www.google.com/travel/flights?q=Flights%20from%20SFO%20to%20SGN%20on%202027-07-03%20one%20way
2026-08-26T22:16:08+00:00,sgn,Ho Chi Minh City,SGN,SFO,2027-07-04,672,China Airlines,1,https://www.google.com/travel/flights?q=Flights%20from%20SFO%20to%20SGN%20on%202027-07-04%20one%20way
2026-08-24T01:57:43+00:00,sgn,Ho Chi Minh City,SGN,SFO,2027-07-05,634,China Airlines,1,https://www.google.com/travel/flights?q=Flights%20from%20SFO%20to%20SGN%20on%202027-07-05%20one%20way
2026-09-01T18:30:46+00:00,sgn,Ho Chi Minh City,SGN,SFO,2027-07-06,642,China Airlines,1,https://www.google.com/travel/flights?q=Flights%20from%20SFO%20to%20SGN%20on%202027-07-06%20one%20way
2026-09-02T18:42:50+00:00,sgn,Ho Chi Minh City,SGN,SFO,2027-07-07,642,China Airlines,1,https://www.google.com/travel/flights?q=Flights%20from%20SFO%20to%20SGN%20on%202027-07-07%20one%20way
2026-08-25T03:59:31+00:00,sgn,Ho Chi Minh City,SGN,SFO,2027-07-08,634,China Airlines,1,https://www.google.com/travel/flights?q=Flights%20from%20SFO%20to%20SGN%20on%202027-07-08%20one%20way
2026-08-30T23:30:07+00:00,sgn,Ho Chi Minh City,SGN,SFO,2027-07-09,634,China Airlines,1,https://www.google.com/travel/flights?q=Flights%20from%20SFO%20to%20SGN%20on%202027-07-09%20one%20way
2026-09-02T21:49:33+00:00,sgn,Ho Chi Minh City,SGN,SFO,2027-07-10,642,China Airlines,1,https://www.google.com/travel/flights?q=Flights%20from%20SFO%20to%20SGN%20on%202027-07-10%20one%20way
2026-09-03T21:42:38+00:00,sgn,Ho Chi Minh City,SGN,SFO,2027-07-11,642,China Airlines,1,https://www.google.com/travel/flights?q=Flights%20from%20SFO%20to%20SGN%20on%202027-07-11%20one%20way
2026-08-25T07:58:10+00:00,sgn,Ho Chi Minh City,SGN,SFO,2027-07-12,634,China Airlines,1,https://www.google.com/travel/flights?q=Flights%20from%20SFO%20to%20SGN%20on%202027-07-12%20one%20way
2026-09-02T00:14:40+00:00,sgn,Ho Chi Minh City,SGN,SFO,2027-07-13,642,China Airlines,1,https://www.google.com/travel/flights?q=Flights%20from%20SFO%20to%20SGN%20on%202027-07-13%20one%20way
2026-08-25T09:51:44+00:00,sgn,Ho Chi Minh City,SGN,SFO,2027-07-14,634,China Airlines,1,https://www.google.com/travel/flights?q=Flights%20from%20SFO%20to%20SGN%20on%202027-07-14%20one%20way
2026-09-04T00:06:22+00:00,sgn,Ho Chi Minh City,SGN,SFO,2027-07-15,642,China Airlines,1,https://www.google.com/travel/flights?q=Flights%20from%20SFO%20to%20SGN%20on%202027-07-15%20one%20way
2026-08-31T05:35:23+00:00,sgn,Ho Chi Minh City,SGN,SFO,2027-07-16,634,China Airlines,1,https://www.google.com/travel/flights?q=Flights%20from%20SFO%20to%20SGN%20on%202027-07-16%20one%20way
2026-09-02T04:34:13+00:00,sgn,Ho Chi Minh City,SGN,SFO,2027-07-17,642,China Airlines,1,https://www.google.com/travel/flights?q=Flights%20from%20SFO%20to%20SGN%20on%202027-07-17%20one%20way
2026-08-25T13:11:19+00:00,sgn,Ho Chi Minh City,SGN,SFO,2027-07-18,634,China Airlines,1,https://www.google.com/travel/flights?q=Flights%20from%20SFO%20to%20SGN%20on%202027-07-18%20one%20way
2026-09-04T04:33:42+00:00,sgn,Ho Chi Minh City,SGN,SFO,2027-07-19,642,China Airlines,1,https://www.google.com/travel/flights?q=Flights%20from%20SFO%20to%20SGN%20on%202027-07-19%20one%20way
2026-08-29T11:05:19+00:00,sgn,Ho Chi Minh City,SGN,SFO,2027-07-20,634,China Airlines,1,https://www.google.com/travel/flights?q=Flights%20from%20SFO%20to%20SGN%20on%202027-07-20%20one%20way
2026-08-30T12:53:37+00:00,sgn,Ho Chi Minh City,SGN,SFO,2027-07-22,634,China Airlines,1,https://www.google.com/travel/flights?q=Flights%20from%20SFO%20to%20SGN%20on%202027-07-22%20one%20way
2026-08-31T13:50:56+00:00,sgn,Ho Chi Minh City,SGN,SFO,2027-07-24,634,China Airlines,1,https://www.google.com/travel/flights?q=Flights%20from%20SFO%20to%20SGN%20on%202027-07-24%20one%20way
2026-09-03T14:34:41+00:00,sgn,Ho Chi Minh City,SGN,SFO,2027-07-28,637,Vietnam Airlines,0,https://www.google.com/travel/flights?q=Flights%20from%20SFO%20to%20SGN%20on%202027-07-28%20one%20way
2026-07-22T00:12:17+00:00,sgn,Ho Chi Minh City,SGN,SJC,2026-07-24,780,"Delta, China Airlines",2,https://www.google.com/travel/flights?q=Flights%20from%20SJC%20to%20SGN%20on%202026-07-24%20one%20way
2026-07-23T06:40:08+00:00,sgn,Ho Chi Minh City,SGN,SJC,2026-07-31,825,"Delta, Vietnam Airlines",2,https://www.google.com/travel/flights?q=Flights%20from%20SJC%20to%20SGN%20on%202026-07-31%20one%20way
2026-07-25T06:37:16+00:00,sgn,Ho Chi Minh City,SGN,SJC,2026-08-02,617,"Delta, China Airlines",2,https://www.google.com/travel/flights?q=Flights%20from%20SJC%20to%20SGN%20on%202026-08-02%20one%20way
2026-07-28T07:59:05+00:00,sgn,Ho Chi Minh City,SGN,SJC,2026-08-06,484,"Delta, Vietnam Airlines",2,https://www.google.com/travel/flights?q=Flights%20from%20SJC%20to%20SGN%20on%202026-08-06%20one%20way
2026-07-27T10:52:33+00:00,sgn,Ho Chi Minh City,SGN,SJC,2026-08-08,588,"Delta, China Airlines",2,https://www.google.com/travel/flights?q=Flights%20from%20SJC%20to%20SGN%20on%202026-08-08%20one%20way
2026-08-01T06:47:22+00:00,sgn,Ho Chi Minh City,SGN,SJC,2026-08-09,593,"Alaska, Cathay Pacific, Vietnam Airlines",2,https://www.google.com/travel/flights?q=Flights%20from%20SJC%20to%20SGN%20on%202026-08-09%20one%20way
2026-08-04T06:40:28+00:00,sgn,Ho Chi Minh City,SGN,SJC,2026-08-12,588,"Delta, China Airlines",2,https://www.google.com/travel/flights?q=Flights%20from%20SJC%20to%20SGN%20on%202026-08-12%20one%20way
2026-07-26T16:32:09+00:00,sgn,Ho Chi Minh City,SGN,SJC,2026-08-13,800,"Delta, Vietnam Airlines",2,https://www.google.com/travel/flights?q=Flights%20from%20SJC%20to%20SGN%20on%202026-08-13%20one%20way
2026-08-08T04:32:02+00:00,sgn,Ho Chi Minh City,SGN,SJC,2026-08-14,617,"Delta, China Airlines",2,https://www.google.com/travel/flights?q=Flights%20from%20SJC%20to%20SGN%20on%202026-08-14%20one%20way
2026-08-09T04:48:21+00:00,sgn,Ho Chi Minh City,SGN,SJC,2026-08-15,456,"Delta, Vietnam Airlines",2,https://www.google.com/travel/flights?q=Flights%20from%20SJC%20to%20SGN%20on%202026-08-15%20one%20way
2026-08-02T12:42:33+00:00,sgn,Ho Chi Minh City,SGN,SJC,2026-08-16,539,"Alaska, China Airlines",2,https://www.google.com/travel/flights?q=Flights%20from%20SJC%20to%20SGN%20on%202026-08-16%20one%20way
2026-08-11T04:06:22+00:00,sgn,Ho Chi Minh City,SGN,SJC,2026-08-17,588,"Delta, China Airlines",2,https://www.google.com/travel/flights?q=Flights%20from%20SJC%20to%20SGN%20on%202026-08-17%20one%20way
2026-08-07T09:43:11+00:00,sgn,Ho Chi Minh City,SGN,SJC,2026-08-18,562,"Alaska, China Airlines",2,https://www.google.com/travel/flights?q=Flights%20from%20SJC%20to%20SGN%20on%202026-08-18%20one%20way
2026-08-09T08:01:52+00:00,sgn,Ho Chi Minh City,SGN,SJC,2026-08-19,456,"Delta, Vietnam Airlines",2,https://www.google.com/travel/flights?q=Flights%20from%20SJC%20to%20SGN%20on%202026-08-19%20one%20way
2026-08-13T05:51:58+00:00,sgn,Ho Chi Minh City,SGN,SJC,2026-08-20,456,"Delta, Vietnam Airlines",2,https://www.google.com/travel/flights?q=Flights%20from%20SJC%20to%20SGN%20on%202026-08-20%20one%20way
2026-08-15T04:51:41+00:00,sgn,Ho Chi Minh City,SGN,SJC,2026-08-21,456,"Delta, Vietnam Airlines",2,https://www.google.com/travel/flights?q=Flights%20from%20SJC%20to%20SGN%20on%202026-08-21%20one%20way
2026-08-09T11:49:41+00:00,sgn,Ho Chi Minh City,SGN,SJC,2026-08-22,456,"Delta, Vietnam Airlines",2,https://www.google.com/travel/flights?q=Flights%20from%20SJC%20to%20SGN%20on%202026-08-22%20one%20way
2026-08-18T03:13:06+00:00,sgn,Ho Chi Minh City,SGN,SJC,2026-08-23,456,"Delta, Vietnam Airlines",2,https://www.google.com/travel/flights?q=Flights%20from%20SJC%20to%20SGN%20on%202026-08-23%20one%20way
2026-08-21T01:57:35+00:00,sgn,Ho Chi Minh City,SGN,SJC,2026-08-24,457,"Delta, Vietnam Airlines",2,https://www.google.com/travel/flights?q=Flights%20from%20SJC%20to%20SGN%20on%202026-08-24%20one%20way
2026-08-20T03:58:17+00:00,sgn,Ho Chi Minh City,SGN,SJC,2026-08-25,457,"Delta, Vietnam Airlines",2,https://www.google.com/travel/flights?q=Flights%20from%20SJC%20to%20SGN%20on%202026-08-25%20one%20way
2026-08-21T03:15:55+00:00,sgn,Ho Chi Minh City,SGN,SJC,2026-08-26,498,"Alaska, Cathay Pacific, Vietnam Airlines",2,https://www.google.com/travel/flights?q=Flights%20from%20SJC%20to%20SGN%20on%202026-08-26%20one%20way
2026-08-24T01:57:43+00:00,sgn,Ho Chi Minh City,SGN,SJC,2026-08-27,555,"Alaska, Cathay Pacific, Vietnam Airlines",2,https://www.google.com/travel/flights?q=Flights%20from%20SJC%20to%20SGN%20on%202026-08-27%20one%20way
2026-08-25T01:52:31+00:00,sgn,Ho Chi Minh City,SGN,SJC,2026-08-28,676,"Delta, China Airlines",2,https://www.google.com/travel/flights?q=Flights%20from%20SJC%20to%20SGN%20on%202026-08-28%20one%20way
2026-08-26T01:58:19+00:00,sgn,Ho Chi Minh City,SGN,SJC,2026-08-29,578,"Alaska, China Airlines",2,https://www.google.com/travel/flights?q=Flights%20from%20SJC%20to%20SGN%20on%202026-08-29%20one%20way
2026-08-25T03:12:59+00:00,sgn,Ho Chi Minh City,SGN,SJC,2026-08-30,578,"Alaska, China Airlines",2,https://www.google.com/travel/flights?q=Flights%20from%20SJC%20to%20SGN%20on%202026-08-30%20one%20way
2026-08-26T03:17:57+00:00,sgn,Ho Chi Minh City,SGN,SJC,2026-08-31,578,"Alaska, China Airlines",2,https://www.google.com/travel/flights?q=Flights%20from%20SJC%20to%20SGN%20on%202026-08-31%20one%20way
2026-08-27T03:19:35+00:00,sgn,Ho Chi Minh City,SGN,SJC,2026-09-01,578,"Alaska, China Airlines",2,https://www.google.com/travel/flights?q=Flights%20from%20SJC%20to%20SGN%20on%202026-09-01%20one%20way
2026-08-30T01:15:23+00:00,sgn,Ho Chi Minh City,SGN,SJC,2026-09-02,634,"Alaska, Cathay Pacific, Vietnam Airlines",2,https://www.google.com/travel/flights?q=Flights%20from%20SJC%20to%20SGN%20on%202026-09-02%20one%20way
2026-08-25T07:58:10+00:00,sgn,Ho Chi Minh City,SGN,SJC,2026-09-03,498,"Alaska, Cathay Pacific, Vietnam Airlines",2,https://www.google.com/travel/flights?q=Flights%20from%20SJC%20to%20SGN%20on%202026-09-03%20one%20way
2026-08-29T04:09:47+00:00,sgn,Ho Chi Minh City,SGN,SJC,2026-09-04,676,"Delta, China Airlines",2,https://www.google.com/travel/flights?q=Flights%20from%20SJC%20to%20SGN%20on%202026-09-04%20one%20way
2026-09-03T00:15:57+00:00,sgn,Ho Chi Minh City,SGN,SJC,2026-09-05,646,"Delta, China Airlines",2,https://www.google.com/travel/flights?q=Flights%20from%20SJC%20to%20SGN%20on%202026-09-05%20one%20way
2026-09-04T00:06:22+00:00,sgn,Ho Chi Minh City,SGN,SJC,2026-09-06,646,"Delta, China Airlines",2,https://www.google.com/travel/flights?q=Flights%20from%20SJC%20to%20SGN%20on%202026-09-06%20one%20way
2026-08-30T06:40:33+00:00,sgn,Ho Chi Minh City,SGN,SJC,2026-09-07,634,"Alaska, Cathay Pacific, Vietnam Airlines",2,https://www.google.com/travel/flights?q=Flights%20from%20SJC%20to%20SGN%20on%202026-09-07%20one%20way
2026-09-01T05:08:23+00:00,sgn,Ho Chi Minh City,SGN,SJC,2026-09-08,451,"Delta, Vietnam Airlines",2,https://www.google.com/travel/flights?q=Flights%20from%20SJC%20to%20SGN%20on%202026-09-08%20one%20way
2026-09-03T04:34:43+00:00,sgn,Ho Chi Minh City,SGN,SJC,2026-09-09,492,"Delta, Vietnam Airlines",2,https://www.google.com/travel/flights?q=Flights%20from%20SJC%20to%20SGN%20on%202026-09-09%20one%20way
2026-09-04T04:33:42+00:00,sgn,Ho Chi Minh City,SGN,SJC,2026-09-10,634,"Alaska, Cathay Pacific, Vietnam Airlines",2,https://www.google.com/travel/flights?q=Flights%20from%20SJC%20to%20SGN%20on%202026-09-10%20one%20way
2026-08-26T14:04:39+00:00,sgn,Ho Chi Minh City,SGN,SJC,2026-09-11,598,"Alaska, China Airlines",2,https://www.google.com/travel/flights?q=Flights%20from%20SJC%20to%20SGN%20on%202026-09-11%20one%20way
2026-08-26T15:56:58+00:00,sgn,Ho Chi Minh City,SGN,SJC,2026-09-12,558,"Alaska, Cathay Pacific, Vietnam Airlines",2,https://www.google.com/travel/flights?q=Flights%20from%20SJC%20to%20SGN%20on%202026-09-12%20one%20way
2026-09-01T10:06:27+00:00,sgn,Ho Chi Minh City,SGN,SJC,2026-09-13,492,"Delta, Vietnam Airlines",2,https://www.google.com/travel/flights?q=Flights%20from%20SJC%20to%20SGN%20on%202026-09-13%20one%20way
2026-09-03T09:50:38+00:00,sgn,Ho Chi Minh City,SGN,SJC,2026-09-14,505,"Alaska, Cathay Pacific, Vietnam Airlines",2,https://www.google.com/travel/flights?q=Flights%20from%20SJC%20to%20SGN%20on%202026-09-14%20one%20way
2026-08-29T15:37:50+00:00,sgn,Ho Chi Minh City,SGN,SJC,2026-09-15,451,"Delta, Vietnam Airlines",2,https://www.google.com/travel/flights?q=Flights%20from%20SJC%20to%20SGN%20on%202026-09-15%20one%20way
2026-08-26T19:18:45+00:00,sgn,Ho Chi Minh City,SGN,SJC,2026-09-16,498,"Alaska, Cathay Pacific, Vietnam Airlines",2,https://www.google.com/travel/flights?q=Flights%20from%20SJC%20to%20SGN%20on%202026-09-16%20one%20way
2026-09-01T14:53:27+00:00,sgn,Ho Chi Minh City,SGN,SJC,2026-09-17,492,"Delta, Vietnam Airlines",2,https://www.google.com/travel/flights?q=Flights%20from%20SJC%20to%20SGN%20on%202026-09-17%20one%20way
2026-09-02T14:29:37+00:00,sgn,Ho Chi Minh City,SGN,SJC,2026-09-18,492,"Delta, Vietnam Airlines",2,https://www.google.com/travel/flights?q=Flights%20from%20SJC%20to%20SGN%20on%202026-09-18%20one%20way
2026-08-25T23:38:06+00:00,sgn,Ho Chi Minh City,SGN,SJC,2026-09-19,558,"Alaska, Cathay Pacific, Vietnam Airlines",2,https://www.google.com/travel/flights?q=Flights%20from%20SJC%20to%20SGN%20on%202026-09-19%20one%20way
2026-08-24T01:57:43+00:00,sgn,Ho Chi Minh City,SGN,SJC,2026-09-20,484,"Delta, Vietnam Airlines",2,https://www.google.com/travel/flights?q=Flights%20from%20SJC%20to%20SGN%20on%202026-09-20%20one%20way
2026-09-01T18:30:46+00:00,sgn,Ho Chi Minh City,SGN,SJC,2026-09-21,492,"Delta, Vietnam Airlines",2,https://www.google.com/travel/flights?q=Flights%20from%20SJC%20to%20SGN%20on%202026-09-21%20one%20way
2026-08-29T22:39:37+00:00,sgn,Ho Chi Minh City,SGN,SJC,2026-09-22,505,"Alaska, Cathay Pacific, Vietnam Airlines",2,https://www.google.com/travel/flights?q=Flights%20from%20SJC%20to%20SGN%20on%202026-09-22%20one%20way
2026-09-03T18:39:20+00:00,sgn,Ho Chi Minh City,SGN,SJC,2026-09-23,627,"Alaska, China Airlines",2,https://www.google.com/travel/flights?q=Flights%20from%20SJC%20to%20SGN%20on%202026-09-23%20one%20way
2026-08-26T03:17:57+00:00,sgn,Ho Chi Minh City,SGN,SJC,2026-09-24,578,"Alaska, China Airlines",2,https://www.google.com/travel/flights?q=Flights%20from%20SJC%20to%20SGN%20on%202026-09-24%20one%20way
2026-08-26T04:05:04+00:00,sgn,Ho Chi Minh City,SGN,SJC,2026-09-25,648,"Alaska, China Airlines",2,https://www.google.com/travel/flights?q=Flights%20from%20SJC%20to%20SGN%20on%202026-09-25%20one%20way
2026-08-26T05:50:20+00:00,sgn,Ho Chi Minh City,SGN,SJC,2026-09-26,628,"Alaska, China Airlines",2,https://www.google.com/travel/flights?q=Flights%20from%20SJC%20to%20SGN%20on%202026-09-26%20one%20way
2026-08-25T07:08:15+00:00,sgn,Ho Chi Minh City,SGN,SJC,2026-09-27,578,"Alaska, China Airlines",2,https://www.google.com/travel/flights?q=Flights%20from%20SJC%20to%20SGN%20on%202026-09-27%20one%20way
2026-09-02T00:14:40+00:00,sgn,Ho Chi Minh City,SGN,SJC,2026-09-28,492,"Delta, Vietnam Airlines",2,https://www.google.com/travel/flights?q=Flights%20from%20SJC%20to%20SGN%20on%202026-09-28%20one%20way
2026-09-03T00:15:57+00:00,sgn,Ho Chi Minh City,SGN,SJC,2026-09-29,492,"Delta, Vietnam Airlines",2,https://www.google.com/travel/flights?q=Flights%20from%20SJC%20to%20SGN%20on%202026-09-29%20one%20way
2026-09-04T00:06:22+00:00,sgn,Ho Chi Minh City,SGN,SJC,2026-09-30,634,"Alaska, Cathay Pacific, Vietnam Airlines",2,https://www.google.com/travel/flights?q=Flights%20from%20SJC%20to%20SGN%20on%202026-09-30%20one%20way
2026-08-31T05:35:23+00:00,sgn,Ho Chi Minh City,SGN,SJC,2026-10-01,628,"Alaska, China Airlines",2,https://www.google.com/travel/flights?q=Flights%20from%20SJC%20to%20SGN%20on%202026-10-01%20one%20way
2026-09-02T04:34:13+00:00,sgn,Ho Chi Minh City,SGN,SJC,2026-10-02,492,"Delta, Vietnam Airlines",2,https://www.google.com/travel/flights?q=Flights%20from%20SJC%20to%20SGN%20on%202026-10-02%20one%20way
2026-09-03T04:34:43+00:00,sgn,Ho Chi Minh City,SGN,SJC,2026-10-03,492,"Delta, Vietnam Airlines",2,https://www.google.com/travel/flights?q=Flights%20from%20SJC%20to%20SGN%20on%202026-10-03%20one%20way
2026-08-24T15:56:08+00:00,sgn,Ho Chi Minh City,SGN,SJC,2026-10-04,728,"Alaska, China Airlines",2,https://www.google.com/travel/flights?q=Flights%20from%20SJC%20to%20SGN%20on%202026-10-04%20one%20way
2026-08-26T14:04:39+00:00,sgn,Ho Chi Minh City,SGN,SJC,2026-10-05,613,"Alaska, China Airlines",2,https://www.google.com/travel/flights?q=Flights%20from%20SJC%20to%20SGN%20on%202026-10-05%20one%20way
2026-08-26T15:56:58+00:00,sgn,Ho Chi Minh City,SGN,SJC,2026-10-06,578,"Alaska, China Airlines",2,https://www.google.com/travel/flights?q=Flights%20from%20SJC%20to%20SGN%20on%202026-10-06%20one%20way
2026-08-25T17:45:16+00:00,sgn,Ho Chi Minh City,SGN,SJC,2026-10-07,628,"Alaska, Cathay Pacific, Vietnam Airlines",2,https://www.google.com/travel/flights?q=Flights%20from%20SJC%20to%20SGN%20on%202026-10-07%20one%20way
2026-09-03T09:50:38+00:00,sgn,Ho Chi Minh City,SGN,SJC,2026-10-08,662,"Alaska, China Airlines",2,https://www.google.com/travel/flights?q=Flights%20from%20SJC%20to%20SGN%20on%202026-10-08%20one%20way
2026-08-31T13:50:56+00:00,sgn,Ho Chi Minh City,SGN,SJC,2026-10-09,810,"Alaska, China Airlines",2,https://www.google.com/travel/flights?q=Flights%20from%20SJC%20to%20SGN%20on%202026-10-09%20one%20way
2026-08-26T19:18:45+00:00,sgn,Ho Chi Minh City,SGN,SJC,2026-10-10,578,"Alaska, China Airlines",2,https://www.google.com/travel/flights?q=Flights%20from%20SJC%20to%20SGN%20on%202026-10-10%20one%20way
2026-09-01T14:53:27+00:00,sgn,Ho Chi Minh City,SGN,SJC,2026-10-11,492,"Delta, Vietnam Airlines",2,https://www.google.com/travel/flights?q=Flights%20from%20SJC%20to%20SGN%20on%202026-10-11%20one%20way
2026-09-02T14:29:37+00:00,sgn,Ho Chi Minh City,SGN,SJC,2026-10-12,492,"Delta, Vietnam Airlines",2,https://www.google.com/travel/flights?q=Flights%20from%20SJC%20to%20SGN%20on%202026-10-12%20one%20way
2026-08-29T19:24:36+00:00,sgn,Ho Chi Minh City,SGN,SJC,2026-10-13,451,"Delta, Vietnam Airlines",2,https://www.google.com/travel/flights?q=Flights%20from%20SJC%20to%20SGN%20on%202026-10-13%20one%20way
2026-08-22T03:56:42+00:00,sgn,Ho Chi Minh City,SGN,SJC,2026-10-14,461,"Delta, Vietnam Airlines",2,https://www.google.com/travel/flights?q=Flights%20from%20SJC%20to%20SGN%20on%202026-10-14%20one%20way
2026-09-01T18:30:46+00:00,sgn,Ho Chi Minh City,SGN,SJC,2026-10-15,492,"Delta, Vietnam Airlines",2,https://www.google.com/travel/flights?q=Flights%20from%20SJC%20to%20SGN%20on%202026-10-15%20one%20way
2026-09-02T18:42:50+00:00,sgn,Ho Chi Minh City,SGN,SJC,2026-10-16,627,"Alaska, China Airlines",2,https://www.google.com/travel/flights?q=Flights%20from%20SJC%20to%20SGN%20on%202026-10-16%20one%20way
2026-08-25T03:59:31+00:00,sgn,Ho Chi Minh City,SGN,SJC,2026-10-17,546,"Alaska, China Airlines",2,https://www.google.com/travel/flights?q=Flights%20from%20SJC%20to%20SGN%20on%202026-10-17%20one%20way
2026-09-01T21:46:54+00:00,sgn,Ho Chi Minh City,SGN,SJC,2026-10-18,492,"Delta, Vietnam Airlines",2,https://www.google.com/travel/flights?q=Flights%20from%20SJC%20to%20SGN%20on%202026-10-18%20one%20way
2026-09-02T21:49:33+00:00,sgn,Ho Chi Minh City,SGN,SJC,2026-10-19,607,"Alaska, China Airlines",2,https://www.google.com/travel/flights?q=Flights%20from%20SJC%20to%20SGN%20on%202026-10-19%20one%20way
2026-09-03T21:42:38+00:00,sgn,Ho Chi Minh City,SGN,SJC,2026-10-20,607,"Alaska, China Airlines",2,https://www.google.com/travel/flights?q=Flights%20from%20SJC%20to%20SGN%20on%202026-10-20%20one%20way
2026-08-25T07:58:10+00:00,sgn,Ho Chi Minh City,SGN,SJC,2026-10-21,598,"Alaska, China Airlines",2,https://www.google.com/travel/flights?q=Flights%20from%20SJC%20to%20SGN%20on%202026-10-21%20one%20way
2026-08-29T04:09:47+00:00,sgn,Ho Chi Minh City,SGN,SJC,2026-10-22,578,"Alaska, China Airlines",2,https://www.google.com/travel/flights?q=Flights%20from%20SJC%20to%20SGN%20on%202026-10-22%20one%20way
2026-09-03T00:15:57+00:00,sgn,Ho Chi Minh City,SGN,SJC,2026-10-23,492,"Delta, Vietnam Airlines",2,https://www.google.com/travel/flights?q=Flights%20from%20SJC%20to%20SGN%20on%202026-10-23%20one%20way
2026-08-26T09:56:58+00:00,sgn,Ho Chi Minh City,SGN,SJC,2026-10-24,578,"Alaska, China Airlines",2,https://www.google.com/travel/flights?q=Flights%20from%20SJC%20to%20SGN%20on%202026-10-24%20one%20way
2026-08-26T10:51:37+00:00,sgn,Ho Chi Minh City,SGN,SJC,2026-10-25,451,"Delta, Vietnam Airlines",2,https://www.google.com/travel/flights?q=Flights%20from%20SJC%20to%20SGN%20on%202026-10-25%20one%20way
2026-09-02T04:34:13+00:00,sgn,Ho Chi Minh City,SGN,SJC,2026-10-26,492,"Delta, Vietnam Airlines",2,https://www.google.com/travel/flights?q=Flights%20from%20SJC%20to%20SGN%20on%202026-10-26%20one%20way
2026-08-24T14:59:54+00:00,sgn,Ho Chi Minh City,SGN,SJC,2026-10-27,484,"Delta, Vietnam Airlines",2,https://www.google.com/travel/flights?q=Flights%20from%20SJC%20to%20SGN%20on%202026-10-27%20one%20way
2026-09-04T04:33:42+00:00,sgn,Ho Chi Minh City,SGN,SJC,2026-10-28,492,"Delta, Vietnam Airlines",2,https://www.google.com/travel/flights?q=Flights%20from%20SJC%20to%20SGN%20on%202026-10-28%20one%20way
2026-08-29T11:05:19+00:00,sgn,Ho Chi Minh City,SGN,SJC,2026-10-29,578,"Alaska, China Airlines",2,https://www.google.com/travel/flights?q=Flights%20from%20SJC%20to%20SGN%20on%202026-10-29%20one%20way
2026-08-25T16:55:28+00:00,sgn,Ho Chi Minh City,SGN,SJC,2026-10-30,484,"Delta, Vietnam Airlines",2,https://www.google.com/travel/flights?q=Flights%20from%20SJC%20to%20SGN%20on%202026-10-30%20one%20way
2026-09-01T10:06:27+00:00,sgn,Ho Chi Minh City,SGN,SJC,2026-10-31,492,"Delta, Vietnam Airlines",2,https://www.google.com/travel/flights?q=Flights%20from%20SJC%20to%20SGN%20on%202026-10-31%20one%20way
2026-09-03T09:50:38+00:00,sgn,Ho Chi Minh City,SGN,SJC,2026-11-01,492,"Delta, Vietnam Airlines",2,https://www.google.com/travel/flights?q=Flights%20from%20SJC%20to%20SGN%20on%202026-11-01%20one%20way
2026-08-25T19:45:51+00:00,sgn,Ho Chi Minh City,SGN,SJC,2026-11-02,484,"Delta, Vietnam Airlines",2,https://www.google.com/travel/flights?q=Flights%20from%20SJC%20to%20SGN%20on%202026-11-02%20one%20way
2026-08-25T20:45:57+00:00,sgn,Ho Chi Minh City,SGN,SJC,2026-11-03,484,"Delta, Vietnam Airlines",2,https://www.google.com/travel/flights?q=Flights%20from%20SJC%20to%20SGN%20on%202026-11-03%20one%20way
2026-08-25T21:44:07+00:00,sgn,Ho Chi Minh City,SGN,SJC,2026-11-04,484,"Delta, Vietnam Airlines",2,https://www.google.com/travel/flights?q=Flights%20from%20SJC%20to%20SGN%20on%202026-11-04%20one%20way
2026-09-02T14:29:37+00:00,sgn,Ho Chi Minh City,SGN,SJC,2026-11-05,492,"Delta, Vietnam Airlines",2,https://www.google.com/travel/flights?q=Flights%20from%20SJC%20to%20SGN%20on%202026-11-05%20one%20way
2026-08-29T19:24:36+00:00,sgn,Ho Chi Minh City,SGN,SJC,2026-11-06,451,"Delta, Vietnam Airlines",2,https://www.google.com/travel/flights?q=Flights%20from%20SJC%20to%20SGN%20on%202026-11-06%20one%20way
2026-08-24T01:57:43+00:00,sgn,Ho Chi Minh City,SGN,SJC,2026-11-07,484,"Delta, Vietnam Airlines",2,https://www.google.com/travel/flights?q=Flights%20from%20SJC%20to%20SGN%20on%202026-11-07%20one%20way
2026-09-01T18:30:46+00:00,sgn,Ho Chi Minh City,SGN,SJC,2026-11-08,492,"Delta, Vietnam Airlines",2,https://www.google.com/travel/flights?q=Flights%20from%20SJC%20to%20SGN%20on%202026-11-08%20one%20way
2026-09-02T18:42:50+00:00,sgn,Ho Chi Minh City,SGN,SJC,2026-11-09,492,"Delta, Vietnam Airlines",2,https://www.google.com/travel/flights?q=Flights%20from%20SJC%20to%20SGN%20on%202026-11-09%20one%20way
2026-08-25T03:59:31+00:00,sgn,Ho Chi Minh City,SGN,SJC,2026-11-10,484,"Delta, Vietnam Airlines",2,https://www.google.com/travel/flights?q=Flights%20from%20SJC%20to%20SGN%20on%202026-11-10%20one%20way
2026-09-01T21:46:54+00:00,sgn,Ho Chi Minh City,SGN,SJC,2026-11-11,492,"Delta, Vietnam Airlines",2,https://www.google.com/travel/flights?q=Flights%20from%20SJC%20to%20SGN%20on%202026-11-11%20one%20way
2026-09-02T21:49:33+00:00,sgn,Ho Chi Minh City,SGN,SJC,2026-11-12,492,"Delta, Vietnam Airlines",2,https://www.google.com/travel/flights?q=Flights%20from%20SJC%20to%20SGN%20on%202026-11-12%20one%20way
2026-08-26T05:50:20+00:00,sgn,Ho Chi Minh City,SGN,SJC,2026-11-13,451,"Delta, Vietnam Airlines",2,https://www.google.com/travel/flights?q=Flights%20from%20SJC%20to%20SGN%20on%202026-11-13%20one%20way
2026-08-25T07:58:10+00:00,sgn,Ho Chi Minh City,SGN,SJC,2026-11-14,484,"Delta, Vietnam Airlines",2,https://www.google.com/travel/flights?q=Flights%20from%20SJC%20to%20SGN%20on%202026-11-14%20one%20way
2026-08-26T07:59:33+00:00,sgn,Ho Chi Minh City,SGN,SJC,2026-11-15,451,"Delta, Vietnam Airlines",2,https://www.google.com/travel/flights?q=Flights%20from%20SJC%20to%20SGN%20on%202026-11-15%20one%20way
2026-09-03T00:15:57+00:00,sgn,Ho Chi Minh City,SGN,SJC,2026-11-16,492,"Delta, Vietnam Airlines",2,https://www.google.com/travel/flights?q=Flights%20from%20SJC%20to%20SGN%20on%202026-11-16%20one%20way
2026-08-26T09:56:58+00:00,sgn,Ho Chi Minh City,SGN,SJC,2026-11-17,451,"Delta, Vietnam Airlines",2,https://www.google.com/travel/flights?q=Flights%20from%20SJC%20to%20SGN%20on%202026-11-17%20one%20way
2026-08-26T10:51:37+00:00,sgn,Ho Chi Minh City,SGN,SJC,2026-11-18,451,"Delta, Vietnam Airlines",2,https://www.google.com/travel/flights?q=Flights%20from%20SJC%20to%20SGN%20on%202026-11-18%20one%20way
2026-09-01T05:08:23+00:00,sgn,Ho Chi Minh City,SGN,SJC,2026-11-19,708,"Delta, Vietnam Airlines",2,https://www.google.com/travel/flights?q=Flights%20from%20SJC%20to%20SGN%20on%202026-11-19%20one%20way
2026-08-25T13:11:19+00:00,sgn,Ho Chi Minh City,SGN,SJC,2026-11-20,802,"Delta, Vietnam Airlines",2,https://www.google.com/travel/flights?q=Flights%20from%20SJC%20to%20SGN%20on%202026-11-20%20one%20way
2026-08-28T11:23:35+00:00,sgn,Ho Chi Minh City,SGN,SJC,2026-11-21,709,"Delta, Vietnam Airlines",2,https://www.google.com/travel/flights?q=Flights%20from%20SJC%20to%20SGN%20on%202026-11-21%20one%20way
2026-08-26T14:04:39+00:00,sgn,Ho Chi Minh City,SGN,SJC,2026-11-22,728,"Alaska, China Airlines",2,https://www.google.com/travel/flights?q=Flights%20from%20SJC%20to%20SGN%20on%202026-11-22%20one%20way
2026-08-26T15:56:58+00:00,sgn,Ho Chi Minh City,SGN,SJC,2026-11-23,451,"Delta, Vietnam Airlines",2,https://www.google.com/travel/flights?q=Flights%20from%20SJC%20to%20SGN%20on%202026-11-23%20one%20way
2026-09-02T09:37:49+00:00,sgn,Ho Chi Minh City,SGN,SJC,2026-11-24,492,"Delta, Vietnam Airlines",2,https://www.google.com/travel/flights?q=Flights%20from%20SJC%20to%20SGN%20on%202026-11-24%20one%20way
2026-08-25T18:56:40+00:00,sgn,Ho Chi Minh City,SGN,SJC,2026-11-25,484,"Delta, Vietnam Airlines",2,https://www.google.com/travel/flights?q=Flights%20from%20SJC%20to%20SGN%20on%202026-11-25%20one%20way
2026-08-29T15:37:50+00:00,sgn,Ho Chi Minh City,SGN,SJC,2026-11-26,451,"Delta, Vietnam Airlines",2,https://www.google.com/travel/flights?q=Flights%20from%20SJC%20to%20SGN%20on%202026-11-26%20one%20way
2026-08-24T21:43:35+00:00,sgn,Ho Chi Minh City,SGN,SJC,2026-11-27,484,"Delta, Vietnam Airlines",2,https://www.google.com/travel/flights?q=Flights%20from%20SJC%20to%20SGN%20on%202026-11-27%20one%20way
2026-08-25T21:44:07+00:00,sgn,Ho Chi Minh City,SGN,SJC,2026-11-28,484,"Delta, Vietnam Airlines",2,https://www.google.com/travel/flights?q=Flights%20from%20SJC%20to%20SGN%20on%202026-11-28%20one%20way
2026-09-02T14:29:37+00:00,sgn,Ho Chi Minh City,SGN,SJC,2026-11-29,746,"Delta, Vietnam Airlines",2,https://www.google.com/travel/flights?q=Flights%20from%20SJC%20to%20SGN%20on%202026-11-29%20one%20way
2026-09-03T14:34:41+00:00,sgn,Ho Chi Minh City,SGN,SJC,2026-11-30,492,"Delta, Vietnam Airlines",2,https://www.google.com/travel/flights?q=Flights%20from%20SJC%20to%20SGN%20on%202026-11-30%20one%20way
2026-08-22T03:07:15+00:00,sgn,Ho Chi Minh City,SGN,SJC,2026-12-01,461,"Delta, Vietnam Airlines",2,https://www.google.com/travel/flights?q=Flights%20from%20SJC%20to%20SGN%20on%202026-12-01%20one%20way
2026-08-28T22:20:18+00:00,sgn,Ho Chi Minh City,SGN,SJC,2026-12-02,640,"Delta, Vietnam Airlines",2,https://www.google.com/travel/flights?q=Flights%20from%20SJC%20to%20SGN%20on%202026-12-02%20one%20way
2026-08-31T20:05:14+00:00,sgn,Ho Chi Minh City,SGN,SJC,2026-12-03,640,"Delta, Vietnam Airlines",2,https://www.google.com/travel/flights?q=Flights%20from%20SJC%20to%20SGN%20on%202026-12-03%20one%20way
2026-08-25T03:59:31+00:00,sgn,Ho Chi Minh City,SGN,SJC,2026-12-04,640,"Delta, Vietnam Airlines",2,https://www.google.com/travel/flights?q=Flights%20from%20SJC%20to%20SGN%20on%202026-12-04%20one%20way
2026-08-25T04:53:35+00:00,sgn,Ho Chi Minh City,SGN,SJC,2026-12-05,640,"Delta, Vietnam Airlines",2,https://www.google.com/travel/flights?q=Flights%20from%20SJC%20to%20SGN%20on%202026-12-05%20one%20way
2026-08-31T23:50:53+00:00,sgn,Ho Chi Minh City,SGN,SJC,2026-12-06,640,"Delta, Vietnam Airlines",2,https://www.google.com/travel/flights?q=Flights%20from%20SJC%20to%20SGN%20on%202026-12-06%20one%20way
2026-08-26T05:50:20+00:00,sgn,Ho Chi Minh City,SGN,SJC,2026-12-07,484,"Delta, Vietnam Airlines",2,https://www.google.com/travel/flights?q=Flights%20from%20SJC%20to%20SGN%20on%202026-12-07%20one%20way
2026-08-25T07:58:10+00:00,sgn,Ho Chi Minh City,SGN,SJC,2026-12-08,484,"Delta, Vietnam Airlines",2,https://www.google.com/travel/flights?q=Flights%20from%20SJC%20to%20SGN%20on%202026-12-08%20one%20way
2026-08-29T04:09:47+00:00,sgn,Ho Chi Minh City,SGN,SJC,2026-12-09,765,"Delta, Vietnam Airlines",2,https://www.google.com/travel/flights?q=Flights%20from%20SJC%20to%20SGN%20on%202026-12-09%20one%20way
2026-09-03T00:15:57+00:00,sgn,Ho Chi Minh City,SGN,SJC,2026-12-10,758,"Delta, Vietnam Airlines",2,https://www.google.com/travel/flights?q=Flights%20from%20SJC%20to%20SGN%20on%202026-12-10%20one%20way
2026-08-26T09:02:13+00:00,sgn,Ho Chi Minh City,SGN,SJC,2026-12-11,898,"Delta, Vietnam Airlines",2,https://www.google.com/travel/flights?q=Flights%20from%20SJC%20to%20SGN%20on%202026-12-11%20one%20way
2026-08-25T11:43:51+00:00,sgn,Ho Chi Minh City,SGN,SJC,2026-12-12,935,"Delta, Vietnam Airlines",2,https://www.google.com/travel/flights?q=Flights%20from%20SJC%20to%20SGN%20on%202026-12-12%20one%20way
2026-09-01T05:08:23+00:00,sgn,Ho Chi Minh City,SGN,SJC,2026-12-13,911,"Delta, Vietnam Airlines",2,https://www.google.com/travel/flights?q=Flights%20from%20SJC%20to%20SGN%20on%202026-12-13%20one%20way
2026-09-03T04:34:43+00:00,sgn,Ho Chi Minh City,SGN,SJC,2026-12-14,758,"Delta, Vietnam Airlines",2,https://www.google.com/travel/flights?q=Flights%20from%20SJC%20to%20SGN%20on%202026-12-14%20one%20way
2026-08-25T14:04:00+00:00,sgn,Ho Chi Minh City,SGN,SJC,2026-12-15,900,"Delta, Vietnam Airlines",2,https://www.google.com/travel/flights?q=Flights%20from%20SJC%20to%20SGN%20on%202026-12-15%20one%20way
2026-08-29T11:05:19+00:00,sgn,Ho Chi Minh City,SGN,SJC,2026-12-16,1221,"Delta, Vietnam Airlines",2,https://www.google.com/travel/flights?q=Flights%20from%20SJC%20to%20SGN%20on%202026-12-16%20one%20way
2026-08-27T14:18:40+00:00,sgn,Ho Chi Minh City,SGN,SJC,2026-12-17,1288,"Delta, Vietnam Airlines",2,https://www.google.com/travel/flights?q=Flights%20from%20SJC%20to%20SGN%20on%202026-12-17%20one%20way
2026-09-02T09:37:49+00:00,sgn,Ho Chi Minh City,SGN,SJC,2026-12-18,1732,"Alaska, China Airlines",2,https://www.google.com/travel/flights?q=Flights%20from%20SJC%20to%20SGN%20on%202026-12-18%20one%20way
2026-09-03T09:50:38+00:00,sgn,Ho Chi Minh City,SGN,SJC,2026-12-19,1428,"Delta, Vietnam Airlines",2,https://www.google.com/travel/flights?q=Flights%20from%20SJC%20to%20SGN%20on%202026-12-19%20one%20way
2026-08-31T13:50:56+00:00,sgn,Ho Chi Minh City,SGN,SJC,2026-12-20,1062,"Delta, Vietnam Airlines",2,https://www.google.com/travel/flights?q=Flights%20from%20SJC%20to%20SGN%20on%202026-12-20%20one%20way
2026-08-26T19:18:45+00:00,sgn,Ho Chi Minh City,SGN,SJC,2026-12-21,885,"Delta, Vietnam Airlines",2,https://www.google.com/travel/flights?q=Flights%20from%20SJC%20to%20SGN%20on%202026-12-21%20one%20way
2026-09-01T14:53:27+00:00,sgn,Ho Chi Minh City,SGN,SJC,2026-12-22,885,"Delta, Vietnam Airlines",2,https://www.google.com/travel/flights?q=Flights%20from%20SJC%20to%20SGN%20on%202026-12-22%20one%20way
2026-09-02T14:29:37+00:00,sgn,Ho Chi Minh City,SGN,SJC,2026-12-23,866,"Delta, Vietnam Airlines",2,https://www.google.com/travel/flights?q=Flights%20from%20SJC%20to%20SGN%20on%202026-12-23%20one%20way
2026-08-29T19:24:36+00:00,sgn,Ho Chi Minh City,SGN,SJC,2026-12-24,875,"Delta, Vietnam Airlines",2,https://www.google.com/travel/flights?q=Flights%20from%20SJC%20to%20SGN%20on%202026-12-24%20one%20way
2026-08-24T01:57:43+00:00,sgn,Ho Chi Minh City,SGN,SJC,2026-12-25,943,"Delta, Vietnam Airlines",2,https://www.google.com/travel/flights?q=Flights%20from%20SJC%20to%20SGN%20on%202026-12-25%20one%20way
2026-08-23T03:15:31+00:00,sgn,Ho Chi Minh City,SGN,SJC,2026-12-26,805,"Delta, Vietnam Airlines",2,https://www.google.com/travel/flights?q=Flights%20from%20SJC%20to%20SGN%20on%202026-12-26%20one%20way
2026-08-31T20:05:14+00:00,sgn,Ho Chi Minh City,SGN,SJC,2026-12-27,484,"Delta, Vietnam Airlines",2,https://www.google.com/travel/flights?q=Flights%20from%20SJC%20to%20SGN%20on%202026-12-27%20one%20way
2026-08-25T03:12:59+00:00,sgn,Ho Chi Minh City,SGN,SJC,2026-12-28,484,"Delta, Vietnam Airlines",2,https://www.google.com/travel/flights?q=Flights%20from%20SJC%20to%20SGN%20on%202026-12-28%20one%20way
2026-09-01T21:46:54+00:00,sgn,Ho Chi Minh City,SGN,SJC,2026-12-29,492,"Delta, Vietnam Airlines",2,https://www.google.com/travel/flights?q=Flights%20from%20SJC%20to%20SGN%20on%202026-12-29%20one%20way
2026-09-02T21:49:33+00:00,sgn,Ho Chi Minh City,SGN,SJC,2026-12-30,492,"Delta, Vietnam Airlines",2,https://www.google.com/travel/flights?q=Flights%20from%20SJC%20to%20SGN%20on%202026-12-30%20one%20way
2026-09-03T21:42:38+00:00,sgn,Ho Chi Minh City,SGN,SJC,2026-12-31,492,"Delta, Vietnam Airlines",2,https://www.google.com/travel/flights?q=Flights%20from%20SJC%20to%20SGN%20on%202026-12-31%20one%20way
2026-08-25T07:58:10+00:00,sgn,Ho Chi Minh City,SGN,SJC,2027-01-01,484,"Delta, Vietnam Airlines",2,https://www.google.com/travel/flights?q=Flights%20from%20SJC%20to%20SGN%20on%202027-01-01%20one%20way
2026-08-29T04:09:47+00:00,sgn,Ho Chi Minh City,SGN,SJC,2027-01-02,674,"Alaska, China Airlines",2,https://www.google.com/travel/flights?q=Flights%20from%20SJC%20to%20SGN%20on%202027-01-02%20one%20way
2026-09-03T00:15:57+00:00,sgn,Ho Chi Minh City,SGN,SJC,2027-01-03,758,"Delta, Vietnam Airlines",2,https://www.google.com/travel/flights?q=Flights%20from%20SJC%20to%20SGN%20on%202027-01-03%20one%20way
2026-08-26T09:56:58+00:00,sgn,Ho Chi Minh City,SGN,SJC,2027-01-04,484,"Delta, Vietnam Airlines",2,https://www.google.com/travel/flights?q=Flights%20from%20SJC%20to%20SGN%20on%202027-01-04%20one%20way
2026-08-31T05:35:23+00:00,sgn,Ho Chi Minh City,SGN,SJC,2027-01-05,484,"Delta, Vietnam Airlines",2,https://www.google.com/travel/flights?q=Flights%20from%20SJC%20to%20SGN%20on%202027-01-05%20one%20way
2026-09-02T04:34:13+00:00,sgn,Ho Chi Minh City,SGN,SJC,2027-01-06,492,"Delta, Vietnam Airlines",2,https://www.google.com/travel/flights?q=Flights%20from%20SJC%20to%20SGN%20on%202027-01-06%20one%20way
2026-09-03T04:34:43+00:00,sgn,Ho Chi Minh City,SGN,SJC,2027-01-07,492,"Delta, Vietnam Airlines",2,https://www.google.com/travel/flights?q=Flights%20from%20SJC%20to%20SGN%20on%202027-01-07%20one%20way
2026-08-28T11:23:35+00:00,sgn,Ho Chi Minh City,SGN,SJC,2027-01-08,484,"Delta, Vietnam Airlines",2,https://www.google.com/travel/flights?q=Flights%20from%20SJC%20to%20SGN%20on%202027-01-08%20one%20way
2026-08-29T11:05:19+00:00,sgn,Ho Chi Minh City,SGN,SJC,2027-01-09,484,"Delta, Vietnam Airlines",2,https://www.google.com/travel/flights?q=Flights%20from%20SJC%20to%20SGN%20on%202027-01-09%20one%20way
2026-08-25T16:00:21+00:00,sgn,Ho Chi Minh City,SGN,SJC,2027-01-10,638,"Alaska, China Airlines",2,https://www.google.com/travel/flights?q=Flights%20from%20SJC%20to%20SGN%20on%202027-01-10%20one%20way
2026-09-02T09:37:49+00:00,sgn,Ho Chi Minh City,SGN,SJC,2027-01-11,492,"Delta, Vietnam Airlines",2,https://www.google.com/travel/flights?q=Flights%20from%20SJC%20to%20SGN%20on%202027-01-11%20one%20way
2026-09-03T09:50:38+00:00,sgn,Ho Chi Minh City,SGN,SJC,2027-01-12,492,"Delta, Vietnam Airlines",2,https://www.google.com/travel/flights?q=Flights%20from%20SJC%20to%20SGN%20on%202027-01-12%20one%20way
2026-08-29T15:37:50+00:00,sgn,Ho Chi Minh City,SGN,SJC,2027-01-13,484,"Delta, Vietnam Airlines",2,https://www.google.com/travel/flights?q=Flights%20from%20SJC%20to%20SGN%20on%202027-01-13%20one%20way
2026-08-26T19:18:45+00:00,sgn,Ho Chi Minh City,SGN,SJC,2027-01-14,484,"Delta, Vietnam Airlines",2,https://www.google.com/travel/flights?q=Flights%20from%20SJC%20to%20SGN%20on%202027-01-14%20one%20way
2026-09-01T14:53:27+00:00,sgn,Ho Chi Minh City,SGN,SJC,2027-01-15,492,"Delta, Vietnam Airlines",2,https://www.google.com/travel/flights?q=Flights%20from%20SJC%20to%20SGN%20on%202027-01-15%20one%20way
2026-08-30T17:29:22+00:00,sgn,Ho Chi Minh City,SGN,SJC,2027-01-16,484,"Delta, Vietnam Airlines",2,https://www.google.com/travel/flights?q=Flights%20from%20SJC%20to%20SGN%20on%202027-01-16%20one%20way
2026-09-03T14:34:41+00:00,sgn,Ho Chi Minh City,SGN,SJC,2027-01-17,492,"Delta, Vietnam Airlines",2,https://www.google.com/travel/flights?q=Flights%20from%20SJC%20to%20SGN%20on%202027-01-17%20one%20way
2026-08-24T01:57:43+00:00,sgn,Ho Chi Minh City,SGN,SJC,2027-01-18,484,"Delta, Vietnam Airlines",2,https://www.google.com/travel/flights?q=Flights%20from%20SJC%20to%20SGN%20on%202027-01-18%20one%20way
2026-08-28T22:20:18+00:00,sgn,Ho Chi Minh City,SGN,SJC,2027-01-19,599,"Alaska, China Airlines",2,https://www.google.com/travel/flights?q=Flights%20from%20SJC%20to%20SGN%20on%202027-01-19%20one%20way
2026-09-02T18:42:50+00:00,sgn,Ho Chi Minh City,SGN,SJC,2027-01-20,627,"Alaska, China Airlines",2,https://www.google.com/travel/flights?q=Flights%20from%20SJC%20to%20SGN%20on%202027-01-20%20one%20way
2026-08-25T03:59:31+00:00,sgn,Ho Chi Minh City,SGN,SJC,2027-01-21,599,"Alaska, China Airlines",2,https://www.google.com/travel/flights?q=Flights%20from%20SJC%20to%20SGN%20on%202027-01-21%20one%20way
2026-08-30T23:30:07+00:00,sgn,Ho Chi Minh City,SGN,SJC,2027-01-22,756,"Delta, Vietnam Airlines",2,https://www.google.com/travel/flights?q=Flights%20from%20SJC%20to%20SGN%20on%202027-01-22%20one%20way
2026-09-02T21:49:33+00:00,sgn,Ho Chi Minh City,SGN,SJC,2027-01-23,607,"Alaska, China Airlines",2,https://www.google.com/travel/flights?q=Flights%20from%20SJC%20to%20SGN%20on%202027-01-23%20one%20way
2026-08-30T01:15:23+00:00,sgn,Ho Chi Minh City,SGN,SJC,2027-01-24,599,"Alaska, China Airlines",2,https://www.google.com/travel/flights?q=Flights%20from%20SJC%20to%20SGN%20on%202027-01-24%20one%20way
2026-08-23T09:42:49+00:00,sgn,Ho Chi Minh City,SGN,SJC,2027-01-25,599,"Alaska, China Airlines",2,https://www.google.com/travel/flights?q=Flights%20from%20SJC%20to%20SGN%20on%202027-01-25%20one%20way
2026-09-02T00:14:40+00:00,sgn,Ho Chi Minh City,SGN,SJC,2027-01-26,607,"Alaska, China Airlines",2,https://www.google.com/travel/flights?q=Flights%20from%20SJC%20to%20SGN%20on%202027-01-26%20one%20way
2026-09-03T00:15:57+00:00,sgn,Ho Chi Minh City,SGN,SJC,2027-01-27,676,"Delta, China Airlines",2,https://www.google.com/travel/flights?q=Flights%20from%20SJC%20to%20SGN%20on%202027-01-27%20one%20way
2026-08-26T09:56:58+00:00,sgn,Ho Chi Minh City,SGN,SJC,2027-01-28,599,"Alaska, China Airlines",2,https://www.google.com/travel/flights?q=Flights%20from%20SJC%20to%20SGN%20on%202027-01-28%20one%20way
2026-08-31T05:35:23+00:00,sgn,Ho Chi Minh City,SGN,SJC,2027-01-29,678,"Alaska, China Airlines",2,https://www.google.com/travel/flights?q=Flights%20from%20SJC%20to%20SGN%20on%202027-01-29%20one%20way
2026-09-02T04:34:13+00:00,sgn,Ho Chi Minh City,SGN,SJC,2027-01-30,607,"Alaska, China Airlines",2,https://www.google.com/travel/flights?q=Flights%20from%20SJC%20to%20SGN%20on%202027-01-30%20one%20way
2026-08-25T13:11:19+00:00,sgn,Ho Chi Minh City,SGN,SJC,2027-01-31,638,"Alaska, China Airlines",2,https://www.google.com/travel/flights?q=Flights%20from%20SJC%20to%20SGN%20on%202027-01-31%20one%20way
2026-08-24T15:56:08+00:00,sgn,Ho Chi Minh City,SGN,SJC,2027-02-01,654,"Alaska, China Airlines",2,https://www.google.com/travel/flights?q=Flights%20from%20SJC%20to%20SGN%20on%202027-02-01%20one%20way
2026-08-29T11:05:19+00:00,sgn,Ho Chi Minh City,SGN,SJC,2027-02-02,599,"Alaska, China Airlines",2,https://www.google.com/travel/flights?q=Flights%20from%20SJC%20to%20SGN%20on%202027-02-02%20one%20way
2026-08-27T14:18:40+00:00,sgn,Ho Chi Minh City,SGN,SJC,2027-02-03,619,"Alaska, China Airlines",2,https://www.google.com/travel/flights?q=Flights%20from%20SJC%20to%20SGN%20on%202027-02-03%20one%20way
2026-09-01T10:06:27+00:00,sgn,Ho Chi Minh City,SGN,SJC,2027-02-04,588,"Alaska, China Airlines",2,https://www.google.com/travel/flights?q=Flights%20from%20SJC%20to%20SGN%20on%202027-02-04%20one%20way
2026-09-03T09:50:38+00:00,sgn,Ho Chi Minh City,SGN,SJC,2027-02-05,588,"Alaska, China Airlines",2,https://www.google.com/travel/flights?q=Flights%20from%20SJC%20to%20SGN%20on%202027-02-05%20one%20way
2026-08-31T13:50:56+00:00,sgn,Ho Chi Minh City,SGN,SJC,2027-02-06,599,"Alaska, China Airlines",2,https://www.google.com/travel/flights?q=Flights%20from%20SJC%20to%20SGN%20on%202027-02-06%20one%20way
2026-08-18T03:13:06+00:00,sgn,Ho Chi Minh City,SGN,SJC,2027-02-07,599,"Alaska, China Airlines",2,https://www.google.com/travel/flights?q=Flights%20from%20SJC%20to%20SGN%20on%202027-02-07%20one%20way
2026-08-25T21:44:07+00:00,sgn,Ho Chi Minh City,SGN,SJC,2027-02-08,599,"Alaska, China Airlines",2,https://www.google.com/travel/flights?q=Flights%20from%20SJC%20to%20SGN%20on%202027-02-08%20one%20way
2026-09-02T14:29:37+00:00,sgn,Ho Chi Minh City,SGN,SJC,2027-02-09,638,"Alaska, China Airlines",2,https://www.google.com/travel/flights?q=Flights%20from%20SJC%20to%20SGN%20on%202027-02-09%20one%20way
2026-09-03T14:34:41+00:00,sgn,Ho Chi Minh City,SGN,SJC,2027-02-10,492,"Delta, Vietnam Airlines",2,https://www.google.com/travel/flights?q=Flights%20from%20SJC%20to%20SGN%20on%202027-02-10%20one%20way
2026-08-24T01:57:43+00:00,sgn,Ho Chi Minh City,SGN,SJC,2027-02-11,484,"Delta, Vietnam Airlines",2,https://www.google.com/travel/flights?q=Flights%20from%20SJC%20to%20SGN%20on%202027-02-11%20one%20way
2026-09-01T18:30:46+00:00,sgn,Ho Chi Minh City,SGN,SJC,2027-02-12,743,"Alaska, China Airlines",2,https://www.google.com/travel/flights?q=Flights%20from%20SJC%20to%20SGN%20on%202027-02-12%20one%20way
2026-09-02T18:42:50+00:00,sgn,Ho Chi Minh City,SGN,SJC,2027-02-13,646,"Alaska, China Airlines",2,https://www.google.com/travel/flights?q=Flights%20from%20SJC%20to%20SGN%20on%202027-02-13%20one%20way
2026-09-03T18:39:20+00:00,sgn,Ho Chi Minh City,SGN,SJC,2027-02-14,492,"Delta, Vietnam Airlines",2,https://www.google.com/travel/flights?q=Flights%20from%20SJC%20to%20SGN%20on%202027-02-14%20one%20way
2026-09-01T21:46:54+00:00,sgn,Ho Chi Minh City,SGN,SJC,2027-02-15,492,"Delta, Vietnam Airlines",2,https://www.google.com/travel/flights?q=Flights%20from%20SJC%20to%20SGN%20on%202027-02-15%20one%20way
2026-09-02T21:49:33+00:00,sgn,Ho Chi Minh City,SGN,SJC,2027-02-16,492,"Delta, Vietnam Airlines",2,https://www.google.com/travel/flights?q=Flights%20from%20SJC%20to%20SGN%20on%202027-02-16%20one%20way
2026-09-03T21:42:38+00:00,sgn,Ho Chi Minh City,SGN,SJC,2027-02-17,492,"Delta, Vietnam Airlines",2,https://www.google.com/travel/flights?q=Flights%20from%20SJC%20to%20SGN%20on%202027-02-17%20one%20way
2026-08-23T09:42:49+00:00,sgn,Ho Chi Minh City,SGN,SJC,2027-02-18,484,"Delta, Vietnam Airlines",2,https://www.google.com/travel/flights?q=Flights%20from%20SJC%20to%20SGN%20on%202027-02-18%20one%20way
2026-09-02T00:14:40+00:00,sgn,Ho Chi Minh City,SGN,SJC,2027-02-19,492,"Delta, Vietnam Airlines",2,https://www.google.com/travel/flights?q=Flights%20from%20SJC%20to%20SGN%20on%202027-02-19%20one%20way
2026-09-03T00:15:57+00:00,sgn,Ho Chi Minh City,SGN,SJC,2027-02-20,492,"Delta, Vietnam Airlines",2,https://www.google.com/travel/flights?q=Flights%20from%20SJC%20to%20SGN%20on%202027-02-20%20one%20way
2026-09-04T00:06:22+00:00,sgn,Ho Chi Minh City,SGN,SJC,2027-02-21,492,"Delta, Vietnam Airlines",2,https://www.google.com/travel/flights?q=Flights%20from%20SJC%20to%20SGN%20on%202027-02-21%20one%20way
2026-08-26T10:51:37+00:00,sgn,Ho Chi Minh City,SGN,SJC,2027-02-22,484,"Delta, Vietnam Airlines",2,https://www.google.com/travel/flights?q=Flights%20from%20SJC%20to%20SGN%20on%202027-02-22%20one%20way
2026-09-02T04:34:13+00:00,sgn,Ho Chi Minh City,SGN,SJC,2027-02-23,492,"Delta, Vietnam Airlines",2,https://www.google.com/travel/flights?q=Flights%20from%20SJC%20to%20SGN%20on%202027-02-23%20one%20way
2026-08-25T13:11:19+00:00,sgn,Ho Chi Minh City,SGN,SJC,2027-02-24,484,"Delta, Vietnam Airlines",2,https://www.google.com/travel/flights?q=Flights%20from%20SJC%20to%20SGN%20on%202027-02-24%20one%20way
2026-09-04T04:33:42+00:00,sgn,Ho Chi Minh City,SGN,SJC,2027-02-25,492,"Delta, Vietnam Airlines",2,https://www.google.com/travel/flights?q=Flights%20from%20SJC%20to%20SGN%20on%202027-02-25%20one%20way
2026-08-26T14:04:39+00:00,sgn,Ho Chi Minh City,SGN,SJC,2027-02-26,585,"Alaska, China Airlines",2,https://www.google.com/travel/flights?q=Flights%20from%20SJC%20to%20SGN%20on%202027-02-26%20one%20way
2026-08-27T14:18:40+00:00,sgn,Ho Chi Minh City,SGN,SJC,2027-02-27,484,"Delta, Vietnam Airlines",2,https://www.google.com/travel/flights?q=Flights%20from%20SJC%20to%20SGN%20on%202027-02-27%20one%20way
2026-09-02T09:37:49+00:00,sgn,Ho Chi Minh City,SGN,SJC,2027-02-28,492,"Delta, Vietnam Airlines",2,https://www.google.com/travel/flights?q=Flights%20from%20SJC%20to%20SGN%20on%202027-02-28%20one%20way
2026-09-03T09:50:38+00:00,sgn,Ho Chi Minh City,SGN,SJC,2027-03-01,492,"Delta, Vietnam Airlines",2,https://www.google.com/travel/flights?q=Flights%20from%20SJC%20to%20SGN%20on%202027-03-01%20one%20way
2026-08-25T19:45:51+00:00,sgn,Ho Chi Minh City,SGN,SJC,2027-03-02,484,"Delta, Vietnam Airlines",2,https://www.google.com/travel/flights?q=Flights%20from%20SJC%20to%20SGN%20on%202027-03-02%20one%20way
2026-08-25T20:45:57+00:00,sgn,Ho Chi Minh City,SGN,SJC,2027-03-03,484,"Delta, Vietnam Airlines",2,https://www.google.com/travel/flights?q=Flights%20from%20SJC%20to%20SGN%20on%202027-03-03%20one%20way
2026-09-01T14:53:27+00:00,sgn,Ho Chi Minh City,SGN,SJC,2027-03-04,580,"Alaska, China Airlines",2,https://www.google.com/travel/flights?q=Flights%20from%20SJC%20to%20SGN%20on%202027-03-04%20one%20way
2026-08-30T17:29:22+00:00,sgn,Ho Chi Minh City,SGN,SJC,2027-03-05,580,"Alaska, China Airlines",2,https://www.google.com/travel/flights?q=Flights%20from%20SJC%20to%20SGN%20on%202027-03-05%20one%20way
2026-09-03T14:34:41+00:00,sgn,Ho Chi Minh City,SGN,SJC,2027-03-06,607,"Alaska, China Airlines",2,https://www.google.com/travel/flights?q=Flights%20from%20SJC%20to%20SGN%20on%202027-03-06%20one%20way
2026-08-24T01:57:43+00:00,sgn,Ho Chi Minh City,SGN,SJC,2027-03-07,484,"Delta, Vietnam Airlines",2,https://www.google.com/travel/flights?q=Flights%20from%20SJC%20to%20SGN%20on%202027-03-07%20one%20way
2026-08-28T22:20:18+00:00,sgn,Ho Chi Minh City,SGN,SJC,2027-03-08,484,"Delta, Vietnam Airlines",2,https://www.google.com/travel/flights?q=Flights%20from%20SJC%20to%20SGN%20on%202027-03-08%20one%20way
2026-09-02T18:42:50+00:00,sgn,Ho Chi Minh City,SGN,SJC,2027-03-09,492,"Delta, Vietnam Airlines",2,https://www.google.com/travel/flights?q=Flights%20from%20SJC%20to%20SGN%20on%202027-03-09%20one%20way
2026-09-03T18:39:20+00:00,sgn,Ho Chi Minh City,SGN,SJC,2027-03-10,492,"Delta, Vietnam Airlines",2,https://www.google.com/travel/flights?q=Flights%20from%20SJC%20to%20SGN%20on%202027-03-10%20one%20way
2026-09-01T21:46:54+00:00,sgn,Ho Chi Minh City,SGN,SJC,2027-03-11,580,"Alaska, China Airlines",2,https://www.google.com/travel/flights?q=Flights%20from%20SJC%20to%20SGN%20on%202027-03-11%20one%20way
2026-09-02T21:49:33+00:00,sgn,Ho Chi Minh City,SGN,SJC,2027-03-12,588,"Alaska, China Airlines",2,https://www.google.com/travel/flights?q=Flights%20from%20SJC%20to%20SGN%20on%202027-03-12%20one%20way
2026-09-03T21:42:38+00:00,sgn,Ho Chi Minh City,SGN,SJC,2027-03-13,588,"Alaska, China Airlines",2,https://www.google.com/travel/flights?q=Flights%20from%20SJC%20to%20SGN%20on%202027-03-13%20one%20way
2026-08-25T07:58:10+00:00,sgn,Ho Chi Minh City,SGN,SJC,2027-03-14,484,"Delta, Vietnam Airlines",2,https://www.google.com/travel/flights?q=Flights%20from%20SJC%20to%20SGN%20on%202027-03-14%20one%20way
2026-09-02T00:14:40+00:00,sgn,Ho Chi Minh City,SGN,SJC,2027-03-15,492,"Delta, Vietnam Airlines",2,https://www.google.com/travel/flights?q=Flights%20from%20SJC%20to%20SGN%20on%202027-03-15%20one%20way
2026-08-25T09:00:04+00:00,sgn,Ho Chi Minh City,SGN,SJC,2027-03-16,484,"Delta, Vietnam Airlines",2,https://www.google.com/travel/flights?q=Flights%20from%20SJC%20to%20SGN%20on%202027-03-16%20one%20way
2026-09-04T00:06:22+00:00,sgn,Ho Chi Minh City,SGN,SJC,2027-03-17,627,"Alaska, China Airlines",2,https://www.google.com/travel/flights?q=Flights%20from%20SJC%20to%20SGN%20on%202027-03-17%20one%20way
2026-08-31T05:35:23+00:00,sgn,Ho Chi Minh City,SGN,SJC,2027-03-18,708,"Delta, Vietnam Airlines",2,https://www.google.com/travel/flights?q=Flights%20from%20SJC%20to%20SGN%20on%202027-03-18%20one%20way
2026-09-02T04:34:13+00:00,sgn,Ho Chi Minh City,SGN,SJC,2027-03-19,678,"Alaska, China Airlines",2,https://www.google.com/travel/flights?q=Flights%20from%20SJC%20to%20SGN%20on%202027-03-19%20one%20way
2026-09-03T04:34:43+00:00,sgn,Ho Chi Minh City,SGN,SJC,2027-03-20,627,"Alaska, China Airlines",2,https://www.google.com/travel/flights?q=Flights%20from%20SJC%20to%20SGN%20on%202027-03-20%20one%20way
2026-08-26T13:16:22+00:00,sgn,Ho Chi Minh City,SGN,SJC,2027-03-21,668,"Delta, Vietnam Airlines",2,https://www.google.com/travel/flights?q=Flights%20from%20SJC%20to%20SGN%20on%202027-03-21%20one%20way
2026-08-29T11:05:19+00:00,sgn,Ho Chi Minh City,SGN,SJC,2027-03-22,599,"Alaska, China Airlines",2,https://www.google.com/travel/flights?q=Flights%20from%20SJC%20to%20SGN%20on%202027-03-22%20one%20way
2026-08-27T14:18:40+00:00,sgn,Ho Chi Minh City,SGN,SJC,2027-03-23,599,"Alaska, China Airlines",2,https://www.google.com/travel/flights?q=Flights%20from%20SJC%20to%20SGN%20on%202027-03-23%20one%20way
2026-08-30T12:53:37+00:00,sgn,Ho Chi Minh City,SGN,SJC,2027-03-24,619,"Alaska, China Airlines",2,https://www.google.com/travel/flights?q=Flights%20from%20SJC%20to%20SGN%20on%202027-03-24%20one%20way
2026-09-03T09:50:38+00:00,sgn,Ho Chi Minh City,SGN,SJC,2027-03-25,627,"Alaska, China Airlines",2,https://www.google.com/travel/flights?q=Flights%20from%20SJC%20to%20SGN%20on%202027-03-25%20one%20way
2026-08-31T13:50:56+00:00,sgn,Ho Chi Minh City,SGN,SJC,2027-03-26,619,"Alaska, China Airlines",2,https://www.google.com/travel/flights?q=Flights%20from%20SJC%20to%20SGN%20on%202027-03-26%20one%20way
2026-08-26T19:18:45+00:00,sgn,Ho Chi Minh City,SGN,SJC,2027-03-27,748,"Delta, Vietnam Airlines",2,https://www.google.com/travel/flights?q=Flights%20from%20SJC%20to%20SGN%20on%202027-03-27%20one%20way
2026-09-01T14:53:27+00:00,sgn,Ho Chi Minh City,SGN,SJC,2027-03-28,678,"Alaska, China Airlines",2,https://www.google.com/travel/flights?q=Flights%20from%20SJC%20to%20SGN%20on%202027-03-28%20one%20way
2026-09-02T14:29:37+00:00,sgn,Ho Chi Minh City,SGN,SJC,2027-03-29,503,"Delta, Vietnam Airlines",2,https://www.google.com/travel/flights?q=Flights%20from%20SJC%20to%20SGN%20on%202027-03-29%20one%20way
2026-09-03T14:34:41+00:00,sgn,Ho Chi Minh City,SGN,SJC,2027-03-30,492,"Delta, Vietnam Airlines",2,https://www.google.com/travel/flights?q=Flights%20from%20SJC%20to%20SGN%20on%202027-03-30%20one%20way
2026-08-22T03:56:42+00:00,sgn,Ho Chi Minh City,SGN,SJC,2027-03-31,619,"Alaska, China Airlines",2,https://www.google.com/travel/flights?q=Flights%20from%20SJC%20to%20SGN%20on%202027-03-31%20one%20way
2026-08-28T22:20:18+00:00,sgn,Ho Chi Minh City,SGN,SJC,2027-04-01,708,"Delta, Vietnam Airlines",2,https://www.google.com/travel/flights?q=Flights%20from%20SJC%20to%20SGN%20on%202027-04-01%20one%20way
2026-09-02T18:42:50+00:00,sgn,Ho Chi Minh City,SGN,SJC,2027-04-02,588,"Alaska, China Airlines",2,https://www.google.com/travel/flights?q=Flights%20from%20SJC%20to%20SGN%20on%202027-04-02%20one%20way
2026-09-03T18:39:20+00:00,sgn,Ho Chi Minh City,SGN,SJC,2027-04-03,503,"Delta, Vietnam Airlines",2,https://www.google.com/travel/flights?q=Flights%20from%20SJC%20to%20SGN%20on%202027-04-03%20one%20way
2026-09-01T21:46:54+00:00,sgn,Ho Chi Minh City,SGN,SJC,2027-04-04,492,"Delta, Vietnam Airlines",2,https://www.google.com/travel/flights?q=Flights%20from%20SJC%20to%20SGN%20on%202027-04-04%20one%20way
2026-09-02T21:49:33+00:00,sgn,Ho Chi Minh City,SGN,SJC,2027-04-05,492,"Delta, Vietnam Airlines",2,https://www.google.com/travel/flights?q=Flights%20from%20SJC%20to%20SGN%20on%202027-04-05%20one%20way
2026-08-30T01:15:23+00:00,sgn,Ho Chi Minh City,SGN,SJC,2027-04-06,484,"Delta, Vietnam Airlines",2,https://www.google.com/travel/flights?q=Flights%20from%20SJC%20to%20SGN%20on%202027-04-06%20one%20way
2026-08-25T07:58:10+00:00,sgn,Ho Chi Minh City,SGN,SJC,2027-04-07,484,"Delta, Vietnam Airlines",2,https://www.google.com/travel/flights?q=Flights%20from%20SJC%20to%20SGN%20on%202027-04-07%20one%20way
2026-08-29T04:09:47+00:00,sgn,Ho Chi Minh City,SGN,SJC,2027-04-08,484,"Delta, Vietnam Airlines",2,https://www.google.com/travel/flights?q=Flights%20from%20SJC%20to%20SGN%20on%202027-04-08%20one%20way
2026-09-03T00:15:57+00:00,sgn,Ho Chi Minh City,SGN,SJC,2027-04-09,492,"Delta, Vietnam Airlines",2,https://www.google.com/travel/flights?q=Flights%20from%20SJC%20to%20SGN%20on%202027-04-09%20one%20way
2026-09-04T00:06:22+00:00,sgn,Ho Chi Minh City,SGN,SJC,2027-04-10,627,"Alaska, China Airlines",2,https://www.google.com/travel/flights?q=Flights%20from%20SJC%20to%20SGN%20on%202027-04-10%20one%20way
2026-08-31T05:35:23+00:00,sgn,Ho Chi Minh City,SGN,SJC,2027-04-11,484,"Delta, Vietnam Airlines",2,https://www.google.com/travel/flights?q=Flights%20from%20SJC%20to%20SGN%20on%202027-04-11%20one%20way
2026-09-02T04:34:13+00:00,sgn,Ho Chi Minh City,SGN,SJC,2027-04-12,492,"Delta, Vietnam Airlines",2,https://www.google.com/travel/flights?q=Flights%20from%20SJC%20to%20SGN%20on%202027-04-12%20one%20way
2026-09-03T04:34:43+00:00,sgn,Ho Chi Minh City,SGN,SJC,2027-04-13,492,"Delta, Vietnam Airlines",2,https://www.google.com/travel/flights?q=Flights%20from%20SJC%20to%20SGN%20on%202027-04-13%20one%20way
2026-09-04T04:33:42+00:00,sgn,Ho Chi Minh City,SGN,SJC,2027-04-14,454,"Delta, Vietnam Airlines",2,https://www.google.com/travel/flights?q=Flights%20from%20SJC%20to%20SGN%20on%202027-04-14%20one%20way
2026-08-29T11:05:19+00:00,sgn,Ho Chi Minh City,SGN,SJC,2027-04-15,484,"Delta, Vietnam Airlines",2,https://www.google.com/travel/flights?q=Flights%20from%20SJC%20to%20SGN%20on%202027-04-15%20one%20way
2026-08-27T14:18:40+00:00,sgn,Ho Chi Minh City,SGN,SJC,2027-04-16,484,"Delta, Vietnam Airlines",2,https://www.google.com/travel/flights?q=Flights%20from%20SJC%20to%20SGN%20on%202027-04-16%20one%20way
2026-08-30T12:53:37+00:00,sgn,Ho Chi Minh City,SGN,SJC,2027-04-17,484,"Delta, Vietnam Airlines",2,https://www.google.com/travel/flights?q=Flights%20from%20SJC%20to%20SGN%20on%202027-04-17%20one%20way
2026-08-25T18:56:40+00:00,sgn,Ho Chi Minh City,SGN,SJC,2027-04-18,484,"Delta, Vietnam Airlines",2,https://www.google.com/travel/flights?q=Flights%20from%20SJC%20to%20SGN%20on%202027-04-18%20one%20way
2026-08-29T15:37:50+00:00,sgn,Ho Chi Minh City,SGN,SJC,2027-04-19,484,"Delta, Vietnam Airlines",2,https://www.google.com/travel/flights?q=Flights%20from%20SJC%20to%20SGN%20on%202027-04-19%20one%20way
2026-08-26T19:18:45+00:00,sgn,Ho Chi Minh City,SGN,SJC,2027-04-20,484,"Delta, Vietnam Airlines",2,https://www.google.com/travel/flights?q=Flights%20from%20SJC%20to%20SGN%20on%202027-04-20%20one%20way
2026-09-01T14:53:27+00:00,sgn,Ho Chi Minh City,SGN,SJC,2027-04-21,492,"Delta, Vietnam Airlines",2,https://www.google.com/travel/flights?q=Flights%20from%20SJC%20to%20SGN%20on%202027-04-21%20one%20way
2026-09-02T14:29:37+00:00,sgn,Ho Chi Minh City,SGN,SJC,2027-04-22,492,"Delta, Vietnam Airlines",2,https://www.google.com/travel/flights?q=Flights%20from%20SJC%20to%20SGN%20on%202027-04-22%20one%20way
2026-08-25T23:38:06+00:00,sgn,Ho Chi Minh City,SGN,SJC,2027-04-23,484,"Delta, Vietnam Airlines",2,https://www.google.com/travel/flights?q=Flights%20from%20SJC%20to%20SGN%20on%202027-04-23%20one%20way
2026-08-24T01:57:43+00:00,sgn,Ho Chi Minh City,SGN,SJC,2027-04-24,484,"Delta, Vietnam Airlines",2,https://www.google.com/travel/flights?q=Flights%20from%20SJC%20to%20SGN%20on%202027-04-24%20one%20way
2026-09-01T18:30:46+00:00,sgn,Ho Chi Minh City,SGN,SJC,2027-04-25,492,"Delta, Vietnam Airlines",2,https://www.google.com/travel/flights?q=Flights%20from%20SJC%20to%20SGN%20on%202027-04-25%20one%20way
2026-08-30T21:06:09+00:00,sgn,Ho Chi Minh City,SGN,SJC,2027-04-26,484,"Delta, Vietnam Airlines",2,https://www.google.com/travel/flights?q=Flights%20from%20SJC%20to%20SGN%20on%202027-04-26%20one%20way
2026-08-25T03:12:59+00:00,sgn,Ho Chi Minh City,SGN,SJC,2027-04-27,484,"Delta, Vietnam Airlines",2,https://www.google.com/travel/flights?q=Flights%20from%20SJC%20to%20SGN%20on%202027-04-27%20one%20way
2026-09-01T21:46:54+00:00,sgn,Ho Chi Minh City,SGN,SJC,2027-04-28,492,"Delta, Vietnam Airlines",2,https://www.google.com/travel/flights?q=Flights%20from%20SJC%20to%20SGN%20on%202027-04-28%20one%20way
2026-09-02T21:49:33+00:00,sgn,Ho Chi Minh City,SGN,SJC,2027-04-29,492,"Delta, Vietnam Airlines",2,https://www.google.com/travel/flights?q=Flights%20from%20SJC%20to%20SGN%20on%202027-04-29%20one%20way
2026-09-03T21:42:38+00:00,sgn,Ho Chi Minh City,SGN,SJC,2027-04-30,454,"Delta, Vietnam Airlines",2,https://www.google.com/travel/flights?q=Flights%20from%20SJC%20to%20SGN%20on%202027-04-30%20one%20way
2026-08-25T07:58:10+00:00,sgn,Ho Chi Minh City,SGN,SJC,2027-05-01,599,"Alaska, China Airlines",2,https://www.google.com/travel/flights?q=Flights%20from%20SJC%20to%20SGN%20on%202027-05-01%20one%20way
2026-08-29T04:09:47+00:00,sgn,Ho Chi Minh City,SGN,SJC,2027-05-02,599,"Alaska, China Airlines",2,https://www.google.com/travel/flights?q=Flights%20from%20SJC%20to%20SGN%20on%202027-05-02%20one%20way
2026-09-03T00:15:57+00:00,sgn,Ho Chi Minh City,SGN,SJC,2027-05-03,588,"Alaska, China Airlines",2,https://www.google.com/travel/flights?q=Flights%20from%20SJC%20to%20SGN%20on%202027-05-03%20one%20way
2026-08-26T09:56:58+00:00,sgn,Ho Chi Minh City,SGN,SJC,2027-05-04,599,"Alaska, China Airlines",2,https://www.google.com/travel/flights?q=Flights%20from%20SJC%20to%20SGN%20on%202027-05-04%20one%20way
2026-08-31T05:35:23+00:00,sgn,Ho Chi Minh City,SGN,SJC,2027-05-05,580,"Alaska, China Airlines",2,https://www.google.com/travel/flights?q=Flights%20from%20SJC%20to%20SGN%20on%202027-05-05%20one%20way
2026-09-02T04:34:13+00:00,sgn,Ho Chi Minh City,SGN,SJC,2027-05-06,580,"Alaska, China Airlines",2,https://www.google.com/travel/flights?q=Flights%20from%20SJC%20to%20SGN%20on%202027-05-06%20one%20way
2026-09-03T04:34:43+00:00,sgn,Ho Chi Minh City,SGN,SJC,2027-05-07,580,"Alaska, China Airlines",2,https://www.google.com/travel/flights?q=Flights%20from%20SJC%20to%20SGN%20on%202027-05-07%20one%20way
2026-09-04T04:33:42+00:00,sgn,Ho Chi Minh City,SGN,SJC,2027-05-08,565,"Alaska, China Airlines",2,https://www.google.com/travel/flights?q=Flights%20from%20SJC%20to%20SGN%20on%202027-05-08%20one%20way
2026-08-29T11:05:19+00:00,sgn,Ho Chi Minh City,SGN,SJC,2027-05-09,566,"Alaska, China Airlines",2,https://www.google.com/travel/flights?q=Flights%20from%20SJC%20to%20SGN%20on%202027-05-09%20one%20way
2026-08-26T15:56:58+00:00,sgn,Ho Chi Minh City,SGN,SJC,2027-05-10,599,"Alaska, China Airlines",2,https://www.google.com/travel/flights?q=Flights%20from%20SJC%20to%20SGN%20on%202027-05-10%20one%20way
2026-09-02T09:37:49+00:00,sgn,Ho Chi Minh City,SGN,SJC,2027-05-11,580,"Alaska, China Airlines",2,https://www.google.com/travel/flights?q=Flights%20from%20SJC%20to%20SGN%20on%202027-05-11%20one%20way
2026-09-03T09:50:38+00:00,sgn,Ho Chi Minh City,SGN,SJC,2027-05-12,580,"Alaska, China Airlines",2,https://www.google.com/travel/flights?q=Flights%20from%20SJC%20to%20SGN%20on%202027-05-12%20one%20way
2026-08-31T13:50:56+00:00,sgn,Ho Chi Minh City,SGN,SJC,2027-05-13,599,"Alaska, China Airlines",2,https://www.google.com/travel/flights?q=Flights%20from%20SJC%20to%20SGN%20on%202027-05-13%20one%20way
2026-08-26T19:18:45+00:00,sgn,Ho Chi Minh City,SGN,SJC,2027-05-14,619,"Alaska, China Airlines",2,https://www.google.com/travel/flights?q=Flights%20from%20SJC%20to%20SGN%20on%202027-05-14%20one%20way
2026-08-25T21:44:07+00:00,sgn,Ho Chi Minh City,SGN,SJC,2027-05-15,566,"Alaska, China Airlines",2,https://www.google.com/travel/flights?q=Flights%20from%20SJC%20to%20SGN%20on%202027-05-15%20one%20way
2026-09-02T14:29:37+00:00,sgn,Ho Chi Minh City,SGN,SJC,2027-05-16,556,"Alaska, China Airlines",2,https://www.google.com/travel/flights?q=Flights%20from%20SJC%20to%20SGN%20on%202027-05-16%20one%20way
2026-08-28T22:20:18+00:00,sgn,Ho Chi Minh City,SGN,SJC,2027-05-19,585,"Alaska, China Airlines",2,https://www.google.com/travel/flights?q=Flights%20from%20SJC%20to%20SGN%20on%202027-05-19%20one%20way
2026-08-31T20:05:14+00:00,sgn,Ho Chi Minh City,SGN,SJC,2027-05-20,548,"Alaska, China Airlines",2,https://www.google.com/travel/flights?q=Flights%20from%20SJC%20to%20SGN%20on%202027-05-20%20one%20way
2026-09-03T18:39:20+00:00,sgn,Ho Chi Minh City,SGN,SJC,2027-05-21,970,"Alaska, China Airlines",2,https://www.google.com/travel/flights?q=Flights%20from%20SJC%20to%20SGN%20on%202027-05-21%20one%20way
2026-09-01T21:46:54+00:00,sgn,Ho Chi Minh City,SGN,SJC,2027-05-22,935,"Delta, Vietnam Airlines",2,https://www.google.com/travel/flights?q=Flights%20from%20SJC%20to%20SGN%20on%202027-05-22%20one%20way
2026-09-02T21:49:33+00:00,sgn,Ho Chi Minh City,SGN,SJC,2027-05-23,781,"Delta, Vietnam Airlines",2,https://www.google.com/travel/flights?q=Flights%20from%20SJC%20to%20SGN%20on%202027-05-23%20one%20way
2026-09-03T21:42:38+00:00,sgn,Ho Chi Minh City,SGN,SJC,2027-05-24,758,"Delta, Vietnam Airlines",2,https://www.google.com/travel/flights?q=Flights%20from%20SJC%20to%20SGN%20on%202027-05-24%20one%20way
2026-07-22T00:12:17+00:00,tpe,Taipei,TPE,OAK,2026-07-24,400,"Alaska, Asiana Airlines",2,https://www.google.com/travel/flights?q=Flights%20from%20OAK%20to%20TPE%20on%202026-07-24%20one%20way
2026-07-29T00:14:15+00:00,tpe,Taipei,TPE,OAK,2026-07-31,592,?,Unknown,https://www.google.com/travel/flights?q=Flights%20from%20OAK%20to%20TPE%20on%202026-07-31%20one%20way
2026-07-25T06:37:16+00:00,tpe,Taipei,TPE,OAK,2026-08-02,463,?,Unknown,https://www.google.com/travel/flights?q=Flights%20from%20OAK%20to%20TPE%20on%202026-08-02%20one%20way
2026-07-28T07:59:05+00:00,tpe,Taipei,TPE,OAK,2026-08-06,453,?,Unknown,https://www.google.com/travel/flights?q=Flights%20from%20OAK%20to%20TPE%20on%202026-08-06%20one%20way
2026-07-25T11:47:25+00:00,tpe,Taipei,TPE,OAK,2026-08-07,413,"Alaska, EVA Air",2,https://www.google.com/travel/flights?q=Flights%20from%20OAK%20to%20TPE%20on%202026-08-07%20one%20way
2026-08-06T00:14:35+00:00,tpe,Taipei,TPE,OAK,2026-08-08,478,Delta,2,https://www.google.com/travel/flights?q=Flights%20from%20OAK%20to%20TPE%20on%202026-08-08%20one%20way
2026-08-01T06:47:22+00:00,tpe,Taipei,TPE,OAK,2026-08-09,424,"Alaska, EVA Air",2,https://www.google.com/travel/flights?q=Flights%20from%20OAK%20to%20TPE%20on%202026-08-09%20one%20way
2026-08-07T01:52:32+00:00,tpe,Taipei,TPE,OAK,2026-08-10,390,"Alaska, EVA Air",2,https://www.google.com/travel/flights?q=Flights%20from%20OAK%20to%20TPE%20on%202026-08-10%20one%20way
2026-07-25T15:51:33+00:00,tpe,Taipei,TPE,OAK,2026-08-11,427,"Alaska, EVA Air",2,https://www.google.com/travel/flights?q=Flights%20from%20OAK%20to%20TPE%20on%202026-08-11%20one%20way
2026-08-04T06:40:28+00:00,tpe,Taipei,TPE,OAK,2026-08-12,410,"Alaska, EVA Air",2,https://www.google.com/travel/flights?q=Flights%20from%20OAK%20to%20TPE%20on%202026-08-12%20one%20way
2026-08-03T08:52:37+00:00,tpe,Taipei,TPE,OAK,2026-08-13,453,Delta,2,https://www.google.com/travel/flights?q=Flights%20from%20OAK%20to%20TPE%20on%202026-08-13%20one%20way
2026-08-08T04:32:02+00:00,tpe,Taipei,TPE,OAK,2026-08-14,425,Delta,2,https://www.google.com/travel/flights?q=Flights%20from%20OAK%20to%20TPE%20on%202026-08-14%20one%20way
2026-08-09T04:48:21+00:00,tpe,Taipei,TPE,OAK,2026-08-15,419,Delta,2,https://www.google.com/travel/flights?q=Flights%20from%20OAK%20to%20TPE%20on%202026-08-15%20one%20way
2026-08-02T12:42:33+00:00,tpe,Taipei,TPE,OAK,2026-08-16,424,?,Unknown,https://www.google.com/travel/flights?q=Flights%20from%20OAK%20to%20TPE%20on%202026-08-16%20one%20way
2026-08-11T04:06:22+00:00,tpe,Taipei,TPE,OAK,2026-08-17,400,"Alaska, EVA Air",2,https://www.google.com/travel/flights?q=Flights%20from%20OAK%20to%20TPE%20on%202026-08-17%20one%20way
2026-08-07T09:43:11+00:00,tpe,Taipei,TPE,OAK,2026-08-18,419,Delta,2,https://www.google.com/travel/flights?q=Flights%20from%20OAK%20to%20TPE%20on%202026-08-18%20one%20way
2026-08-12T05:49:38+00:00,tpe,Taipei,TPE,OAK,2026-08-19,419,Delta,2,https://www.google.com/travel/flights?q=Flights%20from%20OAK%20to%20TPE%20on%202026-08-19%20one%20way
2026-08-15T03:08:02+00:00,tpe,Taipei,TPE,OAK,2026-08-20,419,?,Unknown,https://www.google.com/travel/flights?q=Flights%20from%20OAK%20to%20TPE%20on%202026-08-20%20one%20way
2026-08-16T03:28:42+00:00,tpe,Taipei,TPE,OAK,2026-08-21,419,Delta,2,https://www.google.com/travel/flights?q=Flights%20from%20OAK%20to%20TPE%20on%202026-08-21%20one%20way
2026-08-17T03:29:29+00:00,tpe,Taipei,TPE,OAK,2026-08-22,419,?,Unknown,https://www.google.com/travel/flights?q=Flights%20from%20OAK%20to%20TPE%20on%202026-08-22%20one%20way
2026-08-18T03:13:06+00:00,tpe,Taipei,TPE,OAK,2026-08-23,419,Delta,2,https://www.google.com/travel/flights?q=Flights%20from%20OAK%20to%20TPE%20on%202026-08-23%20one%20way
2026-08-21T01:57:35+00:00,tpe,Taipei,TPE,OAK,2026-08-24,419,Delta,2,https://www.google.com/travel/flights?q=Flights%20from%20OAK%20to%20TPE%20on%202026-08-24%20one%20way
2026-08-22T01:50:09+00:00,tpe,Taipei,TPE,OAK,2026-08-25,478,Delta,2,https://www.google.com/travel/flights?q=Flights%20from%20OAK%20to%20TPE%20on%202026-08-25%20one%20way
2026-08-23T01:59:42+00:00,tpe,Taipei,TPE,OAK,2026-08-26,473,"Alaska, JAL",2,https://www.google.com/travel/flights?q=Flights%20from%20OAK%20to%20TPE%20on%202026-08-26%20one%20way
2026-08-24T01:57:43+00:00,tpe,Taipei,TPE,OAK,2026-08-27,480,"Alaska, JAL",2,https://www.google.com/travel/flights?q=Flights%20from%20OAK%20to%20TPE%20on%202026-08-27%20one%20way
2026-08-25T01:52:31+00:00,tpe,Taipei,TPE,OAK,2026-08-28,479,Delta,2,https://www.google.com/travel/flights?q=Flights%20from%20OAK%20to%20TPE%20on%202026-08-28%20one%20way
2026-08-26T01:58:19+00:00,tpe,Taipei,TPE,OAK,2026-08-29,479,Delta,2,https://www.google.com/travel/flights?q=Flights%20from%20OAK%20to%20TPE%20on%202026-08-29%20one%20way
2026-08-25T03:59:31+00:00,tpe,Taipei,TPE,OAK,2026-08-30,404,?,Unknown,https://www.google.com/travel/flights?q=Flights%20from%20OAK%20to%20TPE%20on%202026-08-30%20one%20way
2026-08-26T03:17:57+00:00,tpe,Taipei,TPE,OAK,2026-08-31,391,?,Unknown,https://www.google.com/travel/flights?q=Flights%20from%20OAK%20to%20TPE%20on%202026-08-31%20one%20way
2026-08-27T03:19:35+00:00,tpe,Taipei,TPE,OAK,2026-09-01,473,?,Unknown,https://www.google.com/travel/flights?q=Flights%20from%20OAK%20to%20TPE%20on%202026-09-01%20one%20way
2026-08-30T01:15:23+00:00,tpe,Taipei,TPE,OAK,2026-09-02,453,"Alaska, JAL",2,https://www.google.com/travel/flights?q=Flights%20from%20OAK%20to%20TPE%20on%202026-09-02%20one%20way
2026-08-25T07:58:10+00:00,tpe,Taipei,TPE,OAK,2026-09-03,473,?,Unknown,https://www.google.com/travel/flights?q=Flights%20from%20OAK%20to%20TPE%20on%202026-09-03%20one%20way
2026-09-02T00:14:40+00:00,tpe,Taipei,TPE,OAK,2026-09-04,471,?,Unknown,https://www.google.com/travel/flights?q=Flights%20from%20OAK%20to%20TPE%20on%202026-09-04%20one%20way
2026-09-03T00:15:57+00:00,tpe,Taipei,TPE,OAK,2026-09-05,482,"Alaska, JAL",2,https://www.google.com/travel/flights?q=Flights%20from%20OAK%20to%20TPE%20on%202026-09-05%20one%20way
2026-08-26T09:56:58+00:00,tpe,Taipei,TPE,OAK,2026-09-06,440,"Alaska, JAL",2,https://www.google.com/travel/flights?q=Flights%20from%20OAK%20to%20TPE%20on%202026-09-06%20one%20way
2026-08-31T05:35:23+00:00,tpe,Taipei,TPE,OAK,2026-09-07,440,"Alaska, JAL",2,https://www.google.com/travel/flights?q=Flights%20from%20OAK%20to%20TPE%20on%202026-09-07%20one%20way
2026-09-02T04:34:13+00:00,tpe,Taipei,TPE,OAK,2026-09-08,440,"Alaska, JAL",2,https://www.google.com/travel/flights?q=Flights%20from%20OAK%20to%20TPE%20on%202026-09-08%20one%20way
2026-09-03T04:34:43+00:00,tpe,Taipei,TPE,OAK,2026-09-09,440,"Alaska, JAL",2,https://www.google.com/travel/flights?q=Flights%20from%20OAK%20to%20TPE%20on%202026-09-09%20one%20way
2026-09-04T04:33:42+00:00,tpe,Taipei,TPE,OAK,2026-09-10,390,"Alaska, EVA Air",2,https://www.google.com/travel/flights?q=Flights%20from%20OAK%20to%20TPE%20on%202026-09-10%20one%20way
2026-08-29T11:05:19+00:00,tpe,Taipei,TPE,OAK,2026-09-11,453,?,Unknown,https://www.google.com/travel/flights?q=Flights%20from%20OAK%20to%20TPE%20on%202026-09-11%20one%20way
2026-08-27T14:18:40+00:00,tpe,Taipei,TPE,OAK,2026-09-12,453,"Alaska, JAL",2,https://www.google.com/travel/flights?q=Flights%20from%20OAK%20to%20TPE%20on%202026-09-12%20one%20way
2026-09-02T09:37:49+00:00,tpe,Taipei,TPE,OAK,2026-09-13,440,?,Unknown,https://www.google.com/travel/flights?q=Flights%20from%20OAK%20to%20TPE%20on%202026-09-13%20one%20way
2026-09-03T09:50:38+00:00,tpe,Taipei,TPE,OAK,2026-09-14,440,"Alaska, JAL",2,https://www.google.com/travel/flights?q=Flights%20from%20OAK%20to%20TPE%20on%202026-09-14%20one%20way
2026-08-31T13:50:56+00:00,tpe,Taipei,TPE,OAK,2026-09-15,440,"Alaska, JAL",2,https://www.google.com/travel/flights?q=Flights%20from%20OAK%20to%20TPE%20on%202026-09-15%20one%20way
2026-08-26T19:18:45+00:00,tpe,Taipei,TPE,OAK,2026-09-16,440,"Alaska, JAL",2,https://www.google.com/travel/flights?q=Flights%20from%20OAK%20to%20TPE%20on%202026-09-16%20one%20way
2026-09-01T14:53:27+00:00,tpe,Taipei,TPE,OAK,2026-09-17,483,?,Unknown,https://www.google.com/travel/flights?q=Flights%20from%20OAK%20to%20TPE%20on%202026-09-17%20one%20way
2026-09-02T14:29:37+00:00,tpe,Taipei,TPE,OAK,2026-09-18,504,Delta,2,https://www.google.com/travel/flights?q=Flights%20from%20OAK%20to%20TPE%20on%202026-09-18%20one%20way
2026-09-03T14:34:41+00:00,tpe,Taipei,TPE,OAK,2026-09-19,453,?,Unknown,https://www.google.com/travel/flights?q=Flights%20from%20OAK%20to%20TPE%20on%202026-09-19%20one%20way
2026-08-24T01:57:43+00:00,tpe,Taipei,TPE,OAK,2026-09-20,473,"Alaska, JAL",2,https://www.google.com/travel/flights?q=Flights%20from%20OAK%20to%20TPE%20on%202026-09-20%20one%20way
2026-09-01T18:30:46+00:00,tpe,Taipei,TPE,OAK,2026-09-21,440,?,Unknown,https://www.google.com/travel/flights?q=Flights%20from%20OAK%20to%20TPE%20on%202026-09-21%20one%20way
2026-09-02T18:42:50+00:00,tpe,Taipei,TPE,OAK,2026-09-22,483,Delta,2,https://www.google.com/travel/flights?q=Flights%20from%20OAK%20to%20TPE%20on%202026-09-22%20one%20way
2026-09-03T18:39:20+00:00,tpe,Taipei,TPE,OAK,2026-09-23,483,Delta,2,https://www.google.com/travel/flights?q=Flights%20from%20OAK%20to%20TPE%20on%202026-09-23%20one%20way
2026-09-01T21:46:54+00:00,tpe,Taipei,TPE,OAK,2026-09-24,461,"Alaska, EVA Air",2,https://www.google.com/travel/flights?q=Flights%20from%20OAK%20to%20TPE%20on%202026-09-24%20one%20way
2026-09-02T21:49:33+00:00,tpe,Taipei,TPE,OAK,2026-09-25,560,?,Unknown,https://www.google.com/travel/flights?q=Flights%20from%20OAK%20to%20TPE%20on%202026-09-25%20one%20way
2026-09-03T21:42:38+00:00,tpe,Taipei,TPE,OAK,2026-09-26,440,"Alaska, EVA Air",2,https://www.google.com/travel/flights?q=Flights%20from%20OAK%20to%20TPE%20on%202026-09-26%20one%20way
2026-08-25T07:58:10+00:00,tpe,Taipei,TPE,OAK,2026-09-27,479,?,Unknown,https://www.google.com/travel/flights?q=Flights%20from%20OAK%20to%20TPE%20on%202026-09-27%20one%20way
2026-09-02T00:14:40+00:00,tpe,Taipei,TPE,OAK,2026-09-28,461,"Alaska, EVA Air",2,https://www.google.com/travel/flights?q=Flights%20from%20OAK%20to%20TPE%20on%202026-09-28%20one%20way
2026-09-03T00:15:57+00:00,tpe,Taipei,TPE,OAK,2026-09-29,483,Delta,2,https://www.google.com/travel/flights?q=Flights%20from%20OAK%20to%20TPE%20on%202026-09-29%20one%20way
2026-09-04T00:06:22+00:00,tpe,Taipei,TPE,OAK,2026-09-30,451,?,Unknown,https://www.google.com/travel/flights?q=Flights%20from%20OAK%20to%20TPE%20on%202026-09-30%20one%20way
2026-08-31T05:35:23+00:00,tpe,Taipei,TPE,OAK,2026-10-01,478,Delta,2,https://www.google.com/travel/flights?q=Flights%20from%20OAK%20to%20TPE%20on%202026-10-01%20one%20way
2026-09-01T05:08:23+00:00,tpe,Taipei,TPE,OAK,2026-10-02,461,"Alaska, EVA Air",2,https://www.google.com/travel/flights?q=Flights%20from%20OAK%20to%20TPE%20on%202026-10-02%20one%20way
2026-09-03T04:34:43+00:00,tpe,Taipei,TPE,OAK,2026-10-03,453,"Alaska, JAL",2,https://www.google.com/travel/flights?q=Flights%20from%20OAK%20to%20TPE%20on%202026-10-03%20one%20way
2026-09-04T04:33:42+00:00,tpe,Taipei,TPE,OAK,2026-10-04,440,"Alaska, EVA Air",2,https://www.google.com/travel/flights?q=Flights%20from%20OAK%20to%20TPE%20on%202026-10-04%20one%20way
2026-08-29T11:05:19+00:00,tpe,Taipei,TPE,OAK,2026-10-05,440,?,Unknown,https://www.google.com/travel/flights?q=Flights%20from%20OAK%20to%20TPE%20on%202026-10-05%20one%20way
2026-08-27T14:18:40+00:00,tpe,Taipei,TPE,OAK,2026-10-06,478,Delta,2,https://www.google.com/travel/flights?q=Flights%20from%20OAK%20to%20TPE%20on%202026-10-06%20one%20way
2026-09-02T09:37:49+00:00,tpe,Taipei,TPE,OAK,2026-10-07,483,Delta,2,https://www.google.com/travel/flights?q=Flights%20from%20OAK%20to%20TPE%20on%202026-10-07%20one%20way
2026-09-03T09:50:38+00:00,tpe,Taipei,TPE,OAK,2026-10-08,461,"Alaska, EVA Air",2,https://www.google.com/travel/flights?q=Flights%20from%20OAK%20to%20TPE%20on%202026-10-08%20one%20way
2026-08-31T13:50:56+00:00,tpe,Taipei,TPE,OAK,2026-10-09,583,"Alaska, China Airlines",1,https://www.google.com/travel/flights?q=Flights%20from%20OAK%20to%20TPE%20on%202026-10-09%20one%20way
2026-08-26T19:18:45+00:00,tpe,Taipei,TPE,OAK,2026-10-10,484,?,Unknown,https://www.google.com/travel/flights?q=Flights%20from%20OAK%20to%20TPE%20on%202026-10-10%20one%20way
2026-09-01T14:53:27+00:00,tpe,Taipei,TPE,OAK,2026-10-11,440,"Alaska, JAL",2,https://www.google.com/travel/flights?q=Flights%20from%20OAK%20to%20TPE%20on%202026-10-11%20one%20way
2026-09-02T14:29:37+00:00,tpe,Taipei,TPE,OAK,2026-10-12,453,"Alaska, JAL",2,https://www.google.com/travel/flights?q=Flights%20from%20OAK%20to%20TPE%20on%202026-10-12%20one%20way
2026-09-03T14:34:41+00:00,tpe,Taipei,TPE,OAK,2026-10-13,440,"Alaska, JAL",2,https://www.google.com/travel/flights?q=Flights%20from%20OAK%20to%20TPE%20on%202026-10-13%20one%20way
2026-08-24T01:57:43+00:00,tpe,Taipei,TPE,OAK,2026-10-14,500,Delta,2,https://www.google.com/travel/flights?q=Flights%20from%20OAK%20to%20TPE%20on%202026-10-14%20one%20way
2026-09-01T18:30:46+00:00,tpe,Taipei,TPE,OAK,2026-10-15,489,Delta,2,https://www.google.com/travel/flights?q=Flights%20from%20OAK%20to%20TPE%20on%202026-10-15%20one%20way
2026-09-02T18:42:50+00:00,tpe,Taipei,TPE,OAK,2026-10-16,489,Delta,2,https://www.google.com/travel/flights?q=Flights%20from%20OAK%20to%20TPE%20on%202026-10-16%20one%20way
2026-08-25T03:59:31+00:00,tpe,Taipei,TPE,OAK,2026-10-17,485,Delta,2,https://www.google.com/travel/flights?q=Flights%20from%20OAK%20to%20TPE%20on%202026-10-17%20one%20way
2026-08-30T23:30:07+00:00,tpe,Taipei,TPE,OAK,2026-10-18,440,"Alaska, Asiana Airlines",2,https://www.google.com/travel/flights?q=Flights%20from%20OAK%20to%20TPE%20on%202026-10-18%20one%20way
2026-09-02T21:49:33+00:00,tpe,Taipei,TPE,OAK,2026-10-19,483,Delta,2,https://www.google.com/travel/flights?q=Flights%20from%20OAK%20to%20TPE%20on%202026-10-19%20one%20way
2026-09-03T21:42:38+00:00,tpe,Taipei,TPE,OAK,2026-10-20,445,?,Unknown,https://www.google.com/travel/flights?q=Flights%20from%20OAK%20to%20TPE%20on%202026-10-20%20one%20way
2026-08-25T07:58:10+00:00,tpe,Taipei,TPE,OAK,2026-10-21,479,Delta,2,https://www.google.com/travel/flights?q=Flights%20from%20OAK%20to%20TPE%20on%202026-10-21%20one%20way
2026-09-02T00:14:40+00:00,tpe,Taipei,TPE,OAK,2026-10-22,483,Delta,2,https://www.google.com/travel/flights?q=Flights%20from%20OAK%20to%20TPE%20on%202026-10-22%20one%20way
2026-09-03T00:15:57+00:00,tpe,Taipei,TPE,OAK,2026-10-23,454,"Alaska, EVA Air",2,https://www.google.com/travel/flights?q=Flights%20from%20OAK%20to%20TPE%20on%202026-10-23%20one%20way
2026-09-04T00:06:22+00:00,tpe,Taipei,TPE,OAK,2026-10-24,440,?,Unknown,https://www.google.com/travel/flights?q=Flights%20from%20OAK%20to%20TPE%20on%202026-10-24%20one%20way
2026-08-31T05:35:23+00:00,tpe,Taipei,TPE,OAK,2026-10-25,440,?,Unknown,https://www.google.com/travel/flights?q=Flights%20from%20OAK%20to%20TPE%20on%202026-10-25%20one%20way
2026-09-02T04:34:13+00:00,tpe,Taipei,TPE,OAK,2026-10-26,483,?,Unknown,https://www.google.com/travel/flights?q=Flights%20from%20OAK%20to%20TPE%20on%202026-10-26%20one%20way
2026-09-03T04:34:43+00:00,tpe,Taipei,TPE,OAK,2026-10-27,475,"Alaska, EVA Air",2,https://www.google.com/travel/flights?q=Flights%20from%20OAK%20to%20TPE%20on%202026-10-27%20one%20way
2026-09-04T04:33:42+00:00,tpe,Taipei,TPE,OAK,2026-10-28,390,"Alaska, EVA Air",2,https://www.google.com/travel/flights?q=Flights%20from%20OAK%20to%20TPE%20on%202026-10-28%20one%20way
2026-08-29T11:05:19+00:00,tpe,Taipei,TPE,OAK,2026-10-29,478,Delta,2,https://www.google.com/travel/flights?q=Flights%20from%20OAK%20to%20TPE%20on%202026-10-29%20one%20way
2026-08-27T14:18:40+00:00,tpe,Taipei,TPE,OAK,2026-10-30,461,?,Unknown,https://www.google.com/travel/flights?q=Flights%20from%20OAK%20to%20TPE%20on%202026-10-30%20one%20way
2026-09-02T09:37:49+00:00,tpe,Taipei,TPE,OAK,2026-10-31,483,?,Unknown,https://www.google.com/travel/flights?q=Flights%20from%20OAK%20to%20TPE%20on%202026-10-31%20one%20way
2026-09-03T09:50:38+00:00,tpe,Taipei,TPE,OAK,2026-11-01,483,Delta,2,https://www.google.com/travel/flights?q=Flights%20from%20OAK%20to%20TPE%20on%202026-11-01%20one%20way
2026-08-31T13:50:56+00:00,tpe,Taipei,TPE,OAK,2026-11-02,478,?,Unknown,https://www.google.com/travel/flights?q=Flights%20from%20OAK%20to%20TPE%20on%202026-11-02%20one%20way
2026-08-26T19:18:45+00:00,tpe,Taipei,TPE,OAK,2026-11-03,403,"Alaska, Asiana Airlines",2,https://www.google.com/travel/flights?q=Flights%20from%20OAK%20to%20TPE%20on%202026-11-03%20one%20way
2026-09-01T14:53:27+00:00,tpe,Taipei,TPE,OAK,2026-11-04,390,?,Unknown,https://www.google.com/travel/flights?q=Flights%20from%20OAK%20to%20TPE%20on%202026-11-04%20one%20way
2026-09-02T14:29:37+00:00,tpe,Taipei,TPE,OAK,2026-11-05,390,?,Unknown,https://www.google.com/travel/flights?q=Flights%20from%20OAK%20to%20TPE%20on%202026-11-05%20one%20way
2026-09-03T14:34:41+00:00,tpe,Taipei,TPE,OAK,2026-11-06,461,"Alaska, Asiana Airlines",2,https://www.google.com/travel/flights?q=Flights%20from%20OAK%20to%20TPE%20on%202026-11-06%20one%20way
2026-08-24T01:57:43+00:00,tpe,Taipei,TPE,OAK,2026-11-07,454,?,Unknown,https://www.google.com/travel/flights?q=Flights%20from%20OAK%20to%20TPE%20on%202026-11-07%20one%20way
2026-09-01T18:30:46+00:00,tpe,Taipei,TPE,OAK,2026-11-08,440,?,Unknown,https://www.google.com/travel/flights?q=Flights%20from%20OAK%20to%20TPE%20on%202026-11-08%20one%20way
2026-09-02T18:42:50+00:00,tpe,Taipei,TPE,OAK,2026-11-09,487,"Alaska, Jetstar",2,https://www.google.com/travel/flights?q=Flights%20from%20OAK%20to%20TPE%20on%202026-11-09%20one%20way
2026-09-03T18:39:20+00:00,tpe,Taipei,TPE,OAK,2026-11-10,483,?,Unknown,https://www.google.com/travel/flights?q=Flights%20from%20OAK%20to%20TPE%20on%202026-11-10%20one%20way
2026-09-01T21:46:54+00:00,tpe,Taipei,TPE,OAK,2026-11-11,461,"Alaska, EVA Air",2,https://www.google.com/travel/flights?q=Flights%20from%20OAK%20to%20TPE%20on%202026-11-11%20one%20way
2026-08-31T23:50:53+00:00,tpe,Taipei,TPE,OAK,2026-11-12,461,?,Unknown,https://www.google.com/travel/flights?q=Flights%20from%20OAK%20to%20TPE%20on%202026-11-12%20one%20way
2026-09-03T21:42:38+00:00,tpe,Taipei,TPE,OAK,2026-11-13,445,?,Unknown,https://www.google.com/travel/flights?q=Flights%20from%20OAK%20to%20TPE%20on%202026-11-13%20one%20way
2026-08-25T07:58:10+00:00,tpe,Taipei,TPE,OAK,2026-11-14,479,Delta,2,https://www.google.com/travel/flights?q=Flights%20from%20OAK%20to%20TPE%20on%202026-11-14%20one%20way
2026-09-02T00:14:40+00:00,tpe,Taipei,TPE,OAK,2026-11-15,483,?,Unknown,https://www.google.com/travel/flights?q=Flights%20from%20OAK%20to%20TPE%20on%202026-11-15%20one%20way
2026-09-03T00:15:57+00:00,tpe,Taipei,TPE,OAK,2026-11-16,483,?,Unknown,https://www.google.com/travel/flights?q=Flights%20from%20OAK%20to%20TPE%20on%202026-11-16%20one%20way
2026-09-04T00:06:22+00:00,tpe,Taipei,TPE,OAK,2026-11-17,445,?,Unknown,https://www.google.com/travel/flights?q=Flights%20from%20OAK%20to%20TPE%20on%202026-11-17%20one%20way
2026-08-31T05:35:23+00:00,tpe,Taipei,TPE,OAK,2026-11-18,461,"Alaska, EVA Air",2,https://www.google.com/travel/flights?q=Flights%20from%20OAK%20to%20TPE%20on%202026-11-18%20one%20way
2026-09-02T04:34:13+00:00,tpe,Taipei,TPE,OAK,2026-11-19,560,?,Unknown,https://www.google.com/travel/flights?q=Flights%20from%20OAK%20to%20TPE%20on%202026-11-19%20one%20way
2026-09-03T04:34:43+00:00,tpe,Taipei,TPE,OAK,2026-11-20,560,?,Unknown,https://www.google.com/travel/flights?q=Flights%20from%20OAK%20to%20TPE%20on%202026-11-20%20one%20way
2026-09-04T04:33:42+00:00,tpe,Taipei,TPE,OAK,2026-11-21,451,?,Unknown,https://www.google.com/travel/flights?q=Flights%20from%20OAK%20to%20TPE%20on%202026-11-21%20one%20way
2026-08-29T11:05:19+00:00,tpe,Taipei,TPE,OAK,2026-11-22,478,Delta,2,https://www.google.com/travel/flights?q=Flights%20from%20OAK%20to%20TPE%20on%202026-11-22%20one%20way
2026-08-27T14:18:40+00:00,tpe,Taipei,TPE,OAK,2026-11-23,478,Delta,2,https://www.google.com/travel/flights?q=Flights%20from%20OAK%20to%20TPE%20on%202026-11-23%20one%20way
2026-09-02T09:37:49+00:00,tpe,Taipei,TPE,OAK,2026-11-24,483,Delta,2,https://www.google.com/travel/flights?q=Flights%20from%20OAK%20to%20TPE%20on%202026-11-24%20one%20way
2026-09-03T09:50:38+00:00,tpe,Taipei,TPE,OAK,2026-11-25,461,?,Unknown,https://www.google.com/travel/flights?q=Flights%20from%20OAK%20to%20TPE%20on%202026-11-25%20one%20way
2026-08-31T13:50:56+00:00,tpe,Taipei,TPE,OAK,2026-11-26,461,?,Unknown,https://www.google.com/travel/flights?q=Flights%20from%20OAK%20to%20TPE%20on%202026-11-26%20one%20way
2026-08-26T19:18:45+00:00,tpe,Taipei,TPE,OAK,2026-11-27,390,"Alaska, Asiana Airlines",2,https://www.google.com/travel/flights?q=Flights%20from%20OAK%20to%20TPE%20on%202026-11-27%20one%20way
2026-08-25T21:44:07+00:00,tpe,Taipei,TPE,OAK,2026-11-28,479,Delta,2,https://www.google.com/travel/flights?q=Flights%20from%20OAK%20to%20TPE%20on%202026-11-28%20one%20way
2026-09-02T14:29:37+00:00,tpe,Taipei,TPE,OAK,2026-11-29,483,Delta,2,https://www.google.com/travel/flights?q=Flights%20from%20OAK%20to%20TPE%20on%202026-11-29%20one%20way
2026-09-03T14:34:41+00:00,tpe,Taipei,TPE,OAK,2026-11-30,483,Delta,2,https://www.google.com/travel/flights?q=Flights%20from%20OAK%20to%20TPE%20on%202026-11-30%20one%20way
2026-08-24T01:57:43+00:00,tpe,Taipei,TPE,OAK,2026-12-01,500,?,Unknown,https://www.google.com/travel/flights?q=Flights%20from%20OAK%20to%20TPE%20on%202026-12-01%20one%20way
2026-09-01T18:30:46+00:00,tpe,Taipei,TPE,OAK,2026-12-02,487,?,Unknown,https://www.google.com/travel/flights?q=Flights%20from%20OAK%20to%20TPE%20on%202026-12-02%20one%20way
2026-09-02T18:42:50+00:00,tpe,Taipei,TPE,OAK,2026-12-03,500,Delta,2,https://www.google.com/travel/flights?q=Flights%20from%20OAK%20to%20TPE%20on%202026-12-03%20one%20way
2026-09-03T18:39:20+00:00,tpe,Taipei,TPE,OAK,2026-12-04,500,?,Unknown,https://www.google.com/travel/flights?q=Flights%20from%20OAK%20to%20TPE%20on%202026-12-04%20one%20way
2026-09-01T21:46:54+00:00,tpe,Taipei,TPE,OAK,2026-12-05,506,Delta,2,https://www.google.com/travel/flights?q=Flights%20from%20OAK%20to%20TPE%20on%202026-12-05%20one%20way
2026-08-31T23:50:53+00:00,tpe,Taipei,TPE,OAK,2026-12-06,480,?,Unknown,https://www.google.com/travel/flights?q=Flights%20from%20OAK%20to%20TPE%20on%202026-12-06%20one%20way
2026-09-03T21:42:38+00:00,tpe,Taipei,TPE,OAK,2026-12-07,445,Delta,2,https://www.google.com/travel/flights?q=Flights%20from%20OAK%20to%20TPE%20on%202026-12-07%20one%20way
2026-08-25T07:58:10+00:00,tpe,Taipei,TPE,OAK,2026-12-08,479,?,Unknown,https://www.google.com/travel/flights?q=Flights%20from%20OAK%20to%20TPE%20on%202026-12-08%20one%20way
2026-09-02T00:14:40+00:00,tpe,Taipei,TPE,OAK,2026-12-09,487,"Alaska, Jetstar",2,https://www.google.com/travel/flights?q=Flights%20from%20OAK%20to%20TPE%20on%202026-12-09%20one%20way
2026-09-03T00:15:57+00:00,tpe,Taipei,TPE,OAK,2026-12-10,636,?,Unknown,https://www.google.com/travel/flights?q=Flights%20from%20OAK%20to%20TPE%20on%202026-12-10%20one%20way
2026-09-04T00:06:22+00:00,tpe,Taipei,TPE,OAK,2026-12-11,765,"Alaska, EVA Air",2,https://www.google.com/travel/flights?q=Flights%20from%20OAK%20to%20TPE%20on%202026-12-11%20one%20way
2026-08-31T05:35:23+00:00,tpe,Taipei,TPE,OAK,2026-12-12,773,"Alaska, Asiana Airlines",2,https://www.google.com/travel/flights?q=Flights%20from%20OAK%20to%20TPE%20on%202026-12-12%20one%20way
2026-09-02T04:34:13+00:00,tpe,Taipei,TPE,OAK,2026-12-13,677,"Alaska, Jetstar",2,https://www.google.com/travel/flights?q=Flights%20from%20OAK%20to%20TPE%20on%202026-12-13%20one%20way
2026-09-03T04:34:43+00:00,tpe,Taipei,TPE,OAK,2026-12-14,818,?,Unknown,https://www.google.com/travel/flights?q=Flights%20from%20OAK%20to%20TPE%20on%202026-12-14%20one%20way
2026-09-04T04:33:42+00:00,tpe,Taipei,TPE,OAK,2026-12-15,910,?,Unknown,https://www.google.com/travel/flights?q=Flights%20from%20OAK%20to%20TPE%20on%202026-12-15%20one%20way
2026-08-29T11:05:19+00:00,tpe,Taipei,TPE,OAK,2026-12-16,942,"Alaska, EVA Air",2,https://www.google.com/travel/flights?q=Flights%20from%20OAK%20to%20TPE%20on%202026-12-16%20one%20way
2026-08-27T14:18:40+00:00,tpe,Taipei,TPE,OAK,2026-12-17,1076,?,Unknown,https://www.google.com/travel/flights?q=Flights%20from%20OAK%20to%20TPE%20on%202026-12-17%20one%20way
2026-09-02T09:37:49+00:00,tpe,Taipei,TPE,OAK,2026-12-18,1275,"Alaska, Jetstar",2,https://www.google.com/travel/flights?q=Flights%20from%20OAK%20to%20TPE%20on%202026-12-18%20one%20way
2026-09-03T09:50:38+00:00,tpe,Taipei,TPE,OAK,2026-12-19,1195,"Alaska, STARLUX Airlines",1,https://www.google.com/travel/flights?q=Flights%20from%20OAK%20to%20TPE%20on%202026-12-19%20one%20way
2026-08-31T13:50:56+00:00,tpe,Taipei,TPE,OAK,2026-12-20,1143,?,Unknown,https://www.google.com/travel/flights?q=Flights%20from%20OAK%20to%20TPE%20on%202026-12-20%20one%20way
2026-08-25T20:45:57+00:00,tpe,Taipei,TPE,OAK,2026-12-21,1101,"Alaska, Jetstar",2,https://www.google.com/travel/flights?q=Flights%20from%20OAK%20to%20TPE%20on%202026-12-21%20one%20way
2026-08-25T21:44:07+00:00,tpe,Taipei,TPE,OAK,2026-12-22,722,"Alaska, Jetstar",2,https://www.google.com/travel/flights?q=Flights%20from%20OAK%20to%20TPE%20on%202026-12-22%20one%20way
2026-09-02T14:29:37+00:00,tpe,Taipei,TPE,OAK,2026-12-23,722,"Alaska, Jetstar",2,https://www.google.com/travel/flights?q=Flights%20from%20OAK%20to%20TPE%20on%202026-12-23%20one%20way
2026-09-03T14:34:41+00:00,tpe,Taipei,TPE,OAK,2026-12-24,1069,"Alaska, EVA Air",1,https://www.google.com/travel/flights?q=Flights%20from%20OAK%20to%20TPE%20on%202026-12-24%20one%20way
2026-08-24T01:57:43+00:00,tpe,Taipei,TPE,OAK,2026-12-25,844,?,Unknown,https://www.google.com/travel/flights?q=Flights%20from%20OAK%20to%20TPE%20on%202026-12-25%20one%20way
2026-09-01T18:30:46+00:00,tpe,Taipei,TPE,OAK,2026-12-26,647,?,Unknown,https://www.google.com/travel/flights?q=Flights%20from%20OAK%20to%20TPE%20on%202026-12-26%20one%20way
2026-09-02T18:42:50+00:00,tpe,Taipei,TPE,OAK,2026-12-27,636,?,Unknown,https://www.google.com/travel/flights?q=Flights%20from%20OAK%20to%20TPE%20on%202026-12-27%20one%20way
2026-09-03T18:39:20+00:00,tpe,Taipei,TPE,OAK,2026-12-28,630,?,Unknown,https://www.google.com/travel/flights?q=Flights%20from%20OAK%20to%20TPE%20on%202026-12-28%20one%20way
2026-09-01T21:46:54+00:00,tpe,Taipei,TPE,OAK,2026-12-29,546,"Alaska, JAL",2,https://www.google.com/travel/flights?q=Flights%20from%20OAK%20to%20TPE%20on%202026-12-29%20one%20way
2026-08-26T04:55:45+00:00,tpe,Taipei,TPE,OAK,2026-12-30,546,"Alaska, JAL",2,https://www.google.com/travel/flights?q=Flights%20from%20OAK%20to%20TPE%20on%202026-12-30%20one%20way
2026-09-03T21:42:38+00:00,tpe,Taipei,TPE,OAK,2026-12-31,546,"Alaska, JAL",2,https://www.google.com/travel/flights?q=Flights%20from%20OAK%20to%20TPE%20on%202026-12-31%20one%20way
2026-08-25T07:58:10+00:00,tpe,Taipei,TPE,OAK,2027-01-01,593,"Alaska, JAL",2,https://www.google.com/travel/flights?q=Flights%20from%20OAK%20to%20TPE%20on%202027-01-01%20one%20way
2026-09-02T00:14:40+00:00,tpe,Taipei,TPE,OAK,2027-01-02,662,"Alaska, EVA Air",1,https://www.google.com/travel/flights?q=Flights%20from%20OAK%20to%20TPE%20on%202027-01-02%20one%20way
2026-09-03T00:15:57+00:00,tpe,Taipei,TPE,OAK,2027-01-03,517,Delta,2,https://www.google.com/travel/flights?q=Flights%20from%20OAK%20to%20TPE%20on%202027-01-03%20one%20way
2026-09-04T00:06:22+00:00,tpe,Taipei,TPE,OAK,2027-01-04,452,?,Unknown,https://www.google.com/travel/flights?q=Flights%20from%20OAK%20to%20TPE%20on%202027-01-04%20one%20way
2026-08-31T05:35:23+00:00,tpe,Taipei,TPE,OAK,2027-01-05,500,Delta,2,https://www.google.com/travel/flights?q=Flights%20from%20OAK%20to%20TPE%20on%202027-01-05%20one%20way
2026-09-02T04:34:13+00:00,tpe,Taipei,TPE,OAK,2027-01-06,500,Delta,2,https://www.google.com/travel/flights?q=Flights%20from%20OAK%20to%20TPE%20on%202027-01-06%20one%20way
2026-09-03T04:34:43+00:00,tpe,Taipei,TPE,OAK,2027-01-07,500,Delta,2,https://www.google.com/travel/flights?q=Flights%20from%20OAK%20to%20TPE%20on%202027-01-07%20one%20way
2026-09-04T04:33:42+00:00,tpe,Taipei,TPE,OAK,2027-01-08,433,Delta,2,https://www.google.com/travel/flights?q=Flights%20from%20OAK%20to%20TPE%20on%202027-01-08%20one%20way
2026-08-29T11:05:19+00:00,tpe,Taipei,TPE,OAK,2027-01-09,537,?,Unknown,https://www.google.com/travel/flights?q=Flights%20from%20OAK%20to%20TPE%20on%202027-01-09%20one%20way
2026-08-27T14:18:40+00:00,tpe,Taipei,TPE,OAK,2027-01-10,517,Delta,2,https://www.google.com/travel/flights?q=Flights%20from%20OAK%20to%20TPE%20on%202027-01-10%20one%20way
2026-09-02T09:37:49+00:00,tpe,Taipei,TPE,OAK,2027-01-11,471,?,Unknown,https://www.google.com/travel/flights?q=Flights%20from%20OAK%20to%20TPE%20on%202027-01-11%20one%20way
2026-09-03T09:50:38+00:00,tpe,Taipei,TPE,OAK,2027-01-12,487,?,Unknown,https://www.google.com/travel/flights?q=Flights%20from%20OAK%20to%20TPE%20on%202027-01-12%20one%20way
2026-08-31T13:50:56+00:00,tpe,Taipei,TPE,OAK,2027-01-13,487,"Alaska, Jetstar",2,https://www.google.com/travel/flights?q=Flights%20from%20OAK%20to%20TPE%20on%202027-01-13%20one%20way
2026-08-26T19:18:45+00:00,tpe,Taipei,TPE,OAK,2027-01-14,517,?,Unknown,https://www.google.com/travel/flights?q=Flights%20from%20OAK%20to%20TPE%20on%202027-01-14%20one%20way
2026-09-01T14:53:27+00:00,tpe,Taipei,TPE,OAK,2027-01-15,517,Delta,2,https://www.google.com/travel/flights?q=Flights%20from%20OAK%20to%20TPE%20on%202027-01-15%20one%20way
2026-09-02T14:29:37+00:00,tpe,Taipei,TPE,OAK,2027-01-16,500,Delta,2,https://www.google.com/travel/flights?q=Flights%20from%20OAK%20to%20TPE%20on%202027-01-16%20one%20way
2026-09-03T14:34:41+00:00,tpe,Taipei,TPE,OAK,2027-01-17,500,?,Unknown,https://www.google.com/travel/flights?q=Flights%20from%20OAK%20to%20TPE%20on%202027-01-17%20one%20way
2026-08-24T01:57:43+00:00,tpe,Taipei,TPE,OAK,2027-01-18,500,Delta,2,https://www.google.com/travel/flights?q=Flights%20from%20OAK%20to%20TPE%20on%202027-01-18%20one%20way
2026-09-01T18:30:46+00:00,tpe,Taipei,TPE,OAK,2027-01-19,500,?,Unknown,https://www.google.com/travel/flights?q=Flights%20from%20OAK%20to%20TPE%20on%202027-01-19%20one%20way
2026-09-02T18:42:50+00:00,tpe,Taipei,TPE,OAK,2027-01-20,500,Delta,2,https://www.google.com/travel/flights?q=Flights%20from%20OAK%20to%20TPE%20on%202027-01-20%20one%20way
2026-09-03T18:39:20+00:00,tpe,Taipei,TPE,OAK,2027-01-21,500,?,Unknown,https://www.google.com/travel/flights?q=Flights%20from%20OAK%20to%20TPE%20on%202027-01-21%20one%20way
2026-09-01T21:46:54+00:00,tpe,Taipei,TPE,OAK,2027-01-22,500,?,Unknown,https://www.google.com/travel/flights?q=Flights%20from%20OAK%20to%20TPE%20on%202027-01-22%20one%20way
2026-09-02T21:49:33+00:00,tpe,Taipei,TPE,OAK,2027-01-23,500,?,Unknown,https://www.google.com/travel/flights?q=Flights%20from%20OAK%20to%20TPE%20on%202027-01-23%20one%20way
2026-09-03T21:42:38+00:00,tpe,Taipei,TPE,OAK,2027-01-24,433,?,Unknown,https://www.google.com/travel/flights?q=Flights%20from%20OAK%20to%20TPE%20on%202027-01-24%20one%20way
2026-08-25T07:58:10+00:00,tpe,Taipei,TPE,OAK,2027-01-25,479,?,Unknown,https://www.google.com/travel/flights?q=Flights%20from%20OAK%20to%20TPE%20on%202027-01-25%20one%20way
2026-09-02T00:14:40+00:00,tpe,Taipei,TPE,OAK,2027-01-26,500,?,Unknown,https://www.google.com/travel/flights?q=Flights%20from%20OAK%20to%20TPE%20on%202027-01-26%20one%20way
2026-09-03T00:15:57+00:00,tpe,Taipei,TPE,OAK,2027-01-27,500,?,Unknown,https://www.google.com/travel/flights?q=Flights%20from%20OAK%20to%20TPE%20on%202027-01-27%20one%20way
2026-09-04T00:06:22+00:00,tpe,Taipei,TPE,OAK,2027-01-28,433,Delta,2,https://www.google.com/travel/flights?q=Flights%20from%20OAK%20to%20TPE%20on%202027-01-28%20one%20way
2026-08-31T05:35:23+00:00,tpe,Taipei,TPE,OAK,2027-01-29,572,"Alaska, China Airlines",1,https://www.google.com/travel/flights?q=Flights%20from%20OAK%20to%20TPE%20on%202027-01-29%20one%20way
2026-09-02T04:34:13+00:00,tpe,Taipei,TPE,OAK,2027-01-30,517,Delta,2,https://www.google.com/travel/flights?q=Flights%20from%20OAK%20to%20TPE%20on%202027-01-30%20one%20way
2026-09-03T04:34:43+00:00,tpe,Taipei,TPE,OAK,2027-01-31,517,?,Unknown,https://www.google.com/travel/flights?q=Flights%20from%20OAK%20to%20TPE%20on%202027-01-31%20one%20way
2026-09-04T04:33:42+00:00,tpe,Taipei,TPE,OAK,2027-02-01,433,Delta,2,https://www.google.com/travel/flights?q=Flights%20from%20OAK%20to%20TPE%20on%202027-02-01%20one%20way
2026-08-29T11:05:19+00:00,tpe,Taipei,TPE,OAK,2027-02-02,500,Delta,2,https://www.google.com/travel/flights?q=Flights%20from%20OAK%20to%20TPE%20on%202027-02-02%20one%20way
2026-08-27T14:18:40+00:00,tpe,Taipei,TPE,OAK,2027-02-03,500,Delta,2,https://www.google.com/travel/flights?q=Flights%20from%20OAK%20to%20TPE%20on%202027-02-03%20one%20way
2026-09-02T09:37:49+00:00,tpe,Taipei,TPE,OAK,2027-02-04,500,Delta,2,https://www.google.com/travel/flights?q=Flights%20from%20OAK%20to%20TPE%20on%202027-02-04%20one%20way
2026-09-03T09:50:38+00:00,tpe,Taipei,TPE,OAK,2027-02-05,576,?,Unknown,https://www.google.com/travel/flights?q=Flights%20from%20OAK%20to%20TPE%20on%202027-02-05%20one%20way
2026-08-31T13:50:56+00:00,tpe,Taipei,TPE,OAK,2027-02-06,576,?,Unknown,https://www.google.com/travel/flights?q=Flights%20from%20OAK%20to%20TPE%20on%202027-02-06%20one%20way
2026-08-25T20:45:57+00:00,tpe,Taipei,TPE,OAK,2027-02-07,479,?,Unknown,https://www.google.com/travel/flights?q=Flights%20from%20OAK%20to%20TPE%20on%202027-02-07%20one%20way
2026-09-01T14:53:27+00:00,tpe,Taipei,TPE,OAK,2027-02-08,516,?,Unknown,https://www.google.com/travel/flights?q=Flights%20from%20OAK%20to%20TPE%20on%202027-02-08%20one%20way
2026-09-02T14:29:37+00:00,tpe,Taipei,TPE,OAK,2027-02-09,516,?,Unknown,https://www.google.com/travel/flights?q=Flights%20from%20OAK%20to%20TPE%20on%202027-02-09%20one%20way
2026-09-03T14:34:41+00:00,tpe,Taipei,TPE,OAK,2027-02-10,516,"Alaska, Cathay Pacific",2,https://www.google.com/travel/flights?q=Flights%20from%20OAK%20to%20TPE%20on%202027-02-10%20one%20way
2026-08-24T01:57:43+00:00,tpe,Taipei,TPE,OAK,2027-02-11,568,?,Unknown,https://www.google.com/travel/flights?q=Flights%20from%20OAK%20to%20TPE%20on%202027-02-11%20one%20way
2026-08-28T22:20:18+00:00,tpe,Taipei,TPE,OAK,2027-02-12,589,"Alaska, Cathay Pacific",3,https://www.google.com/travel/flights?q=Flights%20from%20OAK%20to%20TPE%20on%202027-02-12%20one%20way
2026-09-02T18:42:50+00:00,tpe,Taipei,TPE,OAK,2027-02-13,585,?,Unknown,https://www.google.com/travel/flights?q=Flights%20from%20OAK%20to%20TPE%20on%202027-02-13%20one%20way
2026-09-03T18:39:20+00:00,tpe,Taipei,TPE,OAK,2027-02-14,500,?,Unknown,https://www.google.com/travel/flights?q=Flights%20from%20OAK%20to%20TPE%20on%202027-02-14%20one%20way
2026-09-01T21:46:54+00:00,tpe,Taipei,TPE,OAK,2027-02-15,500,Delta,2,https://www.google.com/travel/flights?q=Flights%20from%20OAK%20to%20TPE%20on%202027-02-15%20one%20way
2026-08-31T23:50:53+00:00,tpe,Taipei,TPE,OAK,2027-02-16,500,?,Unknown,https://www.google.com/travel/flights?q=Flights%20from%20OAK%20to%20TPE%20on%202027-02-16%20one%20way
2026-09-03T21:42:38+00:00,tpe,Taipei,TPE,OAK,2027-02-17,433,Delta,2,https://www.google.com/travel/flights?q=Flights%20from%20OAK%20to%20TPE%20on%202027-02-17%20one%20way
2026-08-25T07:58:10+00:00,tpe,Taipei,TPE,OAK,2027-02-18,479,?,Unknown,https://www.google.com/travel/flights?q=Flights%20from%20OAK%20to%20TPE%20on%202027-02-18%20one%20way
2026-09-02T00:14:40+00:00,tpe,Taipei,TPE,OAK,2027-02-19,500,Delta,2,https://www.google.com/travel/flights?q=Flights%20from%20OAK%20to%20TPE%20on%202027-02-19%20one%20way
2026-09-03T00:15:57+00:00,tpe,Taipei,TPE,OAK,2027-02-20,500,Delta,2,https://www.google.com/travel/flights?q=Flights%20from%20OAK%20to%20TPE%20on%202027-02-20%20one%20way
2026-09-04T00:06:22+00:00,tpe,Taipei,TPE,OAK,2027-02-21,433,Delta,2,https://www.google.com/travel/flights?q=Flights%20from%20OAK%20to%20TPE%20on%202027-02-21%20one%20way
2026-08-31T05:35:23+00:00,tpe,Taipei,TPE,OAK,2027-02-22,500,Delta,2,https://www.google.com/travel/flights?q=Flights%20from%20OAK%20to%20TPE%20on%202027-02-22%20one%20way
2026-09-02T04:34:13+00:00,tpe,Taipei,TPE,OAK,2027-02-23,500,Delta,2,https://www.google.com/travel/flights?q=Flights%20from%20OAK%20to%20TPE%20on%202027-02-23%20one%20way
2026-09-03T04:34:43+00:00,tpe,Taipei,TPE,OAK,2027-02-24,500,?,Unknown,https://www.google.com/travel/flights?q=Flights%20from%20OAK%20to%20TPE%20on%202027-02-24%20one%20way
2026-09-04T04:33:42+00:00,tpe,Taipei,TPE,OAK,2027-02-25,433,Delta,2,https://www.google.com/travel/flights?q=Flights%20from%20OAK%20to%20TPE%20on%202027-02-25%20one%20way
2026-09-02T09:37:49+00:00,tpe,Taipei,TPE,OAK,2027-02-28,500,Delta,2,https://www.google.com/travel/flights?q=Flights%20from%20OAK%20to%20TPE%20on%202027-02-28%20one%20way
2026-09-03T09:50:38+00:00,tpe,Taipei,TPE,OAK,2027-03-01,500,?,Unknown,https://www.google.com/travel/flights?q=Flights%20from%20OAK%20to%20TPE%20on%202027-03-01%20one%20way
2026-07-22T00:12:17+00:00,tpe,Taipei,TPE,SFO,2026-07-24,501,JAL,1,https://www.google.com/travel/flights?q=Flights%20from%20SFO%20to%20TPE%20on%202026-07-24%20one%20way
2026-07-29T00:14:15+00:00,tpe,Taipei,TPE,SFO,2026-07-31,475,JAL,1,https://www.google.com/travel/flights?q=Flights%20from%20SFO%20to%20TPE%20on%202026-07-31%20one%20way
2026-07-25T06:37:16+00:00,tpe,Taipei,TPE,SFO,2026-08-02,427,?,Unknown,https://www.google.com/travel/flights?q=Flights%20from%20SFO%20to%20TPE%20on%202026-08-02%20one%20way
2026-07-28T07:59:05+00:00,tpe,Taipei,TPE,SFO,2026-08-06,428,?,Unknown,https://www.google.com/travel/flights?q=Flights%20from%20SFO%20to%20TPE%20on%202026-08-06%20one%20way
2026-07-25T11:47:25+00:00,tpe,Taipei,TPE,SFO,2026-08-07,413,"Alaska, EVA Air",2,https://www.google.com/travel/flights?q=Flights%20from%20SFO%20to%20TPE%20on%202026-08-07%20one%20way
2026-08-06T00:14:35+00:00,tpe,Taipei,TPE,SFO,2026-08-08,415,United,0,https://www.google.com/travel/flights?q=Flights%20from%20SFO%20to%20TPE%20on%202026-08-08%20one%20way
2026-08-01T06:47:22+00:00,tpe,Taipei,TPE,SFO,2026-08-09,423,United,0,https://www.google.com/travel/flights?q=Flights%20from%20SFO%20to%20TPE%20on%202026-08-09%20one%20way
2026-08-07T01:52:32+00:00,tpe,Taipei,TPE,SFO,2026-08-10,415,United,0,https://www.google.com/travel/flights?q=Flights%20from%20SFO%20to%20TPE%20on%202026-08-10%20one%20way
2026-07-25T15:51:33+00:00,tpe,Taipei,TPE,SFO,2026-08-11,427,?,Unknown,https://www.google.com/travel/flights?q=Flights%20from%20SFO%20to%20TPE%20on%202026-08-11%20one%20way
2026-08-04T06:40:28+00:00,tpe,Taipei,TPE,SFO,2026-08-12,423,United,0,https://www.google.com/travel/flights?q=Flights%20from%20SFO%20to%20TPE%20on%202026-08-12%20one%20way
2026-08-03T08:52:37+00:00,tpe,Taipei,TPE,SFO,2026-08-13,423,United,0,https://www.google.com/travel/flights?q=Flights%20from%20SFO%20to%20TPE%20on%202026-08-13%20one%20way
2026-08-08T04:32:02+00:00,tpe,Taipei,TPE,SFO,2026-08-14,415,United,0,https://www.google.com/travel/flights?q=Flights%20from%20SFO%20to%20TPE%20on%202026-08-14%20one%20way
2026-08-09T04:48:21+00:00,tpe,Taipei,TPE,SFO,2026-08-15,415,?,Unknown,https://www.google.com/travel/flights?q=Flights%20from%20SFO%20to%20TPE%20on%202026-08-15%20one%20way
2026-08-02T12:42:33+00:00,tpe,Taipei,TPE,SFO,2026-08-16,423,?,Unknown,https://www.google.com/travel/flights?q=Flights%20from%20SFO%20to%20TPE%20on%202026-08-16%20one%20way
2026-08-11T04:06:22+00:00,tpe,Taipei,TPE,SFO,2026-08-17,415,United,0,https://www.google.com/travel/flights?q=Flights%20from%20SFO%20to%20TPE%20on%202026-08-17%20one%20way
2026-08-07T09:43:11+00:00,tpe,Taipei,TPE,SFO,2026-08-18,415,?,Unknown,https://www.google.com/travel/flights?q=Flights%20from%20SFO%20to%20TPE%20on%202026-08-18%20one%20way
2026-08-12T05:49:38+00:00,tpe,Taipei,TPE,SFO,2026-08-19,415,United,0,https://www.google.com/travel/flights?q=Flights%20from%20SFO%20to%20TPE%20on%202026-08-19%20one%20way
2026-08-15T03:08:02+00:00,tpe,Taipei,TPE,SFO,2026-08-20,415,?,Unknown,https://www.google.com/travel/flights?q=Flights%20from%20SFO%20to%20TPE%20on%202026-08-20%20one%20way
2026-08-16T03:28:42+00:00,tpe,Taipei,TPE,SFO,2026-08-21,415,?,Unknown,https://www.google.com/travel/flights?q=Flights%20from%20SFO%20to%20TPE%20on%202026-08-21%20one%20way
2026-08-17T03:29:29+00:00,tpe,Taipei,TPE,SFO,2026-08-22,415,United,0,https://www.google.com/travel/flights?q=Flights%20from%20SFO%20to%20TPE%20on%202026-08-22%20one%20way
2026-08-18T03:13:06+00:00,tpe,Taipei,TPE,SFO,2026-08-23,415,United,0,https://www.google.com/travel/flights?q=Flights%20from%20SFO%20to%20TPE%20on%202026-08-23%20one%20way
2026-08-21T01:57:35+00:00,tpe,Taipei,TPE,SFO,2026-08-24,415,?,Unknown,https://www.google.com/travel/flights?q=Flights%20from%20SFO%20to%20TPE%20on%202026-08-24%20one%20way
2026-08-22T01:50:09+00:00,tpe,Taipei,TPE,SFO,2026-08-25,424,United,0,https://www.google.com/travel/flights?q=Flights%20from%20SFO%20to%20TPE%20on%202026-08-25%20one%20way
2026-08-23T01:59:42+00:00,tpe,Taipei,TPE,SFO,2026-08-26,424,United,0,https://www.google.com/travel/flights?q=Flights%20from%20SFO%20to%20TPE%20on%202026-08-26%20one%20way
2026-08-24T01:57:43+00:00,tpe,Taipei,TPE,SFO,2026-08-27,424,United,0,https://www.google.com/travel/flights?q=Flights%20from%20SFO%20to%20TPE%20on%202026-08-27%20one%20way
2026-08-25T01:52:31+00:00,tpe,Taipei,TPE,SFO,2026-08-28,440,?,Unknown,https://www.google.com/travel/flights?q=Flights%20from%20SFO%20to%20TPE%20on%202026-08-28%20one%20way
2026-08-26T01:58:19+00:00,tpe,Taipei,TPE,SFO,2026-08-29,440,United,0,https://www.google.com/travel/flights?q=Flights%20from%20SFO%20to%20TPE%20on%202026-08-29%20one%20way
2026-08-25T03:59:31+00:00,tpe,Taipei,TPE,SFO,2026-08-30,440,United,0,https://www.google.com/travel/flights?q=Flights%20from%20SFO%20to%20TPE%20on%202026-08-30%20one%20way
2026-08-26T03:17:57+00:00,tpe,Taipei,TPE,SFO,2026-08-31,424,Asiana Airlines,1,https://www.google.com/travel/flights?q=Flights%20from%20SFO%20to%20TPE%20on%202026-08-31%20one%20way
2026-08-27T03:19:35+00:00,tpe,Taipei,TPE,SFO,2026-09-01,424,Asiana Airlines,1,https://www.google.com/travel/flights?q=Flights%20from%20SFO%20to%20TPE%20on%202026-09-01%20one%20way
2026-08-30T01:15:23+00:00,tpe,Taipei,TPE,SFO,2026-09-02,424,Asiana Airlines,1,https://www.google.com/travel/flights?q=Flights%20from%20SFO%20to%20TPE%20on%202026-09-02%20one%20way
2026-08-25T07:58:10+00:00,tpe,Taipei,TPE,SFO,2026-09-03,424,Asiana Airlines,1,https://www.google.com/travel/flights?q=Flights%20from%20SFO%20to%20TPE%20on%202026-09-03%20one%20way
2026-09-02T00:14:40+00:00,tpe,Taipei,TPE,SFO,2026-09-04,479,United,0,https://www.google.com/travel/flights?q=Flights%20from%20SFO%20to%20TPE%20on%202026-09-04%20one%20way
2026-09-03T00:15:57+00:00,tpe,Taipei,TPE,SFO,2026-09-05,424,Asiana Airlines,1,https://www.google.com/travel/flights?q=Flights%20from%20SFO%20to%20TPE%20on%202026-09-05%20one%20way
2026-08-26T09:56:58+00:00,tpe,Taipei,TPE,SFO,2026-09-06,424,?,Unknown,https://www.google.com/travel/flights?q=Flights%20from%20SFO%20to%20TPE%20on%202026-09-06%20one%20way
2026-08-31T05:35:23+00:00,tpe,Taipei,TPE,SFO,2026-09-07,424,Asiana Airlines,1,https://www.google.com/travel/flights?q=Flights%20from%20SFO%20to%20TPE%20on%202026-09-07%20one%20way
2026-09-02T04:34:13+00:00,tpe,Taipei,TPE,SFO,2026-09-08,424,?,Unknown,https://www.google.com/travel/flights?q=Flights%20from%20SFO%20to%20TPE%20on%202026-09-08%20one%20way
2026-09-03T04:34:43+00:00,tpe,Taipei,TPE,SFO,2026-09-09,424,Asiana Airlines,1,https://www.google.com/travel/flights?q=Flights%20from%20SFO%20to%20TPE%20on%202026-09-09%20one%20way
2026-09-04T04:33:42+00:00,tpe,Taipei,TPE,SFO,2026-09-10,424,?,Unknown,https://www.google.com/travel/flights?q=Flights%20from%20SFO%20to%20TPE%20on%202026-09-10%20one%20way
2026-08-29T11:05:19+00:00,tpe,Taipei,TPE,SFO,2026-09-11,440,United,0,https://www.google.com/travel/flights?q=Flights%20from%20SFO%20to%20TPE%20on%202026-09-11%20one%20way
2026-08-27T14:18:40+00:00,tpe,Taipei,TPE,SFO,2026-09-12,424,Asiana Airlines,1,https://www.google.com/travel/flights?q=Flights%20from%20SFO%20to%20TPE%20on%202026-09-12%20one%20way
2026-09-02T09:37:49+00:00,tpe,Taipei,TPE,SFO,2026-09-13,424,?,Unknown,https://www.google.com/travel/flights?q=Flights%20from%20SFO%20to%20TPE%20on%202026-09-13%20one%20way
2026-09-03T09:50:38+00:00,tpe,Taipei,TPE,SFO,2026-09-14,424,Asiana Airlines,1,https://www.google.com/travel/flights?q=Flights%20from%20SFO%20to%20TPE%20on%202026-09-14%20one%20way
2026-08-31T13:50:56+00:00,tpe,Taipei,TPE,SFO,2026-09-15,424,?,Unknown,https://www.google.com/travel/flights?q=Flights%20from%20SFO%20to%20TPE%20on%202026-09-15%20one%20way
2026-08-26T19:18:45+00:00,tpe,Taipei,TPE,SFO,2026-09-16,424,Asiana Airlines,1,https://www.google.com/travel/flights?q=Flights%20from%20SFO%20to%20TPE%20on%202026-09-16%20one%20way
2026-09-01T14:53:27+00:00,tpe,Taipei,TPE,SFO,2026-09-17,424,Asiana Airlines,1,https://www.google.com/travel/flights?q=Flights%20from%20SFO%20to%20TPE%20on%202026-09-17%20one%20way
2026-09-02T14:29:37+00:00,tpe,Taipei,TPE,SFO,2026-09-18,479,?,Unknown,https://www.google.com/travel/flights?q=Flights%20from%20SFO%20to%20TPE%20on%202026-09-18%20one%20way
2026-08-29T19:24:36+00:00,tpe,Taipei,TPE,SFO,2026-09-19,424,Asiana Airlines,1,https://www.google.com/travel/flights?q=Flights%20from%20SFO%20to%20TPE%20on%202026-09-19%20one%20way
2026-08-24T01:57:43+00:00,tpe,Taipei,TPE,SFO,2026-09-20,424,United,0,https://www.google.com/travel/flights?q=Flights%20from%20SFO%20to%20TPE%20on%202026-09-20%20one%20way
2026-08-28T22:20:18+00:00,tpe,Taipei,TPE,SFO,2026-09-21,424,Asiana Airlines,1,https://www.google.com/travel/flights?q=Flights%20from%20SFO%20to%20TPE%20on%202026-09-21%20one%20way
2026-09-02T18:42:50+00:00,tpe,Taipei,TPE,SFO,2026-09-22,430,Cathay Pacific,1,https://www.google.com/travel/flights?q=Flights%20from%20SFO%20to%20TPE%20on%202026-09-22%20one%20way
2026-09-03T18:39:20+00:00,tpe,Taipei,TPE,SFO,2026-09-23,424,Asiana Airlines,1,https://www.google.com/travel/flights?q=Flights%20from%20SFO%20to%20TPE%20on%202026-09-23%20one%20way
2026-09-01T21:46:54+00:00,tpe,Taipei,TPE,SFO,2026-09-24,430,Cathay Pacific,1,https://www.google.com/travel/flights?q=Flights%20from%20SFO%20to%20TPE%20on%202026-09-24%20one%20way
2026-08-31T23:50:53+00:00,tpe,Taipei,TPE,SFO,2026-09-25,440,United,0,https://www.google.com/travel/flights?q=Flights%20from%20SFO%20to%20TPE%20on%202026-09-25%20one%20way
2026-09-03T21:42:38+00:00,tpe,Taipei,TPE,SFO,2026-09-26,479,United,0,https://www.google.com/travel/flights?q=Flights%20from%20SFO%20to%20TPE%20on%202026-09-26%20one%20way
2026-08-25T07:58:10+00:00,tpe,Taipei,TPE,SFO,2026-09-27,424,Asiana Airlines,1,https://www.google.com/travel/flights?q=Flights%20from%20SFO%20to%20TPE%20on%202026-09-27%20one%20way
2026-09-02T00:14:40+00:00,tpe,Taipei,TPE,SFO,2026-09-28,424,?,Unknown,https://www.google.com/travel/flights?q=Flights%20from%20SFO%20to%20TPE%20on%202026-09-28%20one%20way
2026-09-03T00:15:57+00:00,tpe,Taipei,TPE,SFO,2026-09-29,424,Asiana Airlines,1,https://www.google.com/travel/flights?q=Flights%20from%20SFO%20to%20TPE%20on%202026-09-29%20one%20way
2026-09-04T00:06:22+00:00,tpe,Taipei,TPE,SFO,2026-09-30,424,Asiana Airlines,1,https://www.google.com/travel/flights?q=Flights%20from%20SFO%20to%20TPE%20on%202026-09-30%20one%20way
2026-08-31T05:35:23+00:00,tpe,Taipei,TPE,SFO,2026-10-01,424,Asiana Airlines,1,https://www.google.com/travel/flights?q=Flights%20from%20SFO%20to%20TPE%20on%202026-10-01%20one%20way
2026-09-02T04:34:13+00:00,tpe,Taipei,TPE,SFO,2026-10-02,441,United,0,https://www.google.com/travel/flights?q=Flights%20from%20SFO%20to%20TPE%20on%202026-10-02%20one%20way
2026-09-03T04:34:43+00:00,tpe,Taipei,TPE,SFO,2026-10-03,424,Asiana Airlines,1,https://www.google.com/travel/flights?q=Flights%20from%20SFO%20to%20TPE%20on%202026-10-03%20one%20way
2026-09-04T04:33:42+00:00,tpe,Taipei,TPE,SFO,2026-10-04,424,Asiana Airlines,1,https://www.google.com/travel/flights?q=Flights%20from%20SFO%20to%20TPE%20on%202026-10-04%20one%20way
2026-08-29T11:05:19+00:00,tpe,Taipei,TPE,SFO,2026-10-05,438,Philippine Airlines,1,https://www.google.com/travel/flights?q=Flights%20from%20SFO%20to%20TPE%20on%202026-10-05%20one%20way
2026-08-26T15:56:58+00:00,tpe,Taipei,TPE,SFO,2026-10-06,438,Philippine Airlines,1,https://www.google.com/travel/flights?q=Flights%20from%20SFO%20to%20TPE%20on%202026-10-06%20one%20way
2026-09-02T09:37:49+00:00,tpe,Taipei,TPE,SFO,2026-10-07,441,United,0,https://www.google.com/travel/flights?q=Flights%20from%20SFO%20to%20TPE%20on%202026-10-07%20one%20way
2026-09-03T09:50:38+00:00,tpe,Taipei,TPE,SFO,2026-10-08,441,United,0,https://www.google.com/travel/flights?q=Flights%20from%20SFO%20to%20TPE%20on%202026-10-08%20one%20way
2026-08-31T13:50:56+00:00,tpe,Taipei,TPE,SFO,2026-10-09,440,United,0,https://www.google.com/travel/flights?q=Flights%20from%20SFO%20to%20TPE%20on%202026-10-09%20one%20way
2026-08-26T19:18:45+00:00,tpe,Taipei,TPE,SFO,2026-10-10,440,United,0,https://www.google.com/travel/flights?q=Flights%20from%20SFO%20to%20TPE%20on%202026-10-10%20one%20way
2026-09-01T14:53:27+00:00,tpe,Taipei,TPE,SFO,2026-10-11,441,United,0,https://www.google.com/travel/flights?q=Flights%20from%20SFO%20to%20TPE%20on%202026-10-11%20one%20way
2026-09-02T14:29:37+00:00,tpe,Taipei,TPE,SFO,2026-10-12,424,Asiana Airlines,1,https://www.google.com/travel/flights?q=Flights%20from%20SFO%20to%20TPE%20on%202026-10-12%20one%20way
2026-09-03T14:34:41+00:00,tpe,Taipei,TPE,SFO,2026-10-13,424,?,Unknown,https://www.google.com/travel/flights?q=Flights%20from%20SFO%20to%20TPE%20on%202026-10-13%20one%20way
2026-08-24T01:57:43+00:00,tpe,Taipei,TPE,SFO,2026-10-14,424,United,0,https://www.google.com/travel/flights?q=Flights%20from%20SFO%20to%20TPE%20on%202026-10-14%20one%20way
2026-09-01T18:30:46+00:00,tpe,Taipei,TPE,SFO,2026-10-15,441,?,Unknown,https://www.google.com/travel/flights?q=Flights%20from%20SFO%20to%20TPE%20on%202026-10-15%20one%20way
2026-09-02T18:42:50+00:00,tpe,Taipei,TPE,SFO,2026-10-16,441,?,Unknown,https://www.google.com/travel/flights?q=Flights%20from%20SFO%20to%20TPE%20on%202026-10-16%20one%20way
2026-08-25T03:59:31+00:00,tpe,Taipei,TPE,SFO,2026-10-17,440,?,Unknown,https://www.google.com/travel/flights?q=Flights%20from%20SFO%20to%20TPE%20on%202026-10-17%20one%20way
2026-09-01T21:46:54+00:00,tpe,Taipei,TPE,SFO,2026-10-18,441,United,0,https://www.google.com/travel/flights?q=Flights%20from%20SFO%20to%20TPE%20on%202026-10-18%20one%20way
2026-09-02T21:49:33+00:00,tpe,Taipei,TPE,SFO,2026-10-19,441,United,0,https://www.google.com/travel/flights?q=Flights%20from%20SFO%20to%20TPE%20on%202026-10-19%20one%20way
2026-09-03T21:42:38+00:00,tpe,Taipei,TPE,SFO,2026-10-20,424,Asiana Airlines,1,https://www.google.com/travel/flights?q=Flights%20from%20SFO%20to%20TPE%20on%202026-10-20%20one%20way
2026-08-25T07:58:10+00:00,tpe,Taipei,TPE,SFO,2026-10-21,424,Asiana Airlines,1,https://www.google.com/travel/flights?q=Flights%20from%20SFO%20to%20TPE%20on%202026-10-21%20one%20way
2026-09-02T00:14:40+00:00,tpe,Taipei,TPE,SFO,2026-10-22,441,United,0,https://www.google.com/travel/flights?q=Flights%20from%20SFO%20to%20TPE%20on%202026-10-22%20one%20way
2026-09-03T00:15:57+00:00,tpe,Taipei,TPE,SFO,2026-10-23,441,United,0,https://www.google.com/travel/flights?q=Flights%20from%20SFO%20to%20TPE%20on%202026-10-23%20one%20way
2026-09-04T00:06:22+00:00,tpe,Taipei,TPE,SFO,2026-10-24,424,Asiana Airlines,1,https://www.google.com/travel/flights?q=Flights%20from%20SFO%20to%20TPE%20on%202026-10-24%20one%20way
2026-08-31T05:35:23+00:00,tpe,Taipei,TPE,SFO,2026-10-25,424,Asiana Airlines,1,https://www.google.com/travel/flights?q=Flights%20from%20SFO%20to%20TPE%20on%202026-10-25%20one%20way
2026-09-02T04:34:13+00:00,tpe,Taipei,TPE,SFO,2026-10-26,424,?,Unknown,https://www.google.com/travel/flights?q=Flights%20from%20SFO%20to%20TPE%20on%202026-10-26%20one%20way
2026-09-03T04:34:43+00:00,tpe,Taipei,TPE,SFO,2026-10-27,424,Asiana Airlines,1,https://www.google.com/travel/flights?q=Flights%20from%20SFO%20to%20TPE%20on%202026-10-27%20one%20way
2026-09-04T04:33:42+00:00,tpe,Taipei,TPE,SFO,2026-10-28,424,Asiana Airlines,1,https://www.google.com/travel/flights?q=Flights%20from%20SFO%20to%20TPE%20on%202026-10-28%20one%20way
2026-08-29T11:05:19+00:00,tpe,Taipei,TPE,SFO,2026-10-29,424,?,Unknown,https://www.google.com/travel/flights?q=Flights%20from%20SFO%20to%20TPE%20on%202026-10-29%20one%20way
2026-08-27T14:18:40+00:00,tpe,Taipei,TPE,SFO,2026-10-30,440,United,0,https://www.google.com/travel/flights?q=Flights%20from%20SFO%20to%20TPE%20on%202026-10-30%20one%20way
2026-09-02T09:37:49+00:00,tpe,Taipei,TPE,SFO,2026-10-31,424,?,Unknown,https://www.google.com/travel/flights?q=Flights%20from%20SFO%20to%20TPE%20on%202026-10-31%20one%20way
2026-09-03T09:50:38+00:00,tpe,Taipei,TPE,SFO,2026-11-01,424,?,Unknown,https://www.google.com/travel/flights?q=Flights%20from%20SFO%20to%20TPE%20on%202026-11-01%20one%20way
2026-08-31T13:50:56+00:00,tpe,Taipei,TPE,SFO,2026-11-02,424,Asiana Airlines,1,https://www.google.com/travel/flights?q=Flights%20from%20SFO%20to%20TPE%20on%202026-11-02%20one%20way
2026-08-26T19:18:45+00:00,tpe,Taipei,TPE,SFO,2026-11-03,424,?,Unknown,https://www.google.com/travel/flights?q=Flights%20from%20SFO%20to%20TPE%20on%202026-11-03%20one%20way
2026-09-01T14:53:27+00:00,tpe,Taipei,TPE,SFO,2026-11-04,430,Cathay Pacific,1,https://www.google.com/travel/flights?q=Flights%20from%20SFO%20to%20TPE%20on%202026-11-04%20one%20way
2026-09-02T14:29:37+00:00,tpe,Taipei,TPE,SFO,2026-11-05,438,?,Unknown,https://www.google.com/travel/flights?q=Flights%20from%20SFO%20to%20TPE%20on%202026-11-05%20one%20way
2026-08-29T19:24:36+00:00,tpe,Taipei,TPE,SFO,2026-11-06,440,United,0,https://www.google.com/travel/flights?q=Flights%20from%20SFO%20to%20TPE%20on%202026-11-06%20one%20way
2026-08-24T01:57:43+00:00,tpe,Taipei,TPE,SFO,2026-11-07,424,?,Unknown,https://www.google.com/travel/flights?q=Flights%20from%20SFO%20to%20TPE%20on%202026-11-07%20one%20way
2026-09-01T18:30:46+00:00,tpe,Taipei,TPE,SFO,2026-11-08,424,?,Unknown,https://www.google.com/travel/flights?q=Flights%20from%20SFO%20to%20TPE%20on%202026-11-08%20one%20way
2026-09-02T18:42:50+00:00,tpe,Taipei,TPE,SFO,2026-11-09,424,Asiana Airlines,1,https://www.google.com/travel/flights?q=Flights%20from%20SFO%20to%20TPE%20on%202026-11-09%20one%20way
2026-09-03T18:39:20+00:00,tpe,Taipei,TPE,SFO,2026-11-10,424,Asiana Airlines,1,https://www.google.com/travel/flights?q=Flights%20from%20SFO%20to%20TPE%20on%202026-11-10%20one%20way
2026-09-01T21:46:54+00:00,tpe,Taipei,TPE,SFO,2026-11-11,424,Asiana Airlines,1,https://www.google.com/travel/flights?q=Flights%20from%20SFO%20to%20TPE%20on%202026-11-11%20one%20way
2026-09-02T21:49:33+00:00,tpe,Taipei,TPE,SFO,2026-11-12,438,?,Unknown,https://www.google.com/travel/flights?q=Flights%20from%20SFO%20to%20TPE%20on%202026-11-12%20one%20way
2026-09-03T21:42:38+00:00,tpe,Taipei,TPE,SFO,2026-11-13,441,United,0,https://www.google.com/travel/flights?q=Flights%20from%20SFO%20to%20TPE%20on%202026-11-13%20one%20way
2026-08-25T07:58:10+00:00,tpe,Taipei,TPE,SFO,2026-11-14,424,Asiana Airlines,1,https://www.google.com/travel/flights?q=Flights%20from%20SFO%20to%20TPE%20on%202026-11-14%20one%20way
2026-09-02T00:14:40+00:00,tpe,Taipei,TPE,SFO,2026-11-15,424,Asiana Airlines,1,https://www.google.com/travel/flights?q=Flights%20from%20SFO%20to%20TPE%20on%202026-11-15%20one%20way
2026-09-03T00:15:57+00:00,tpe,Taipei,TPE,SFO,2026-11-16,424,Asiana Airlines,1,https://www.google.com/travel/flights?q=Flights%20from%20SFO%20to%20TPE%20on%202026-11-16%20one%20way
2026-09-04T00:06:22+00:00,tpe,Taipei,TPE,SFO,2026-11-17,441,?,Unknown,https://www.google.com/travel/flights?q=Flights%20from%20SFO%20to%20TPE%20on%202026-11-17%20one%20way
2026-08-31T05:35:23+00:00,tpe,Taipei,TPE,SFO,2026-11-18,535,United,2,https://www.google.com/travel/flights?q=Flights%20from%20SFO%20to%20TPE%20on%202026-11-18%20one%20way
2026-09-02T04:34:13+00:00,tpe,Taipei,TPE,SFO,2026-11-19,553,United,0,https://www.google.com/travel/flights?q=Flights%20from%20SFO%20to%20TPE%20on%202026-11-19%20one%20way
2026-09-03T04:34:43+00:00,tpe,Taipei,TPE,SFO,2026-11-20,623,Delta,1,https://www.google.com/travel/flights?q=Flights%20from%20SFO%20to%20TPE%20on%202026-11-20%20one%20way
2026-09-04T04:33:42+00:00,tpe,Taipei,TPE,SFO,2026-11-21,612,?,Unknown,https://www.google.com/travel/flights?q=Flights%20from%20SFO%20to%20TPE%20on%202026-11-21%20one%20way
2026-08-29T11:05:19+00:00,tpe,Taipei,TPE,SFO,2026-11-22,424,Asiana Airlines,1,https://www.google.com/travel/flights?q=Flights%20from%20SFO%20to%20TPE%20on%202026-11-22%20one%20way
2026-08-27T14:18:40+00:00,tpe,Taipei,TPE,SFO,2026-11-23,424,Asiana Airlines,1,https://www.google.com/travel/flights?q=Flights%20from%20SFO%20to%20TPE%20on%202026-11-23%20one%20way
2026-09-02T09:37:49+00:00,tpe,Taipei,TPE,SFO,2026-11-24,424,?,Unknown,https://www.google.com/travel/flights?q=Flights%20from%20SFO%20to%20TPE%20on%202026-11-24%20one%20way
2026-09-03T09:50:38+00:00,tpe,Taipei,TPE,SFO,2026-11-25,424,Asiana Airlines,1,https://www.google.com/travel/flights?q=Flights%20from%20SFO%20to%20TPE%20on%202026-11-25%20one%20way
2026-08-31T13:50:56+00:00,tpe,Taipei,TPE,SFO,2026-11-26,424,Asiana Airlines,1,https://www.google.com/travel/flights?q=Flights%20from%20SFO%20to%20TPE%20on%202026-11-26%20one%20way
2026-08-26T19:18:45+00:00,tpe,Taipei,TPE,SFO,2026-11-27,424,Asiana Airlines,1,https://www.google.com/travel/flights?q=Flights%20from%20SFO%20to%20TPE%20on%202026-11-27%20one%20way
2026-09-01T14:53:27+00:00,tpe,Taipei,TPE,SFO,2026-11-28,424,?,Unknown,https://www.google.com/travel/flights?q=Flights%20from%20SFO%20to%20TPE%20on%202026-11-28%20one%20way
2026-09-02T14:29:37+00:00,tpe,Taipei,TPE,SFO,2026-11-29,424,Asiana Airlines,1,https://www.google.com/travel/flights?q=Flights%20from%20SFO%20to%20TPE%20on%202026-11-29%20one%20way
2026-09-03T14:34:41+00:00,tpe,Taipei,TPE,SFO,2026-11-30,424,Asiana Airlines,1,https://www.google.com/travel/flights?q=Flights%20from%20SFO%20to%20TPE%20on%202026-11-30%20one%20way
2026-08-24T01:57:43+00:00,tpe,Taipei,TPE,SFO,2026-12-01,424,United,0,https://www.google.com/travel/flights?q=Flights%20from%20SFO%20to%20TPE%20on%202026-12-01%20one%20way
2026-09-01T18:30:46+00:00,tpe,Taipei,TPE,SFO,2026-12-02,424,?,Unknown,https://www.google.com/travel/flights?q=Flights%20from%20SFO%20to%20TPE%20on%202026-12-02%20one%20way
2026-09-02T18:42:50+00:00,tpe,Taipei,TPE,SFO,2026-12-03,424,Asiana Airlines,1,https://www.google.com/travel/flights?q=Flights%20from%20SFO%20to%20TPE%20on%202026-12-03%20one%20way
2026-09-03T18:39:20+00:00,tpe,Taipei,TPE,SFO,2026-12-04,424,Asiana Airlines,1,https://www.google.com/travel/flights?q=Flights%20from%20SFO%20to%20TPE%20on%202026-12-04%20one%20way
2026-09-01T21:46:54+00:00,tpe,Taipei,TPE,SFO,2026-12-05,424,?,Unknown,https://www.google.com/travel/flights?q=Flights%20from%20SFO%20to%20TPE%20on%202026-12-05%20one%20way
2026-09-02T21:49:33+00:00,tpe,Taipei,TPE,SFO,2026-12-06,424,Asiana Airlines,1,https://www.google.com/travel/flights?q=Flights%20from%20SFO%20to%20TPE%20on%202026-12-06%20one%20way
2026-09-03T21:42:38+00:00,tpe,Taipei,TPE,SFO,2026-12-07,424,Asiana Airlines,1,https://www.google.com/travel/flights?q=Flights%20from%20SFO%20to%20TPE%20on%202026-12-07%20one%20way
2026-08-25T07:58:10+00:00,tpe,Taipei,TPE,SFO,2026-12-08,475,JAL,1,https://www.google.com/travel/flights?q=Flights%20from%20SFO%20to%20TPE%20on%202026-12-08%20one%20way
2026-09-02T00:14:40+00:00,tpe,Taipei,TPE,SFO,2026-12-09,547,"United, Jetstar",1,https://www.google.com/travel/flights?q=Flights%20from%20SFO%20to%20TPE%20on%202026-12-09%20one%20way
2026-09-03T00:15:57+00:00,tpe,Taipei,TPE,SFO,2026-12-10,638,?,Unknown,https://www.google.com/travel/flights?q=Flights%20from%20SFO%20to%20TPE%20on%202026-12-10%20one%20way
2026-09-04T00:06:22+00:00,tpe,Taipei,TPE,SFO,2026-12-11,870,?,Unknown,https://www.google.com/travel/flights?q=Flights%20from%20SFO%20to%20TPE%20on%202026-12-11%20one%20way
2026-08-31T05:35:23+00:00,tpe,Taipei,TPE,SFO,2026-12-12,970,?,Unknown,https://www.google.com/travel/flights?q=Flights%20from%20SFO%20to%20TPE%20on%202026-12-12%20one%20way
2026-09-02T04:34:13+00:00,tpe,Taipei,TPE,SFO,2026-12-13,825,Delta,1,https://www.google.com/travel/flights?q=Flights%20from%20SFO%20to%20TPE%20on%202026-12-13%20one%20way
2026-09-03T04:34:43+00:00,tpe,Taipei,TPE,SFO,2026-12-14,784,"Korean Air, Asiana Airlines",1,https://www.google.com/travel/flights?q=Flights%20from%20SFO%20to%20TPE%20on%202026-12-14%20one%20way
2026-09-04T04:33:42+00:00,tpe,Taipei,TPE,SFO,2026-12-15,674,Korean Air,1,https://www.google.com/travel/flights?q=Flights%20from%20SFO%20to%20TPE%20on%202026-12-15%20one%20way
2026-08-26T14:04:39+00:00,tpe,Taipei,TPE,SFO,2026-12-16,1067,"Korean Air, Asiana Airlines",1,https://www.google.com/travel/flights?q=Flights%20from%20SFO%20to%20TPE%20on%202026-12-16%20one%20way
2026-08-27T14:18:40+00:00,tpe,Taipei,TPE,SFO,2026-12-17,1181,"Air Canada, EVA Air",2,https://www.google.com/travel/flights?q=Flights%20from%20SFO%20to%20TPE%20on%202026-12-17%20one%20way
2026-09-02T09:37:49+00:00,tpe,Taipei,TPE,SFO,2026-12-18,1768,?,Unknown,https://www.google.com/travel/flights?q=Flights%20from%20SFO%20to%20TPE%20on%202026-12-18%20one%20way
2026-09-03T09:50:38+00:00,tpe,Taipei,TPE,SFO,2026-12-19,1385,EVA Air,0,https://www.google.com/travel/flights?q=Flights%20from%20SFO%20to%20TPE%20on%202026-12-19%20one%20way
2026-08-31T13:50:56+00:00,tpe,Taipei,TPE,SFO,2026-12-20,1161,"Air Canada, EVA Air",2,https://www.google.com/travel/flights?q=Flights%20from%20SFO%20to%20TPE%20on%202026-12-20%20one%20way
2026-08-26T19:18:45+00:00,tpe,Taipei,TPE,SFO,2026-12-21,1067,"Korean Air, Asiana Airlines",1,https://www.google.com/travel/flights?q=Flights%20from%20SFO%20to%20TPE%20on%202026-12-21%20one%20way
2026-09-01T14:53:27+00:00,tpe,Taipei,TPE,SFO,2026-12-22,839,"Delta, Korean Air",2,https://www.google.com/travel/flights?q=Flights%20from%20SFO%20to%20TPE%20on%202026-12-22%20one%20way
2026-09-02T14:29:37+00:00,tpe,Taipei,TPE,SFO,2026-12-23,961,?,Unknown,https://www.google.com/travel/flights?q=Flights%20from%20SFO%20to%20TPE%20on%202026-12-23%20one%20way
2026-09-03T14:34:41+00:00,tpe,Taipei,TPE,SFO,2026-12-24,640,"Delta, Korean Air",2,https://www.google.com/travel/flights?q=Flights%20from%20SFO%20to%20TPE%20on%202026-12-24%20one%20way
2026-08-24T01:57:43+00:00,tpe,Taipei,TPE,SFO,2026-12-25,630,Delta,1,https://www.google.com/travel/flights?q=Flights%20from%20SFO%20to%20TPE%20on%202026-12-25%20one%20way
2026-09-01T18:30:46+00:00,tpe,Taipei,TPE,SFO,2026-12-26,641,Delta,1,https://www.google.com/travel/flights?q=Flights%20from%20SFO%20to%20TPE%20on%202026-12-26%20one%20way
2026-09-02T18:42:50+00:00,tpe,Taipei,TPE,SFO,2026-12-27,616,?,Unknown,https://www.google.com/travel/flights?q=Flights%20from%20SFO%20to%20TPE%20on%202026-12-27%20one%20way
2026-09-03T18:39:20+00:00,tpe,Taipei,TPE,SFO,2026-12-28,486,JAL,1,https://www.google.com/travel/flights?q=Flights%20from%20SFO%20to%20TPE%20on%202026-12-28%20one%20way
2026-09-01T21:46:54+00:00,tpe,Taipei,TPE,SFO,2026-12-29,486,JAL,1,https://www.google.com/travel/flights?q=Flights%20from%20SFO%20to%20TPE%20on%202026-12-29%20one%20way
2026-09-02T21:49:33+00:00,tpe,Taipei,TPE,SFO,2026-12-30,486,JAL,1,https://www.google.com/travel/flights?q=Flights%20from%20SFO%20to%20TPE%20on%202026-12-30%20one%20way
2026-08-30T01:15:23+00:00,tpe,Taipei,TPE,SFO,2026-12-31,486,JAL,1,https://www.google.com/travel/flights?q=Flights%20from%20SFO%20to%20TPE%20on%202026-12-31%20one%20way
2026-08-25T07:58:10+00:00,tpe,Taipei,TPE,SFO,2027-01-01,479,Delta,1,https://www.google.com/travel/flights?q=Flights%20from%20SFO%20to%20TPE%20on%202027-01-01%20one%20way
2026-09-02T00:14:40+00:00,tpe,Taipei,TPE,SFO,2027-01-02,429,?,Unknown,https://www.google.com/travel/flights?q=Flights%20from%20SFO%20to%20TPE%20on%202027-01-02%20one%20way
2026-09-03T00:15:57+00:00,tpe,Taipei,TPE,SFO,2027-01-03,429,United,0,https://www.google.com/travel/flights?q=Flights%20from%20SFO%20to%20TPE%20on%202027-01-03%20one%20way
2026-09-04T00:06:22+00:00,tpe,Taipei,TPE,SFO,2027-01-04,429,?,Unknown,https://www.google.com/travel/flights?q=Flights%20from%20SFO%20to%20TPE%20on%202027-01-04%20one%20way
2026-08-31T05:35:23+00:00,tpe,Taipei,TPE,SFO,2027-01-05,496,United,0,https://www.google.com/travel/flights?q=Flights%20from%20SFO%20to%20TPE%20on%202027-01-05%20one%20way
2026-09-02T04:34:13+00:00,tpe,Taipei,TPE,SFO,2027-01-06,429,United,0,https://www.google.com/travel/flights?q=Flights%20from%20SFO%20to%20TPE%20on%202027-01-06%20one%20way
2026-09-03T04:34:43+00:00,tpe,Taipei,TPE,SFO,2027-01-07,429,?,Unknown,https://www.google.com/travel/flights?q=Flights%20from%20SFO%20to%20TPE%20on%202027-01-07%20one%20way
2026-09-04T04:33:42+00:00,tpe,Taipei,TPE,SFO,2027-01-08,429,?,Unknown,https://www.google.com/travel/flights?q=Flights%20from%20SFO%20to%20TPE%20on%202027-01-08%20one%20way
2026-08-29T11:05:19+00:00,tpe,Taipei,TPE,SFO,2027-01-09,478,China Airlines,0,https://www.google.com/travel/flights?q=Flights%20from%20SFO%20to%20TPE%20on%202027-01-09%20one%20way
2026-08-27T14:18:40+00:00,tpe,Taipei,TPE,SFO,2027-01-10,486,JAL,1,https://www.google.com/travel/flights?q=Flights%20from%20SFO%20to%20TPE%20on%202027-01-10%20one%20way
2026-09-02T09:37:49+00:00,tpe,Taipei,TPE,SFO,2027-01-11,429,?,Unknown,https://www.google.com/travel/flights?q=Flights%20from%20SFO%20to%20TPE%20on%202027-01-11%20one%20way
2026-09-03T09:50:38+00:00,tpe,Taipei,TPE,SFO,2027-01-12,429,United,0,https://www.google.com/travel/flights?q=Flights%20from%20SFO%20to%20TPE%20on%202027-01-12%20one%20way
2026-08-29T15:37:50+00:00,tpe,Taipei,TPE,SFO,2027-01-13,430,Cathay Pacific,1,https://www.google.com/travel/flights?q=Flights%20from%20SFO%20to%20TPE%20on%202027-01-13%20one%20way
2026-08-26T19:18:45+00:00,tpe,Taipei,TPE,SFO,2027-01-14,475,?,Unknown,https://www.google.com/travel/flights?q=Flights%20from%20SFO%20to%20TPE%20on%202027-01-14%20one%20way
2026-09-01T14:53:27+00:00,tpe,Taipei,TPE,SFO,2027-01-15,429,United,0,https://www.google.com/travel/flights?q=Flights%20from%20SFO%20to%20TPE%20on%202027-01-15%20one%20way
2026-09-02T14:29:37+00:00,tpe,Taipei,TPE,SFO,2027-01-16,429,United,0,https://www.google.com/travel/flights?q=Flights%20from%20SFO%20to%20TPE%20on%202027-01-16%20one%20way
2026-09-03T14:34:41+00:00,tpe,Taipei,TPE,SFO,2027-01-17,429,United,0,https://www.google.com/travel/flights?q=Flights%20from%20SFO%20to%20TPE%20on%202027-01-17%20one%20way
2026-08-24T01:57:43+00:00,tpe,Taipei,TPE,SFO,2027-01-18,430,?,Unknown,https://www.google.com/travel/flights?q=Flights%20from%20SFO%20to%20TPE%20on%202027-01-18%20one%20way
2026-09-01T18:30:46+00:00,tpe,Taipei,TPE,SFO,2027-01-19,429,United,0,https://www.google.com/travel/flights?q=Flights%20from%20SFO%20to%20TPE%20on%202027-01-19%20one%20way
2026-09-02T18:42:50+00:00,tpe,Taipei,TPE,SFO,2027-01-20,429,?,Unknown,https://www.google.com/travel/flights?q=Flights%20from%20SFO%20to%20TPE%20on%202027-01-20%20one%20way
2026-09-03T18:39:20+00:00,tpe,Taipei,TPE,SFO,2027-01-21,429,United,0,https://www.google.com/travel/flights?q=Flights%20from%20SFO%20to%20TPE%20on%202027-01-21%20one%20way
2026-09-01T21:46:54+00:00,tpe,Taipei,TPE,SFO,2027-01-22,429,United,0,https://www.google.com/travel/flights?q=Flights%20from%20SFO%20to%20TPE%20on%202027-01-22%20one%20way
2026-09-02T21:49:33+00:00,tpe,Taipei,TPE,SFO,2027-01-23,429,?,Unknown,https://www.google.com/travel/flights?q=Flights%20from%20SFO%20to%20TPE%20on%202027-01-23%20one%20way
2026-09-03T21:42:38+00:00,tpe,Taipei,TPE,SFO,2027-01-24,429,?,Unknown,https://www.google.com/travel/flights?q=Flights%20from%20SFO%20to%20TPE%20on%202027-01-24%20one%20way
2026-08-25T07:58:10+00:00,tpe,Taipei,TPE,SFO,2027-01-25,430,Cathay Pacific,1,https://www.google.com/travel/flights?q=Flights%20from%20SFO%20to%20TPE%20on%202027-01-25%20one%20way
2026-09-02T00:14:40+00:00,tpe,Taipei,TPE,SFO,2027-01-26,429,United,0,https://www.google.com/travel/flights?q=Flights%20from%20SFO%20to%20TPE%20on%202027-01-26%20one%20way
2026-09-03T00:15:57+00:00,tpe,Taipei,TPE,SFO,2027-01-27,429,United,0,https://www.google.com/travel/flights?q=Flights%20from%20SFO%20to%20TPE%20on%202027-01-27%20one%20way
2026-09-04T00:06:22+00:00,tpe,Taipei,TPE,SFO,2027-01-28,429,?,Unknown,https://www.google.com/travel/flights?q=Flights%20from%20SFO%20to%20TPE%20on%202027-01-28%20one%20way
2026-08-31T05:35:23+00:00,tpe,Taipei,TPE,SFO,2027-01-29,490,Philippine Airlines,1,https://www.google.com/travel/flights?q=Flights%20from%20SFO%20to%20TPE%20on%202027-01-29%20one%20way
2026-09-02T04:34:13+00:00,tpe,Taipei,TPE,SFO,2027-01-30,429,?,Unknown,https://www.google.com/travel/flights?q=Flights%20from%20SFO%20to%20TPE%20on%202027-01-30%20one%20way
2026-09-03T04:34:43+00:00,tpe,Taipei,TPE,SFO,2027-01-31,429,United,0,https://www.google.com/travel/flights?q=Flights%20from%20SFO%20to%20TPE%20on%202027-01-31%20one%20way
2026-09-04T04:33:42+00:00,tpe,Taipei,TPE,SFO,2027-02-01,429,?,Unknown,https://www.google.com/travel/flights?q=Flights%20from%20SFO%20to%20TPE%20on%202027-02-01%20one%20way
2026-08-29T11:05:19+00:00,tpe,Taipei,TPE,SFO,2027-02-02,430,Cathay Pacific,1,https://www.google.com/travel/flights?q=Flights%20from%20SFO%20to%20TPE%20on%202027-02-02%20one%20way
2026-08-27T14:18:40+00:00,tpe,Taipei,TPE,SFO,2027-02-03,430,Cathay Pacific,1,https://www.google.com/travel/flights?q=Flights%20from%20SFO%20to%20TPE%20on%202027-02-03%20one%20way
2026-09-02T09:37:49+00:00,tpe,Taipei,TPE,SFO,2027-02-04,429,United,0,https://www.google.com/travel/flights?q=Flights%20from%20SFO%20to%20TPE%20on%202027-02-04%20one%20way
2026-08-25T18:56:40+00:00,tpe,Taipei,TPE,SFO,2027-02-05,479,Delta,2,https://www.google.com/travel/flights?q=Flights%20from%20SFO%20to%20TPE%20on%202027-02-05%20one%20way
2026-08-31T13:50:56+00:00,tpe,Taipei,TPE,SFO,2027-02-06,490,?,Unknown,https://www.google.com/travel/flights?q=Flights%20from%20SFO%20to%20TPE%20on%202027-02-06%20one%20way
2026-08-26T19:18:45+00:00,tpe,Taipei,TPE,SFO,2027-02-07,438,Philippine Airlines,1,https://www.google.com/travel/flights?q=Flights%20from%20SFO%20to%20TPE%20on%202027-02-07%20one%20way
2026-09-01T14:53:27+00:00,tpe,Taipei,TPE,SFO,2027-02-08,429,United,0,https://www.google.com/travel/flights?q=Flights%20from%20SFO%20to%20TPE%20on%202027-02-08%20one%20way
2026-09-02T14:29:37+00:00,tpe,Taipei,TPE,SFO,2027-02-09,429,?,Unknown,https://www.google.com/travel/flights?q=Flights%20from%20SFO%20to%20TPE%20on%202027-02-09%20one%20way
2026-08-29T19:24:36+00:00,tpe,Taipei,TPE,SFO,2027-02-10,475,Cathay Pacific,1,https://www.google.com/travel/flights?q=Flights%20from%20SFO%20to%20TPE%20on%202027-02-10%20one%20way
2026-08-24T01:57:43+00:00,tpe,Taipei,TPE,SFO,2027-02-11,475,United,0,https://www.google.com/travel/flights?q=Flights%20from%20SFO%20to%20TPE%20on%202027-02-11%20one%20way
2026-09-01T18:30:46+00:00,tpe,Taipei,TPE,SFO,2027-02-12,487,United,0,https://www.google.com/travel/flights?q=Flights%20from%20SFO%20to%20TPE%20on%202027-02-12%20one%20way
2026-09-02T18:42:50+00:00,tpe,Taipei,TPE,SFO,2027-02-13,500,Delta,1,https://www.google.com/travel/flights?q=Flights%20from%20SFO%20to%20TPE%20on%202027-02-13%20one%20way
2026-09-03T18:39:20+00:00,tpe,Taipei,TPE,SFO,2027-02-14,429,?,Unknown,https://www.google.com/travel/flights?q=Flights%20from%20SFO%20to%20TPE%20on%202027-02-14%20one%20way
2026-09-01T21:46:54+00:00,tpe,Taipei,TPE,SFO,2027-02-15,429,United,0,https://www.google.com/travel/flights?q=Flights%20from%20SFO%20to%20TPE%20on%202027-02-15%20one%20way
2026-09-02T21:49:33+00:00,tpe,Taipei,TPE,SFO,2027-02-16,429,?,Unknown,https://www.google.com/travel/flights?q=Flights%20from%20SFO%20to%20TPE%20on%202027-02-16%20one%20way
2026-09-03T21:42:38+00:00,tpe,Taipei,TPE,SFO,2027-02-17,429,United,0,https://www.google.com/travel/flights?q=Flights%20from%20SFO%20to%20TPE%20on%202027-02-17%20one%20way
2026-08-25T07:58:10+00:00,tpe,Taipei,TPE,SFO,2027-02-18,438,Philippine Airlines,1,https://www.google.com/travel/flights?q=Flights%20from%20SFO%20to%20TPE%20on%202027-02-18%20one%20way
2026-09-02T00:14:40+00:00,tpe,Taipei,TPE,SFO,2027-02-19,429,United,0,https://www.google.com/travel/flights?q=Flights%20from%20SFO%20to%20TPE%20on%202027-02-19%20one%20way
2026-09-03T00:15:57+00:00,tpe,Taipei,TPE,SFO,2027-02-20,429,United,0,https://www.google.com/travel/flights?q=Flights%20from%20SFO%20to%20TPE%20on%202027-02-20%20one%20way
2026-08-26T09:56:58+00:00,tpe,Taipei,TPE,SFO,2027-02-21,438,?,Unknown,https://www.google.com/travel/flights?q=Flights%20from%20SFO%20to%20TPE%20on%202027-02-21%20one%20way
2026-08-31T05:35:23+00:00,tpe,Taipei,TPE,SFO,2027-02-22,438,?,Unknown,https://www.google.com/travel/flights?q=Flights%20from%20SFO%20to%20TPE%20on%202027-02-22%20one%20way
2026-09-02T04:34:13+00:00,tpe,Taipei,TPE,SFO,2027-02-23,429,?,Unknown,https://www.google.com/travel/flights?q=Flights%20from%20SFO%20to%20TPE%20on%202027-02-23%20one%20way
2026-09-03T04:34:43+00:00,tpe,Taipei,TPE,SFO,2027-02-24,429,?,Unknown,https://www.google.com/travel/flights?q=Flights%20from%20SFO%20to%20TPE%20on%202027-02-24%20one%20way
2026-09-04T04:33:42+00:00,tpe,Taipei,TPE,SFO,2027-02-25,429,?,Unknown,https://www.google.com/travel/flights?q=Flights%20from%20SFO%20to%20TPE%20on%202027-02-25%20one%20way
2026-08-29T11:05:19+00:00,tpe,Taipei,TPE,SFO,2027-02-26,478,?,Unknown,https://www.google.com/travel/flights?q=Flights%20from%20SFO%20to%20TPE%20on%202027-02-26%20one%20way
2026-08-27T14:18:40+00:00,tpe,Taipei,TPE,SFO,2027-02-27,490,Philippine Airlines,1,https://www.google.com/travel/flights?q=Flights%20from%20SFO%20to%20TPE%20on%202027-02-27%20one%20way
2026-09-02T09:37:49+00:00,tpe,Taipei,TPE,SFO,2027-02-28,429,United,0,https://www.google.com/travel/flights?q=Flights%20from%20SFO%20to%20TPE%20on%202027-02-28%20one%20way
2026-09-03T09:50:38+00:00,tpe,Taipei,TPE,SFO,2027-03-01,429,?,Unknown,https://www.google.com/travel/flights?q=Flights%20from%20SFO%20to%20TPE%20on%202027-03-01%20one%20way
2026-08-31T13:50:56+00:00,tpe,Taipei,TPE,SFO,2027-03-02,430,?,Unknown,https://www.google.com/travel/flights?q=Flights%20from%20SFO%20to%20TPE%20on%202027-03-02%20one%20way
2026-08-25T20:45:57+00:00,tpe,Taipei,TPE,SFO,2027-03-03,430,?,Unknown,https://www.google.com/travel/flights?q=Flights%20from%20SFO%20to%20TPE%20on%202027-03-03%20one%20way
2026-09-01T14:53:27+00:00,tpe,Taipei,TPE,SFO,2027-03-04,429,United,0,https://www.google.com/travel/flights?q=Flights%20from%20SFO%20to%20TPE%20on%202027-03-04%20one%20way
2026-09-02T14:29:37+00:00,tpe,Taipei,TPE,SFO,2027-03-05,429,United,0,https://www.google.com/travel/flights?q=Flights%20from%20SFO%20to%20TPE%20on%202027-03-05%20one%20way
2026-09-03T14:34:41+00:00,tpe,Taipei,TPE,SFO,2027-03-06,429,United,0,https://www.google.com/travel/flights?q=Flights%20from%20SFO%20to%20TPE%20on%202027-03-06%20one%20way
2026-08-24T01:57:43+00:00,tpe,Taipei,TPE,SFO,2027-03-07,438,Philippine Airlines,1,https://www.google.com/travel/flights?q=Flights%20from%20SFO%20to%20TPE%20on%202027-03-07%20one%20way
2026-09-01T18:30:46+00:00,tpe,Taipei,TPE,SFO,2027-03-08,429,United,0,https://www.google.com/travel/flights?q=Flights%20from%20SFO%20to%20TPE%20on%202027-03-08%20one%20way
2026-09-02T18:42:50+00:00,tpe,Taipei,TPE,SFO,2027-03-09,429,United,0,https://www.google.com/travel/flights?q=Flights%20from%20SFO%20to%20TPE%20on%202027-03-09%20one%20way
2026-09-03T18:39:20+00:00,tpe,Taipei,TPE,SFO,2027-03-10,429,United,0,https://www.google.com/travel/flights?q=Flights%20from%20SFO%20to%20TPE%20on%202027-03-10%20one%20way
2026-09-01T21:46:54+00:00,tpe,Taipei,TPE,SFO,2027-03-11,429,United,0,https://www.google.com/travel/flights?q=Flights%20from%20SFO%20to%20TPE%20on%202027-03-11%20one%20way
2026-09-02T21:49:33+00:00,tpe,Taipei,TPE,SFO,2027-03-12,429,United,0,https://www.google.com/travel/flights?q=Flights%20from%20SFO%20to%20TPE%20on%202027-03-12%20one%20way
2026-09-03T21:42:38+00:00,tpe,Taipei,TPE,SFO,2027-03-13,429,United,0,https://www.google.com/travel/flights?q=Flights%20from%20SFO%20to%20TPE%20on%202027-03-13%20one%20way
2026-08-25T07:58:10+00:00,tpe,Taipei,TPE,SFO,2027-03-14,438,?,Unknown,https://www.google.com/travel/flights?q=Flights%20from%20SFO%20to%20TPE%20on%202027-03-14%20one%20way
2026-09-02T00:14:40+00:00,tpe,Taipei,TPE,SFO,2027-03-15,429,?,Unknown,https://www.google.com/travel/flights?q=Flights%20from%20SFO%20to%20TPE%20on%202027-03-15%20one%20way
2026-09-03T00:15:57+00:00,tpe,Taipei,TPE,SFO,2027-03-16,429,?,Unknown,https://www.google.com/travel/flights?q=Flights%20from%20SFO%20to%20TPE%20on%202027-03-16%20one%20way
2026-09-04T00:06:22+00:00,tpe,Taipei,TPE,SFO,2027-03-17,429,United,0,https://www.google.com/travel/flights?q=Flights%20from%20SFO%20to%20TPE%20on%202027-03-17%20one%20way
2026-08-31T05:35:23+00:00,tpe,Taipei,TPE,SFO,2027-03-18,470,Philippine Airlines,1,https://www.google.com/travel/flights?q=Flights%20from%20SFO%20to%20TPE%20on%202027-03-18%20one%20way
2026-09-02T04:34:13+00:00,tpe,Taipei,TPE,SFO,2027-03-19,429,United,0,https://www.google.com/travel/flights?q=Flights%20from%20SFO%20to%20TPE%20on%202027-03-19%20one%20way
2026-09-03T04:34:43+00:00,tpe,Taipei,TPE,SFO,2027-03-20,429,United,0,https://www.google.com/travel/flights?q=Flights%20from%20SFO%20to%20TPE%20on%202027-03-20%20one%20way
2026-09-04T04:33:42+00:00,tpe,Taipei,TPE,SFO,2027-03-21,429,United,0,https://www.google.com/travel/flights?q=Flights%20from%20SFO%20to%20TPE%20on%202027-03-21%20one%20way
2026-08-29T11:05:19+00:00,tpe,Taipei,TPE,SFO,2027-03-22,438,?,Unknown,https://www.google.com/travel/flights?q=Flights%20from%20SFO%20to%20TPE%20on%202027-03-22%20one%20way
2026-08-27T14:18:40+00:00,tpe,Taipei,TPE,SFO,2027-03-23,430,?,Unknown,https://www.google.com/travel/flights?q=Flights%20from%20SFO%20to%20TPE%20on%202027-03-23%20one%20way
2026-09-02T09:37:49+00:00,tpe,Taipei,TPE,SFO,2027-03-24,429,?,Unknown,https://www.google.com/travel/flights?q=Flights%20from%20SFO%20to%20TPE%20on%202027-03-24%20one%20way
2026-09-03T09:50:38+00:00,tpe,Taipei,TPE,SFO,2027-03-25,429,United,0,https://www.google.com/travel/flights?q=Flights%20from%20SFO%20to%20TPE%20on%202027-03-25%20one%20way
2026-08-31T13:50:56+00:00,tpe,Taipei,TPE,SFO,2027-03-26,496,?,Unknown,https://www.google.com/travel/flights?q=Flights%20from%20SFO%20to%20TPE%20on%202027-03-26%20one%20way
2026-08-26T19:18:45+00:00,tpe,Taipei,TPE,SFO,2027-03-27,496,?,Unknown,https://www.google.com/travel/flights?q=Flights%20from%20SFO%20to%20TPE%20on%202027-03-27%20one%20way
2026-09-01T14:53:27+00:00,tpe,Taipei,TPE,SFO,2027-03-28,429,United,0,https://www.google.com/travel/flights?q=Flights%20from%20SFO%20to%20TPE%20on%202027-03-28%20one%20way
2026-09-02T14:29:37+00:00,tpe,Taipei,TPE,SFO,2027-03-29,429,United,0,https://www.google.com/travel/flights?q=Flights%20from%20SFO%20to%20TPE%20on%202027-03-29%20one%20way
2026-09-03T14:34:41+00:00,tpe,Taipei,TPE,SFO,2027-03-30,429,United,0,https://www.google.com/travel/flights?q=Flights%20from%20SFO%20to%20TPE%20on%202027-03-30%20one%20way
2026-08-24T01:57:43+00:00,tpe,Taipei,TPE,SFO,2027-03-31,430,Cathay Pacific,1,https://www.google.com/travel/flights?q=Flights%20from%20SFO%20to%20TPE%20on%202027-03-31%20one%20way
2026-09-01T18:30:46+00:00,tpe,Taipei,TPE,SFO,2027-04-01,429,United,0,https://www.google.com/travel/flights?q=Flights%20from%20SFO%20to%20TPE%20on%202027-04-01%20one%20way
2026-09-02T18:42:50+00:00,tpe,Taipei,TPE,SFO,2027-04-02,429,?,Unknown,https://www.google.com/travel/flights?q=Flights%20from%20SFO%20to%20TPE%20on%202027-04-02%20one%20way
2026-08-25T03:59:31+00:00,tpe,Taipei,TPE,SFO,2027-04-03,484,Korean Air,1,https://www.google.com/travel/flights?q=Flights%20from%20SFO%20to%20TPE%20on%202027-04-03%20one%20way
2026-09-01T21:46:54+00:00,tpe,Taipei,TPE,SFO,2027-04-04,429,?,Unknown,https://www.google.com/travel/flights?q=Flights%20from%20SFO%20to%20TPE%20on%202027-04-04%20one%20way
2026-09-02T21:49:33+00:00,tpe,Taipei,TPE,SFO,2027-04-05,429,United,0,https://www.google.com/travel/flights?q=Flights%20from%20SFO%20to%20TPE%20on%202027-04-05%20one%20way
2026-09-03T21:42:38+00:00,tpe,Taipei,TPE,SFO,2027-04-06,429,?,Unknown,https://www.google.com/travel/flights?q=Flights%20from%20SFO%20to%20TPE%20on%202027-04-06%20one%20way
2026-08-25T07:58:10+00:00,tpe,Taipei,TPE,SFO,2027-04-07,430,Cathay Pacific,1,https://www.google.com/travel/flights?q=Flights%20from%20SFO%20to%20TPE%20on%202027-04-07%20one%20way
2026-09-02T00:14:40+00:00,tpe,Taipei,TPE,SFO,2027-04-08,429,?,Unknown,https://www.google.com/travel/flights?q=Flights%20from%20SFO%20to%20TPE%20on%202027-04-08%20one%20way
2026-08-25T09:51:44+00:00,tpe,Taipei,TPE,SFO,2027-04-09,490,Philippine Airlines,1,https://www.google.com/travel/flights?q=Flights%20from%20SFO%20to%20TPE%20on%202027-04-09%20one%20way
2026-09-04T00:06:22+00:00,tpe,Taipei,TPE,SFO,2027-04-10,429,?,Unknown,https://www.google.com/travel/flights?q=Flights%20from%20SFO%20to%20TPE%20on%202027-04-10%20one%20way
2026-08-31T05:35:23+00:00,tpe,Taipei,TPE,SFO,2027-04-11,496,United,0,https://www.google.com/travel/flights?q=Flights%20from%20SFO%20to%20TPE%20on%202027-04-11%20one%20way
2026-09-02T04:34:13+00:00,tpe,Taipei,TPE,SFO,2027-04-12,429,United,0,https://www.google.com/travel/flights?q=Flights%20from%20SFO%20to%20TPE%20on%202027-04-12%20one%20way
2026-09-03T04:34:43+00:00,tpe,Taipei,TPE,SFO,2027-04-13,429,United,0,https://www.google.com/travel/flights?q=Flights%20from%20SFO%20to%20TPE%20on%202027-04-13%20one%20way
2026-09-04T04:33:42+00:00,tpe,Taipei,TPE,SFO,2027-04-14,429,United,0,https://www.google.com/travel/flights?q=Flights%20from%20SFO%20to%20TPE%20on%202027-04-14%20one%20way
2026-08-29T11:05:19+00:00,tpe,Taipei,TPE,SFO,2027-04-15,463,?,Unknown,https://www.google.com/travel/flights?q=Flights%20from%20SFO%20to%20TPE%20on%202027-04-15%20one%20way
2026-08-27T14:18:40+00:00,tpe,Taipei,TPE,SFO,2027-04-16,490,?,Unknown,https://www.google.com/travel/flights?q=Flights%20from%20SFO%20to%20TPE%20on%202027-04-16%20one%20way
2026-09-02T09:37:49+00:00,tpe,Taipei,TPE,SFO,2027-04-17,429,United,0,https://www.google.com/travel/flights?q=Flights%20from%20SFO%20to%20TPE%20on%202027-04-17%20one%20way
2026-09-03T09:50:38+00:00,tpe,Taipei,TPE,SFO,2027-04-18,429,United,0,https://www.google.com/travel/flights?q=Flights%20from%20SFO%20to%20TPE%20on%202027-04-18%20one%20way
2026-08-31T13:50:56+00:00,tpe,Taipei,TPE,SFO,2027-04-19,438,?,Unknown,https://www.google.com/travel/flights?q=Flights%20from%20SFO%20to%20TPE%20on%202027-04-19%20one%20way
2026-08-26T19:18:45+00:00,tpe,Taipei,TPE,SFO,2027-04-20,430,?,Unknown,https://www.google.com/travel/flights?q=Flights%20from%20SFO%20to%20TPE%20on%202027-04-20%20one%20way
2026-09-01T14:53:27+00:00,tpe,Taipei,TPE,SFO,2027-04-21,429,United,0,https://www.google.com/travel/flights?q=Flights%20from%20SFO%20to%20TPE%20on%202027-04-21%20one%20way
2026-09-02T14:29:37+00:00,tpe,Taipei,TPE,SFO,2027-04-22,429,United,0,https://www.google.com/travel/flights?q=Flights%20from%20SFO%20to%20TPE%20on%202027-04-22%20one%20way
2026-09-03T14:34:41+00:00,tpe,Taipei,TPE,SFO,2027-04-23,429,?,Unknown,https://www.google.com/travel/flights?q=Flights%20from%20SFO%20to%20TPE%20on%202027-04-23%20one%20way
2026-08-24T01:57:43+00:00,tpe,Taipei,TPE,SFO,2027-04-24,463,?,Unknown,https://www.google.com/travel/flights?q=Flights%20from%20SFO%20to%20TPE%20on%202027-04-24%20one%20way
2026-09-01T18:30:46+00:00,tpe,Taipei,TPE,SFO,2027-04-25,429,United,0,https://www.google.com/travel/flights?q=Flights%20from%20SFO%20to%20TPE%20on%202027-04-25%20one%20way
2026-09-02T18:42:50+00:00,tpe,Taipei,TPE,SFO,2027-04-26,429,United,0,https://www.google.com/travel/flights?q=Flights%20from%20SFO%20to%20TPE%20on%202027-04-26%20one%20way
2026-09-03T18:39:20+00:00,tpe,Taipei,TPE,SFO,2027-04-27,429,United,0,https://www.google.com/travel/flights?q=Flights%20from%20SFO%20to%20TPE%20on%202027-04-27%20one%20way
2026-09-01T21:46:54+00:00,tpe,Taipei,TPE,SFO,2027-04-28,429,?,Unknown,https://www.google.com/travel/flights?q=Flights%20from%20SFO%20to%20TPE%20on%202027-04-28%20one%20way
2026-09-02T21:49:33+00:00,tpe,Taipei,TPE,SFO,2027-04-29,429,?,Unknown,https://www.google.com/travel/flights?q=Flights%20from%20SFO%20to%20TPE%20on%202027-04-29%20one%20way
2026-09-03T21:42:38+00:00,tpe,Taipei,TPE,SFO,2027-04-30,429,United,0,https://www.google.com/travel/flights?q=Flights%20from%20SFO%20to%20TPE%20on%202027-04-30%20one%20way
2026-08-25T07:58:10+00:00,tpe,Taipei,TPE,SFO,2027-05-01,479,?,Unknown,https://www.google.com/travel/flights?q=Flights%20from%20SFO%20to%20TPE%20on%202027-05-01%20one%20way
2026-09-02T00:14:40+00:00,tpe,Taipei,TPE,SFO,2027-05-02,429,?,Unknown,https://www.google.com/travel/flights?q=Flights%20from%20SFO%20to%20TPE%20on%202027-05-02%20one%20way
2026-09-03T00:15:57+00:00,tpe,Taipei,TPE,SFO,2027-05-03,429,United,0,https://www.google.com/travel/flights?q=Flights%20from%20SFO%20to%20TPE%20on%202027-05-03%20one%20way
2026-09-04T00:06:22+00:00,tpe,Taipei,TPE,SFO,2027-05-04,429,United,0,https://www.google.com/travel/flights?q=Flights%20from%20SFO%20to%20TPE%20on%202027-05-04%20one%20way
2026-08-31T05:35:23+00:00,tpe,Taipei,TPE,SFO,2027-05-05,475,?,Unknown,https://www.google.com/travel/flights?q=Flights%20from%20SFO%20to%20TPE%20on%202027-05-05%20one%20way
2026-09-02T04:34:13+00:00,tpe,Taipei,TPE,SFO,2027-05-06,429,United,0,https://www.google.com/travel/flights?q=Flights%20from%20SFO%20to%20TPE%20on%202027-05-06%20one%20way
2026-09-03T04:34:43+00:00,tpe,Taipei,TPE,SFO,2027-05-07,429,?,Unknown,https://www.google.com/travel/flights?q=Flights%20from%20SFO%20to%20TPE%20on%202027-05-07%20one%20way
2026-09-04T04:33:42+00:00,tpe,Taipei,TPE,SFO,2027-05-08,429,?,Unknown,https://www.google.com/travel/flights?q=Flights%20from%20SFO%20to%20TPE%20on%202027-05-08%20one%20way
2026-08-29T11:05:19+00:00,tpe,Taipei,TPE,SFO,2027-05-09,496,United,0,https://www.google.com/travel/flights?q=Flights%20from%20SFO%20to%20TPE%20on%202027-05-09%20one%20way
2026-08-27T14:18:40+00:00,tpe,Taipei,TPE,SFO,2027-05-10,438,Philippine Airlines,1,https://www.google.com/travel/flights?q=Flights%20from%20SFO%20to%20TPE%20on%202027-05-10%20one%20way
2026-09-02T09:37:49+00:00,tpe,Taipei,TPE,SFO,2027-05-11,429,?,Unknown,https://www.google.com/travel/flights?q=Flights%20from%20SFO%20to%20TPE%20on%202027-05-11%20one%20way
2026-08-25T18:56:40+00:00,tpe,Taipei,TPE,SFO,2027-05-12,475,Cathay Pacific,1,https://www.google.com/travel/flights?q=Flights%20from%20SFO%20to%20TPE%20on%202027-05-12%20one%20way
2026-08-31T13:50:56+00:00,tpe,Taipei,TPE,SFO,2027-05-13,496,?,Unknown,https://www.google.com/travel/flights?q=Flights%20from%20SFO%20to%20TPE%20on%202027-05-13%20one%20way
2026-08-26T19:18:45+00:00,tpe,Taipei,TPE,SFO,2027-05-14,490,Philippine Airlines,1,https://www.google.com/travel/flights?q=Flights%20from%20SFO%20to%20TPE%20on%202027-05-14%20one%20way
2026-09-01T14:53:27+00:00,tpe,Taipei,TPE,SFO,2027-05-15,429,United,0,https://www.google.com/travel/flights?q=Flights%20from%20SFO%20to%20TPE%20on%202027-05-15%20one%20way
2026-09-02T14:29:37+00:00,tpe,Taipei,TPE,SFO,2027-05-16,429,United,0,https://www.google.com/travel/flights?q=Flights%20from%20SFO%20to%20TPE%20on%202027-05-16%20one%20way
2026-09-03T14:34:41+00:00,tpe,Taipei,TPE,SFO,2027-05-17,429,?,Unknown,https://www.google.com/travel/flights?q=Flights%20from%20SFO%20to%20TPE%20on%202027-05-17%20one%20way
2026-08-24T01:57:43+00:00,tpe,Taipei,TPE,SFO,2027-05-18,475,?,Unknown,https://www.google.com/travel/flights?q=Flights%20from%20SFO%20to%20TPE%20on%202027-05-18%20one%20way
2026-09-01T18:30:46+00:00,tpe,Taipei,TPE,SFO,2027-05-19,429,United,0,https://www.google.com/travel/flights?q=Flights%20from%20SFO%20to%20TPE%20on%202027-05-19%20one%20way
2026-09-02T18:42:50+00:00,tpe,Taipei,TPE,SFO,2027-05-20,429,United,0,https://www.google.com/travel/flights?q=Flights%20from%20SFO%20to%20TPE%20on%202027-05-20%20one%20way
2026-09-03T18:39:20+00:00,tpe,Taipei,TPE,SFO,2027-05-21,562,China Airlines,0,https://www.google.com/travel/flights?q=Flights%20from%20SFO%20to%20TPE%20on%202027-05-21%20one%20way
2026-09-01T21:46:54+00:00,tpe,Taipei,TPE,SFO,2027-05-22,558,?,Unknown,https://www.google.com/travel/flights?q=Flights%20from%20SFO%20to%20TPE%20on%202027-05-22%20one%20way
2026-09-02T21:49:33+00:00,tpe,Taipei,TPE,SFO,2027-05-23,496,United,0,https://www.google.com/travel/flights?q=Flights%20from%20SFO%20to%20TPE%20on%202027-05-23%20one%20way
2026-09-03T21:42:38+00:00,tpe,Taipei,TPE,SFO,2027-05-24,626,?,Unknown,https://www.google.com/travel/flights?q=Flights%20from%20SFO%20to%20TPE%20on%202027-05-24%20one%20way
2026-08-25T07:58:10+00:00,tpe,Taipei,TPE,SFO,2027-05-25,626,United,0,https://www.google.com/travel/flights?q=Flights%20from%20SFO%20to%20TPE%20on%202027-05-25%20one%20way
2026-09-02T00:14:40+00:00,tpe,Taipei,TPE,SFO,2027-05-26,626,?,Unknown,https://www.google.com/travel/flights?q=Flights%20from%20SFO%20to%20TPE%20on%202027-05-26%20one%20way
2026-09-03T00:15:57+00:00,tpe,Taipei,TPE,SFO,2027-05-27,626,United,0,https://www.google.com/travel/flights?q=Flights%20from%20SFO%20to%20TPE%20on%202027-05-27%20one%20way
2026-09-04T00:06:22+00:00,tpe,Taipei,TPE,SFO,2027-05-28,632,"United, Jetstar",1,https://www.google.com/travel/flights?q=Flights%20from%20SFO%20to%20TPE%20on%202027-05-28%20one%20way
2026-08-31T05:35:23+00:00,tpe,Taipei,TPE,SFO,2027-05-29,626,United,0,https://www.google.com/travel/flights?q=Flights%20from%20SFO%20to%20TPE%20on%202027-05-29%20one%20way
2026-09-02T04:34:13+00:00,tpe,Taipei,TPE,SFO,2027-05-30,626,?,Unknown,https://www.google.com/travel/flights?q=Flights%20from%20SFO%20to%20TPE%20on%202027-05-30%20one%20way
2026-09-03T04:34:43+00:00,tpe,Taipei,TPE,SFO,2027-05-31,626,?,Unknown,https://www.google.com/travel/flights?q=Flights%20from%20SFO%20to%20TPE%20on%202027-05-31%20one%20way
2026-09-04T04:33:42+00:00,tpe,Taipei,TPE,SFO,2027-06-01,626,United,0,https://www.google.com/travel/flights?q=Flights%20from%20SFO%20to%20TPE%20on%202027-06-01%20one%20way
2026-08-29T11:05:19+00:00,tpe,Taipei,TPE,SFO,2027-06-02,626,?,Unknown,https://www.google.com/travel/flights?q=Flights%20from%20SFO%20to%20TPE%20on%202027-06-02%20one%20way
2026-08-27T14:18:40+00:00,tpe,Taipei,TPE,SFO,2027-06-03,626,United,0,https://www.google.com/travel/flights?q=Flights%20from%20SFO%20to%20TPE%20on%202027-06-03%20one%20way
2026-09-02T09:37:49+00:00,tpe,Taipei,TPE,SFO,2027-06-04,670,?,Unknown,https://www.google.com/travel/flights?q=Flights%20from%20SFO%20to%20TPE%20on%202027-06-04%20one%20way
2026-09-03T09:50:38+00:00,tpe,Taipei,TPE,SFO,2027-06-05,653,United,0,https://www.google.com/travel/flights?q=Flights%20from%20SFO%20to%20TPE%20on%202027-06-05%20one%20way
2026-08-31T13:50:56+00:00,tpe,Taipei,TPE,SFO,2027-06-06,626,United,0,https://www.google.com/travel/flights?q=Flights%20from%20SFO%20to%20TPE%20on%202027-06-06%20one%20way
2026-08-26T19:18:45+00:00,tpe,Taipei,TPE,SFO,2027-06-07,626,United,0,https://www.google.com/travel/flights?q=Flights%20from%20SFO%20to%20TPE%20on%202027-06-07%20one%20way
2026-09-01T14:53:27+00:00,tpe,Taipei,TPE,SFO,2027-06-08,632,"United, Jetstar",1,https://www.google.com/travel/flights?q=Flights%20from%20SFO%20to%20TPE%20on%202027-06-08%20one%20way
2026-09-02T14:29:37+00:00,tpe,Taipei,TPE,SFO,2027-06-09,626,United,0,https://www.google.com/travel/flights?q=Flights%20from%20SFO%20to%20TPE%20on%202027-06-09%20one%20way
2026-09-03T14:34:41+00:00,tpe,Taipei,TPE,SFO,2027-06-10,632,?,Unknown,https://www.google.com/travel/flights?q=Flights%20from%20SFO%20to%20TPE%20on%202027-06-10%20one%20way
2026-08-24T01:57:43+00:00,tpe,Taipei,TPE,SFO,2027-06-11,598,"United, Jetstar",1,https://www.google.com/travel/flights?q=Flights%20from%20SFO%20to%20TPE%20on%202027-06-11%20one%20way
2026-09-01T18:30:46+00:00,tpe,Taipei,TPE,SFO,2027-06-12,626,United,0,https://www.google.com/travel/flights?q=Flights%20from%20SFO%20to%20TPE%20on%202027-06-12%20one%20way
2026-09-02T18:42:50+00:00,tpe,Taipei,TPE,SFO,2027-06-13,626,United,0,https://www.google.com/travel/flights?q=Flights%20from%20SFO%20to%20TPE%20on%202027-06-13%20one%20way
2026-09-03T18:39:20+00:00,tpe,Taipei,TPE,SFO,2027-06-14,626,United,0,https://www.google.com/travel/flights?q=Flights%20from%20SFO%20to%20TPE%20on%202027-06-14%20one%20way
2026-09-01T21:46:54+00:00,tpe,Taipei,TPE,SFO,2027-06-15,626,?,Unknown,https://www.google.com/travel/flights?q=Flights%20from%20SFO%20to%20TPE%20on%202027-06-15%20one%20way
2026-08-31T23:50:53+00:00,tpe,Taipei,TPE,SFO,2027-06-16,626,?,Unknown,https://www.google.com/travel/flights?q=Flights%20from%20SFO%20to%20TPE%20on%202027-06-16%20one%20way
2026-09-03T21:42:38+00:00,tpe,Taipei,TPE,SFO,2027-06-17,626,?,Unknown,https://www.google.com/travel/flights?q=Flights%20from%20SFO%20to%20TPE%20on%202027-06-17%20one%20way
2026-08-25T07:58:10+00:00,tpe,Taipei,TPE,SFO,2027-06-18,626,?,Unknown,https://www.google.com/travel/flights?q=Flights%20from%20SFO%20to%20TPE%20on%202027-06-18%20one%20way
2026-09-02T00:14:40+00:00,tpe,Taipei,TPE,SFO,2027-06-19,626,United,0,https://www.google.com/travel/flights?q=Flights%20from%20SFO%20to%20TPE%20on%202027-06-19%20one%20way
2026-09-03T00:15:57+00:00,tpe,Taipei,TPE,SFO,2027-06-20,626,United,0,https://www.google.com/travel/flights?q=Flights%20from%20SFO%20to%20TPE%20on%202027-06-20%20one%20way
2026-09-04T00:06:22+00:00,tpe,Taipei,TPE,SFO,2027-06-21,626,United,0,https://www.google.com/travel/flights?q=Flights%20from%20SFO%20to%20TPE%20on%202027-06-21%20one%20way
2026-08-31T05:35:23+00:00,tpe,Taipei,TPE,SFO,2027-06-22,626,United,0,https://www.google.com/travel/flights?q=Flights%20from%20SFO%20to%20TPE%20on%202027-06-22%20one%20way
2026-09-02T04:34:13+00:00,tpe,Taipei,TPE,SFO,2027-06-23,626,?,Unknown,https://www.google.com/travel/flights?q=Flights%20from%20SFO%20to%20TPE%20on%202027-06-23%20one%20way
2026-09-03T04:34:43+00:00,tpe,Taipei,TPE,SFO,2027-06-24,626,?,Unknown,https://www.google.com/travel/flights?q=Flights%20from%20SFO%20to%20TPE%20on%202027-06-24%20one%20way
2026-09-04T04:33:42+00:00,tpe,Taipei,TPE,SFO,2027-06-25,626,?,Unknown,https://www.google.com/travel/flights?q=Flights%20from%20SFO%20to%20TPE%20on%202027-06-25%20one%20way
2026-08-29T11:05:19+00:00,tpe,Taipei,TPE,SFO,2027-06-26,626,?,Unknown,https://www.google.com/travel/flights?q=Flights%20from%20SFO%20to%20TPE%20on%202027-06-26%20one%20way
2026-08-27T14:18:40+00:00,tpe,Taipei,TPE,SFO,2027-06-27,626,United,0,https://www.google.com/travel/flights?q=Flights%20from%20SFO%20to%20TPE%20on%202027-06-27%20one%20way
2026-09-02T09:37:49+00:00,tpe,Taipei,TPE,SFO,2027-06-28,626,United,0,https://www.google.com/travel/flights?q=Flights%20from%20SFO%20to%20TPE%20on%202027-06-28%20one%20way
2026-09-03T09:50:38+00:00,tpe,Taipei,TPE,SFO,2027-06-29,586,?,Unknown,https://www.google.com/travel/flights?q=Flights%20from%20SFO%20to%20TPE%20on%202027-06-29%20one%20way
2026-08-31T13:50:56+00:00,tpe,Taipei,TPE,SFO,2027-06-30,626,United,0,https://www.google.com/travel/flights?q=Flights%20from%20SFO%20to%20TPE%20on%202027-06-30%20one%20way
2026-08-26T19:18:45+00:00,tpe,Taipei,TPE,SFO,2027-07-01,626,United,0,https://www.google.com/travel/flights?q=Flights%20from%20SFO%20to%20TPE%20on%202027-07-01%20one%20way
2026-09-01T14:53:27+00:00,tpe,Taipei,TPE,SFO,2027-07-02,626,United,0,https://www.google.com/travel/flights?q=Flights%20from%20SFO%20to%20TPE%20on%202027-07-02%20one%20way
2026-09-02T14:29:37+00:00,tpe,Taipei,TPE,SFO,2027-07-03,626,?,Unknown,https://www.google.com/travel/flights?q=Flights%20from%20SFO%20to%20TPE%20on%202027-07-03%20one%20way
2026-09-03T14:34:41+00:00,tpe,Taipei,TPE,SFO,2027-07-04,626,?,Unknown,https://www.google.com/travel/flights?q=Flights%20from%20SFO%20to%20TPE%20on%202027-07-04%20one%20way
2026-08-24T01:57:43+00:00,tpe,Taipei,TPE,SFO,2027-07-05,592,?,Unknown,https://www.google.com/travel/flights?q=Flights%20from%20SFO%20to%20TPE%20on%202027-07-05%20one%20way
2026-09-01T18:30:46+00:00,tpe,Taipei,TPE,SFO,2027-07-06,498,?,Unknown,https://www.google.com/travel/flights?q=Flights%20from%20SFO%20to%20TPE%20on%202027-07-06%20one%20way
2026-09-02T18:42:50+00:00,tpe,Taipei,TPE,SFO,2027-07-07,586,?,Unknown,https://www.google.com/travel/flights?q=Flights%20from%20SFO%20to%20TPE%20on%202027-07-07%20one%20way
2026-09-03T18:39:20+00:00,tpe,Taipei,TPE,SFO,2027-07-08,626,?,Unknown,https://www.google.com/travel/flights?q=Flights%20from%20SFO%20to%20TPE%20on%202027-07-08%20one%20way
2026-09-01T21:46:54+00:00,tpe,Taipei,TPE,SFO,2027-07-09,626,?,Unknown,https://www.google.com/travel/flights?q=Flights%20from%20SFO%20to%20TPE%20on%202027-07-09%20one%20way
2026-09-02T21:49:33+00:00,tpe,Taipei,TPE,SFO,2027-07-10,626,United,0,https://www.google.com/travel/flights?q=Flights%20from%20SFO%20to%20TPE%20on%202027-07-10%20one%20way
2026-09-03T21:42:38+00:00,tpe,Taipei,TPE,SFO,2027-07-11,498,"American, JAL",2,https://www.google.com/travel/flights?q=Flights%20from%20SFO%20to%20TPE%20on%202027-07-11%20one%20way
2026-08-25T07:58:10+00:00,tpe,Taipei,TPE,SFO,2027-07-12,498,"American, JAL",2,https://www.google.com/travel/flights?q=Flights%20from%20SFO%20to%20TPE%20on%202027-07-12%20one%20way
2026-09-02T00:14:40+00:00,tpe,Taipei,TPE,SFO,2027-07-13,498,"American, JAL",2,https://www.google.com/travel/flights?q=Flights%20from%20SFO%20to%20TPE%20on%202027-07-13%20one%20way
2026-09-03T00:15:57+00:00,tpe,Taipei,TPE,SFO,2027-07-14,577,?,Unknown,https://www.google.com/travel/flights?q=Flights%20from%20SFO%20to%20TPE%20on%202027-07-14%20one%20way
2026-09-04T00:06:22+00:00,tpe,Taipei,TPE,SFO,2027-07-15,626,United,0,https://www.google.com/travel/flights?q=Flights%20from%20SFO%20to%20TPE%20on%202027-07-15%20one%20way
2026-08-31T05:35:23+00:00,tpe,Taipei,TPE,SFO,2027-07-16,626,?,Unknown,https://www.google.com/travel/flights?q=Flights%20from%20SFO%20to%20TPE%20on%202027-07-16%20one%20way
2026-09-02T04:34:13+00:00,tpe,Taipei,TPE,SFO,2027-07-17,626,United,0,https://www.google.com/travel/flights?q=Flights%20from%20SFO%20to%20TPE%20on%202027-07-17%20one%20way
2026-09-03T04:34:43+00:00,tpe,Taipei,TPE,SFO,2027-07-18,626,United,0,https://www.google.com/travel/flights?q=Flights%20from%20SFO%20to%20TPE%20on%202027-07-18%20one%20way
2026-09-04T04:33:42+00:00,tpe,Taipei,TPE,SFO,2027-07-19,498,?,Unknown,https://www.google.com/travel/flights?q=Flights%20from%20SFO%20to%20TPE%20on%202027-07-19%20one%20way
2026-08-29T11:05:19+00:00,tpe,Taipei,TPE,SFO,2027-07-20,486,?,Unknown,https://www.google.com/travel/flights?q=Flights%20from%20SFO%20to%20TPE%20on%202027-07-20%20one%20way
2026-08-27T14:18:40+00:00,tpe,Taipei,TPE,SFO,2027-07-21,486,JAL,1,https://www.google.com/travel/flights?q=Flights%20from%20SFO%20to%20TPE%20on%202027-07-21%20one%20way
2026-09-02T09:37:49+00:00,tpe,Taipei,TPE,SFO,2027-07-22,486,?,Unknown,https://www.google.com/travel/flights?q=Flights%20from%20SFO%20to%20TPE%20on%202027-07-22%20one%20way
2026-09-03T09:50:38+00:00,tpe,Taipei,TPE,SFO,2027-07-23,630,Delta,1,https://www.google.com/travel/flights?q=Flights%20from%20SFO%20to%20TPE%20on%202027-07-23%20one%20way
2026-08-31T13:50:56+00:00,tpe,Taipei,TPE,SFO,2027-07-24,630,?,Unknown,https://www.google.com/travel/flights?q=Flights%20from%20SFO%20to%20TPE%20on%202027-07-24%20one%20way
2026-09-01T14:53:27+00:00,tpe,Taipei,TPE,SFO,2027-07-26,486,JAL,1,https://www.google.com/travel/flights?q=Flights%20from%20SFO%20to%20TPE%20on%202027-07-26%20one%20way
2026-09-02T14:29:37+00:00,tpe,Taipei,TPE,SFO,2027-07-27,486,?,Unknown,https://www.google.com/travel/flights?q=Flights%20from%20SFO%20to%20TPE%20on%202027-07-27%20one%20way
2026-09-03T14:34:41+00:00,tpe,Taipei,TPE,SFO,2027-07-28,486,JAL,1,https://www.google.com/travel/flights?q=Flights%20from%20SFO%20to%20TPE%20on%202027-07-28%20one%20way
2026-07-22T00:12:17+00:00,tpe,Taipei,TPE,SJC,2026-07-24,661,?,Unknown,https://www.google.com/travel/flights?q=Flights%20from%20SJC%20to%20TPE%20on%202026-07-24%20one%20way
2026-07-29T00:14:15+00:00,tpe,Taipei,TPE,SJC,2026-07-31,586,Delta,1,https://www.google.com/travel/flights?q=Flights%20from%20SJC%20to%20TPE%20on%202026-07-31%20one%20way
2026-07-25T06:37:16+00:00,tpe,Taipei,TPE,SJC,2026-08-02,463,?,Unknown,https://www.google.com/travel/flights?q=Flights%20from%20SJC%20to%20TPE%20on%202026-08-02%20one%20way
2026-07-28T07:59:05+00:00,tpe,Taipei,TPE,SJC,2026-08-06,453,?,Unknown,https://www.google.com/travel/flights?q=Flights%20from%20SJC%20to%20TPE%20on%202026-08-06%20one%20way
2026-07-25T11:47:25+00:00,tpe,Taipei,TPE,SJC,2026-08-07,413,?,Unknown,https://www.google.com/travel/flights?q=Flights%20from%20SJC%20to%20TPE%20on%202026-08-07%20one%20way
2026-08-06T00:14:35+00:00,tpe,Taipei,TPE,SJC,2026-08-08,478,Delta,1,https://www.google.com/travel/flights?q=Flights%20from%20SJC%20to%20TPE%20on%202026-08-08%20one%20way
2026-08-01T06:47:22+00:00,tpe,Taipei,TPE,SJC,2026-08-09,453,Delta,1,https://www.google.com/travel/flights?q=Flights%20from%20SJC%20to%20TPE%20on%202026-08-09%20one%20way
2026-08-07T01:52:32+00:00,tpe,Taipei,TPE,SJC,2026-08-10,390,"Alaska, EVA Air",2,https://www.google.com/travel/flights?q=Flights%20from%20SJC%20to%20TPE%20on%202026-08-10%20one%20way
2026-07-25T15:51:33+00:00,tpe,Taipei,TPE,SJC,2026-08-11,487,"Alaska, JAL",2,https://www.google.com/travel/flights?q=Flights%20from%20SJC%20to%20TPE%20on%202026-08-11%20one%20way
2026-08-04T06:40:28+00:00,tpe,Taipei,TPE,SJC,2026-08-12,410,?,Unknown,https://www.google.com/travel/flights?q=Flights%20from%20SJC%20to%20TPE%20on%202026-08-12%20one%20way
2026-08-03T08:52:37+00:00,tpe,Taipei,TPE,SJC,2026-08-13,453,?,Unknown,https://www.google.com/travel/flights?q=Flights%20from%20SJC%20to%20TPE%20on%202026-08-13%20one%20way
2026-08-08T04:32:02+00:00,tpe,Taipei,TPE,SJC,2026-08-14,390,"Alaska, EVA Air",2,https://www.google.com/travel/flights?q=Flights%20from%20SJC%20to%20TPE%20on%202026-08-14%20one%20way
2026-08-09T04:48:21+00:00,tpe,Taipei,TPE,SJC,2026-08-15,419,Delta,1,https://www.google.com/travel/flights?q=Flights%20from%20SJC%20to%20TPE%20on%202026-08-15%20one%20way
2026-08-02T12:42:33+00:00,tpe,Taipei,TPE,SJC,2026-08-16,453,Delta,1,https://www.google.com/travel/flights?q=Flights%20from%20SJC%20to%20TPE%20on%202026-08-16%20one%20way
2026-08-11T04:06:22+00:00,tpe,Taipei,TPE,SJC,2026-08-17,400,?,Unknown,https://www.google.com/travel/flights?q=Flights%20from%20SJC%20to%20TPE%20on%202026-08-17%20one%20way
2026-08-07T09:43:11+00:00,tpe,Taipei,TPE,SJC,2026-08-18,419,?,Unknown,https://www.google.com/travel/flights?q=Flights%20from%20SJC%20to%20TPE%20on%202026-08-18%20one%20way
2026-08-12T05:49:38+00:00,tpe,Taipei,TPE,SJC,2026-08-19,419,Delta,1,https://www.google.com/travel/flights?q=Flights%20from%20SJC%20to%20TPE%20on%202026-08-19%20one%20way
2026-08-15T03:08:02+00:00,tpe,Taipei,TPE,SJC,2026-08-20,419,Delta,2,https://www.google.com/travel/flights?q=Flights%20from%20SJC%20to%20TPE%20on%202026-08-20%20one%20way
2026-08-16T03:28:42+00:00,tpe,Taipei,TPE,SJC,2026-08-21,419,?,Unknown,https://www.google.com/travel/flights?q=Flights%20from%20SJC%20to%20TPE%20on%202026-08-21%20one%20way
2026-08-17T03:29:29+00:00,tpe,Taipei,TPE,SJC,2026-08-22,419,?,Unknown,https://www.google.com/travel/flights?q=Flights%20from%20SJC%20to%20TPE%20on%202026-08-22%20one%20way
2026-08-18T03:13:06+00:00,tpe,Taipei,TPE,SJC,2026-08-23,419,?,Unknown,https://www.google.com/travel/flights?q=Flights%20from%20SJC%20to%20TPE%20on%202026-08-23%20one%20way
2026-08-21T01:57:35+00:00,tpe,Taipei,TPE,SJC,2026-08-24,419,Delta,1,https://www.google.com/travel/flights?q=Flights%20from%20SJC%20to%20TPE%20on%202026-08-24%20one%20way
2026-08-22T01:50:09+00:00,tpe,Taipei,TPE,SJC,2026-08-25,478,Delta,1,https://www.google.com/travel/flights?q=Flights%20from%20SJC%20to%20TPE%20on%202026-08-25%20one%20way
2026-08-23T01:59:42+00:00,tpe,Taipei,TPE,SJC,2026-08-26,500,Delta,1,https://www.google.com/travel/flights?q=Flights%20from%20SJC%20to%20TPE%20on%202026-08-26%20one%20way
2026-08-24T01:57:43+00:00,tpe,Taipei,TPE,SJC,2026-08-27,500,Delta,1,https://www.google.com/travel/flights?q=Flights%20from%20SJC%20to%20TPE%20on%202026-08-27%20one%20way
2026-08-25T01:52:31+00:00,tpe,Taipei,TPE,SJC,2026-08-28,479,?,Unknown,https://www.google.com/travel/flights?q=Flights%20from%20SJC%20to%20TPE%20on%202026-08-28%20one%20way
2026-08-26T01:58:19+00:00,tpe,Taipei,TPE,SJC,2026-08-29,479,?,Unknown,https://www.google.com/travel/flights?q=Flights%20from%20SJC%20to%20TPE%20on%202026-08-29%20one%20way
2026-08-25T03:59:31+00:00,tpe,Taipei,TPE,SJC,2026-08-30,479,Delta,1,https://www.google.com/travel/flights?q=Flights%20from%20SJC%20to%20TPE%20on%202026-08-30%20one%20way
2026-08-26T03:17:57+00:00,tpe,Taipei,TPE,SJC,2026-08-31,391,"Alaska, EVA Air",2,https://www.google.com/travel/flights?q=Flights%20from%20SJC%20to%20TPE%20on%202026-08-31%20one%20way
2026-08-27T03:19:35+00:00,tpe,Taipei,TPE,SJC,2026-09-01,473,"Alaska, JAL",2,https://www.google.com/travel/flights?q=Flights%20from%20SJC%20to%20TPE%20on%202026-09-01%20one%20way
2026-08-30T01:15:23+00:00,tpe,Taipei,TPE,SJC,2026-09-02,453,"Alaska, JAL",2,https://www.google.com/travel/flights?q=Flights%20from%20SJC%20to%20TPE%20on%202026-09-02%20one%20way
2026-08-25T07:58:10+00:00,tpe,Taipei,TPE,SJC,2026-09-03,473,"Alaska, JAL",2,https://www.google.com/travel/flights?q=Flights%20from%20SJC%20to%20TPE%20on%202026-09-03%20one%20way
2026-09-02T00:14:40+00:00,tpe,Taipei,TPE,SJC,2026-09-04,471,?,Unknown,https://www.google.com/travel/flights?q=Flights%20from%20SJC%20to%20TPE%20on%202026-09-04%20one%20way
2026-09-03T00:15:57+00:00,tpe,Taipei,TPE,SJC,2026-09-05,483,Delta,1,https://www.google.com/travel/flights?q=Flights%20from%20SJC%20to%20TPE%20on%202026-09-05%20one%20way
2026-09-04T00:06:22+00:00,tpe,Taipei,TPE,SJC,2026-09-06,453,?,Unknown,https://www.google.com/travel/flights?q=Flights%20from%20SJC%20to%20TPE%20on%202026-09-06%20one%20way
2026-08-31T05:35:23+00:00,tpe,Taipei,TPE,SJC,2026-09-07,440,"Alaska, JAL",2,https://www.google.com/travel/flights?q=Flights%20from%20SJC%20to%20TPE%20on%202026-09-07%20one%20way
2026-09-02T04:34:13+00:00,tpe,Taipei,TPE,SJC,2026-09-08,440,?,Unknown,https://www.google.com/travel/flights?q=Flights%20from%20SJC%20to%20TPE%20on%202026-09-08%20one%20way
2026-09-03T04:34:43+00:00,tpe,Taipei,TPE,SJC,2026-09-09,440,?,Unknown,https://www.google.com/travel/flights?q=Flights%20from%20SJC%20to%20TPE%20on%202026-09-09%20one%20way
2026-09-04T04:33:42+00:00,tpe,Taipei,TPE,SJC,2026-09-10,390,?,Unknown,https://www.google.com/travel/flights?q=Flights%20from%20SJC%20to%20TPE%20on%202026-09-10%20one%20way
2026-08-29T11:05:19+00:00,tpe,Taipei,TPE,SJC,2026-09-11,453,?,Unknown,https://www.google.com/travel/flights?q=Flights%20from%20SJC%20to%20TPE%20on%202026-09-11%20one%20way
2026-08-27T14:18:40+00:00,tpe,Taipei,TPE,SJC,2026-09-12,478,Delta,1,https://www.google.com/travel/flights?q=Flights%20from%20SJC%20to%20TPE%20on%202026-09-12%20one%20way
2026-09-02T09:37:49+00:00,tpe,Taipei,TPE,SJC,2026-09-13,440,?,Unknown,https://www.google.com/travel/flights?q=Flights%20from%20SJC%20to%20TPE%20on%202026-09-13%20one%20way
2026-09-03T09:50:38+00:00,tpe,Taipei,TPE,SJC,2026-09-14,440,"Alaska, JAL",2,https://www.google.com/travel/flights?q=Flights%20from%20SJC%20to%20TPE%20on%202026-09-14%20one%20way
2026-08-31T13:50:56+00:00,tpe,Taipei,TPE,SJC,2026-09-15,440,"Alaska, JAL",2,https://www.google.com/travel/flights?q=Flights%20from%20SJC%20to%20TPE%20on%202026-09-15%20one%20way
2026-08-26T19:18:45+00:00,tpe,Taipei,TPE,SJC,2026-09-16,440,"Alaska, JAL",2,https://www.google.com/travel/flights?q=Flights%20from%20SJC%20to%20TPE%20on%202026-09-16%20one%20way
2026-09-01T14:53:27+00:00,tpe,Taipei,TPE,SJC,2026-09-17,483,Delta,1,https://www.google.com/travel/flights?q=Flights%20from%20SJC%20to%20TPE%20on%202026-09-17%20one%20way
2026-09-02T14:29:37+00:00,tpe,Taipei,TPE,SJC,2026-09-18,483,Delta,1,https://www.google.com/travel/flights?q=Flights%20from%20SJC%20to%20TPE%20on%202026-09-18%20one%20way
2026-09-03T14:34:41+00:00,tpe,Taipei,TPE,SJC,2026-09-19,483,?,Unknown,https://www.google.com/travel/flights?q=Flights%20from%20SJC%20to%20TPE%20on%202026-09-19%20one%20way
2026-08-24T01:57:43+00:00,tpe,Taipei,TPE,SJC,2026-09-20,473,?,Unknown,https://www.google.com/travel/flights?q=Flights%20from%20SJC%20to%20TPE%20on%202026-09-20%20one%20way
2026-09-01T18:30:46+00:00,tpe,Taipei,TPE,SJC,2026-09-21,440,?,Unknown,https://www.google.com/travel/flights?q=Flights%20from%20SJC%20to%20TPE%20on%202026-09-21%20one%20way
2026-09-02T18:42:50+00:00,tpe,Taipei,TPE,SJC,2026-09-22,483,?,Unknown,https://www.google.com/travel/flights?q=Flights%20from%20SJC%20to%20TPE%20on%202026-09-22%20one%20way
2026-09-03T18:39:20+00:00,tpe,Taipei,TPE,SJC,2026-09-23,483,Delta,1,https://www.google.com/travel/flights?q=Flights%20from%20SJC%20to%20TPE%20on%202026-09-23%20one%20way
2026-09-01T21:46:54+00:00,tpe,Taipei,TPE,SJC,2026-09-24,461,?,Unknown,https://www.google.com/travel/flights?q=Flights%20from%20SJC%20to%20TPE%20on%202026-09-24%20one%20way
2026-09-02T21:49:33+00:00,tpe,Taipei,TPE,SJC,2026-09-25,483,?,Unknown,https://www.google.com/travel/flights?q=Flights%20from%20SJC%20to%20TPE%20on%202026-09-25%20one%20way
2026-09-03T21:42:38+00:00,tpe,Taipei,TPE,SJC,2026-09-26,440,?,Unknown,https://www.google.com/travel/flights?q=Flights%20from%20SJC%20to%20TPE%20on%202026-09-26%20one%20way
2026-08-25T07:58:10+00:00,tpe,Taipei,TPE,SJC,2026-09-27,479,Delta,2,https://www.google.com/travel/flights?q=Flights%20from%20SJC%20to%20TPE%20on%202026-09-27%20one%20way
2026-09-02T00:14:40+00:00,tpe,Taipei,TPE,SJC,2026-09-28,461,"Alaska, EVA Air",2,https://www.google.com/travel/flights?q=Flights%20from%20SJC%20to%20TPE%20on%202026-09-28%20one%20way
2026-09-03T00:15:57+00:00,tpe,Taipei,TPE,SJC,2026-09-29,483,?,Unknown,https://www.google.com/travel/flights?q=Flights%20from%20SJC%20to%20TPE%20on%202026-09-29%20one%20way
2026-09-04T00:06:22+00:00,tpe,Taipei,TPE,SJC,2026-09-30,451,?,Unknown,https://www.google.com/travel/flights?q=Flights%20from%20SJC%20to%20TPE%20on%202026-09-30%20one%20way
2026-08-31T05:35:23+00:00,tpe,Taipei,TPE,SJC,2026-10-01,478,?,Unknown,https://www.google.com/travel/flights?q=Flights%20from%20SJC%20to%20TPE%20on%202026-10-01%20one%20way
2026-09-02T04:34:13+00:00,tpe,Taipei,TPE,SJC,2026-10-02,461,?,Unknown,https://www.google.com/travel/flights?q=Flights%20from%20SJC%20to%20TPE%20on%202026-10-02%20one%20way
2026-09-03T04:34:43+00:00,tpe,Taipei,TPE,SJC,2026-10-03,483,Delta,1,https://www.google.com/travel/flights?q=Flights%20from%20SJC%20to%20TPE%20on%202026-10-03%20one%20way
2026-09-04T04:33:42+00:00,tpe,Taipei,TPE,SJC,2026-10-04,440,?,Unknown,https://www.google.com/travel/flights?q=Flights%20from%20SJC%20to%20TPE%20on%202026-10-04%20one%20way
2026-08-29T11:05:19+00:00,tpe,Taipei,TPE,SJC,2026-10-05,440,"Alaska, JAL",2,https://www.google.com/travel/flights?q=Flights%20from%20SJC%20to%20TPE%20on%202026-10-05%20one%20way
2026-08-27T14:18:40+00:00,tpe,Taipei,TPE,SJC,2026-10-06,478,Delta,1,https://www.google.com/travel/flights?q=Flights%20from%20SJC%20to%20TPE%20on%202026-10-06%20one%20way
2026-09-02T09:37:49+00:00,tpe,Taipei,TPE,SJC,2026-10-07,483,?,Unknown,https://www.google.com/travel/flights?q=Flights%20from%20SJC%20to%20TPE%20on%202026-10-07%20one%20way
2026-09-03T09:50:38+00:00,tpe,Taipei,TPE,SJC,2026-10-08,461,"Alaska, EVA Air",2,https://www.google.com/travel/flights?q=Flights%20from%20SJC%20to%20TPE%20on%202026-10-08%20one%20way
2026-08-31T13:50:56+00:00,tpe,Taipei,TPE,SJC,2026-10-09,643,?,Unknown,https://www.google.com/travel/flights?q=Flights%20from%20SJC%20to%20TPE%20on%202026-10-09%20one%20way
2026-08-26T19:18:45+00:00,tpe,Taipei,TPE,SJC,2026-10-10,484,Delta,2,https://www.google.com/travel/flights?q=Flights%20from%20SJC%20to%20TPE%20on%202026-10-10%20one%20way
2026-09-01T14:53:27+00:00,tpe,Taipei,TPE,SJC,2026-10-11,440,?,Unknown,https://www.google.com/travel/flights?q=Flights%20from%20SJC%20to%20TPE%20on%202026-10-11%20one%20way
2026-09-02T14:29:37+00:00,tpe,Taipei,TPE,SJC,2026-10-12,483,Delta,1,https://www.google.com/travel/flights?q=Flights%20from%20SJC%20to%20TPE%20on%202026-10-12%20one%20way
2026-09-03T14:34:41+00:00,tpe,Taipei,TPE,SJC,2026-10-13,440,"Alaska, JAL",2,https://www.google.com/travel/flights?q=Flights%20from%20SJC%20to%20TPE%20on%202026-10-13%20one%20way
2026-08-24T01:57:43+00:00,tpe,Taipei,TPE,SJC,2026-10-14,500,?,Unknown,https://www.google.com/travel/flights?q=Flights%20from%20SJC%20to%20TPE%20on%202026-10-14%20one%20way
2026-09-01T18:30:46+00:00,tpe,Taipei,TPE,SJC,2026-10-15,483,Delta,1,https://www.google.com/travel/flights?q=Flights%20from%20SJC%20to%20TPE%20on%202026-10-15%20one%20way
2026-09-02T18:42:50+00:00,tpe,Taipei,TPE,SJC,2026-10-16,489,?,Unknown,https://www.google.com/travel/flights?q=Flights%20from%20SJC%20to%20TPE%20on%202026-10-16%20one%20way
2026-09-03T18:39:20+00:00,tpe,Taipei,TPE,SJC,2026-10-17,483,Delta,1,https://www.google.com/travel/flights?q=Flights%20from%20SJC%20to%20TPE%20on%202026-10-17%20one%20way
2026-09-01T21:46:54+00:00,tpe,Taipei,TPE,SJC,2026-10-18,483,Delta,1,https://www.google.com/travel/flights?q=Flights%20from%20SJC%20to%20TPE%20on%202026-10-18%20one%20way
2026-09-02T21:49:33+00:00,tpe,Taipei,TPE,SJC,2026-10-19,483,Delta,1,https://www.google.com/travel/flights?q=Flights%20from%20SJC%20to%20TPE%20on%202026-10-19%20one%20way
2026-09-03T21:42:38+00:00,tpe,Taipei,TPE,SJC,2026-10-20,445,Delta,1,https://www.google.com/travel/flights?q=Flights%20from%20SJC%20to%20TPE%20on%202026-10-20%20one%20way
2026-08-25T07:58:10+00:00,tpe,Taipei,TPE,SJC,2026-10-21,479,Delta,1,https://www.google.com/travel/flights?q=Flights%20from%20SJC%20to%20TPE%20on%202026-10-21%20one%20way
2026-09-02T00:14:40+00:00,tpe,Taipei,TPE,SJC,2026-10-22,483,Delta,1,https://www.google.com/travel/flights?q=Flights%20from%20SJC%20to%20TPE%20on%202026-10-22%20one%20way
2026-09-03T00:15:57+00:00,tpe,Taipei,TPE,SJC,2026-10-23,483,Delta,1,https://www.google.com/travel/flights?q=Flights%20from%20SJC%20to%20TPE%20on%202026-10-23%20one%20way
2026-09-04T00:06:22+00:00,tpe,Taipei,TPE,SJC,2026-10-24,440,"Alaska, EVA Air",2,https://www.google.com/travel/flights?q=Flights%20from%20SJC%20to%20TPE%20on%202026-10-24%20one%20way
2026-08-31T05:35:23+00:00,tpe,Taipei,TPE,SJC,2026-10-25,478,?,Unknown,https://www.google.com/travel/flights?q=Flights%20from%20SJC%20to%20TPE%20on%202026-10-25%20one%20way
2026-09-02T04:34:13+00:00,tpe,Taipei,TPE,SJC,2026-10-26,483,Delta,1,https://www.google.com/travel/flights?q=Flights%20from%20SJC%20to%20TPE%20on%202026-10-26%20one%20way
2026-09-03T04:34:43+00:00,tpe,Taipei,TPE,SJC,2026-10-27,483,Delta,1,https://www.google.com/travel/flights?q=Flights%20from%20SJC%20to%20TPE%20on%202026-10-27%20one%20way
2026-09-04T04:33:42+00:00,tpe,Taipei,TPE,SJC,2026-10-28,390,"Alaska, EVA Air",2,https://www.google.com/travel/flights?q=Flights%20from%20SJC%20to%20TPE%20on%202026-10-28%20one%20way
2026-08-29T11:05:19+00:00,tpe,Taipei,TPE,SJC,2026-10-29,478,?,Unknown,https://www.google.com/travel/flights?q=Flights%20from%20SJC%20to%20TPE%20on%202026-10-29%20one%20way
2026-08-27T14:18:40+00:00,tpe,Taipei,TPE,SJC,2026-10-30,461,?,Unknown,https://www.google.com/travel/flights?q=Flights%20from%20SJC%20to%20TPE%20on%202026-10-30%20one%20way
2026-09-02T09:37:49+00:00,tpe,Taipei,TPE,SJC,2026-10-31,483,Delta,1,https://www.google.com/travel/flights?q=Flights%20from%20SJC%20to%20TPE%20on%202026-10-31%20one%20way
2026-09-03T09:50:38+00:00,tpe,Taipei,TPE,SJC,2026-11-01,483,Delta,1,https://www.google.com/travel/flights?q=Flights%20from%20SJC%20to%20TPE%20on%202026-11-01%20one%20way
2026-08-31T13:50:56+00:00,tpe,Taipei,TPE,SJC,2026-11-02,478,Delta,1,https://www.google.com/travel/flights?q=Flights%20from%20SJC%20to%20TPE%20on%202026-11-02%20one%20way
2026-08-26T19:18:45+00:00,tpe,Taipei,TPE,SJC,2026-11-03,478,Delta,1,https://www.google.com/travel/flights?q=Flights%20from%20SJC%20to%20TPE%20on%202026-11-03%20one%20way
2026-09-01T14:53:27+00:00,tpe,Taipei,TPE,SJC,2026-11-04,483,?,Unknown,https://www.google.com/travel/flights?q=Flights%20from%20SJC%20to%20TPE%20on%202026-11-04%20one%20way
2026-09-02T14:29:37+00:00,tpe,Taipei,TPE,SJC,2026-11-05,483,Delta,1,https://www.google.com/travel/flights?q=Flights%20from%20SJC%20to%20TPE%20on%202026-11-05%20one%20way
2026-09-03T14:34:41+00:00,tpe,Taipei,TPE,SJC,2026-11-06,483,Delta,1,https://www.google.com/travel/flights?q=Flights%20from%20SJC%20to%20TPE%20on%202026-11-06%20one%20way
2026-08-24T01:57:43+00:00,tpe,Taipei,TPE,SJC,2026-11-07,500,Delta,1,https://www.google.com/travel/flights?q=Flights%20from%20SJC%20to%20TPE%20on%202026-11-07%20one%20way
2026-09-01T18:30:46+00:00,tpe,Taipei,TPE,SJC,2026-11-08,483,Delta,1,https://www.google.com/travel/flights?q=Flights%20from%20SJC%20to%20TPE%20on%202026-11-08%20one%20way
2026-09-02T18:42:50+00:00,tpe,Taipei,TPE,SJC,2026-11-09,483,Delta,1,https://www.google.com/travel/flights?q=Flights%20from%20SJC%20to%20TPE%20on%202026-11-09%20one%20way
2026-09-03T18:39:20+00:00,tpe,Taipei,TPE,SJC,2026-11-10,483,?,Unknown,https://www.google.com/travel/flights?q=Flights%20from%20SJC%20to%20TPE%20on%202026-11-10%20one%20way
2026-09-01T21:46:54+00:00,tpe,Taipei,TPE,SJC,2026-11-11,461,?,Unknown,https://www.google.com/travel/flights?q=Flights%20from%20SJC%20to%20TPE%20on%202026-11-11%20one%20way
2026-08-31T23:50:53+00:00,tpe,Taipei,TPE,SJC,2026-11-12,478,Delta,1,https://www.google.com/travel/flights?q=Flights%20from%20SJC%20to%20TPE%20on%202026-11-12%20one%20way
2026-08-30T01:15:23+00:00,tpe,Taipei,TPE,SJC,2026-11-13,478,?,Unknown,https://www.google.com/travel/flights?q=Flights%20from%20SJC%20to%20TPE%20on%202026-11-13%20one%20way
2026-08-25T07:58:10+00:00,tpe,Taipei,TPE,SJC,2026-11-14,479,Delta,1,https://www.google.com/travel/flights?q=Flights%20from%20SJC%20to%20TPE%20on%202026-11-14%20one%20way
2026-09-02T00:14:40+00:00,tpe,Taipei,TPE,SJC,2026-11-15,483,Delta,1,https://www.google.com/travel/flights?q=Flights%20from%20SJC%20to%20TPE%20on%202026-11-15%20one%20way
2026-09-03T00:15:57+00:00,tpe,Taipei,TPE,SJC,2026-11-16,483,Delta,1,https://www.google.com/travel/flights?q=Flights%20from%20SJC%20to%20TPE%20on%202026-11-16%20one%20way
2026-09-04T00:06:22+00:00,tpe,Taipei,TPE,SJC,2026-11-17,445,?,Unknown,https://www.google.com/travel/flights?q=Flights%20from%20SJC%20to%20TPE%20on%202026-11-17%20one%20way
2026-08-31T05:35:23+00:00,tpe,Taipei,TPE,SJC,2026-11-18,461,"Alaska, EVA Air",2,https://www.google.com/travel/flights?q=Flights%20from%20SJC%20to%20TPE%20on%202026-11-18%20one%20way
2026-09-02T04:34:13+00:00,tpe,Taipei,TPE,SJC,2026-11-19,516,"Alaska, Cathay Pacific",2,https://www.google.com/travel/flights?q=Flights%20from%20SJC%20to%20TPE%20on%202026-11-19%20one%20way
2026-09-03T04:34:43+00:00,tpe,Taipei,TPE,SJC,2026-11-20,630,?,Unknown,https://www.google.com/travel/flights?q=Flights%20from%20SJC%20to%20TPE%20on%202026-11-20%20one%20way
2026-09-04T04:33:42+00:00,tpe,Taipei,TPE,SJC,2026-11-21,451,Delta,2,https://www.google.com/travel/flights?q=Flights%20from%20SJC%20to%20TPE%20on%202026-11-21%20one%20way
2026-08-29T11:05:19+00:00,tpe,Taipei,TPE,SJC,2026-11-22,478,?,Unknown,https://www.google.com/travel/flights?q=Flights%20from%20SJC%20to%20TPE%20on%202026-11-22%20one%20way
2026-08-27T14:18:40+00:00,tpe,Taipei,TPE,SJC,2026-11-23,478,Delta,1,https://www.google.com/travel/flights?q=Flights%20from%20SJC%20to%20TPE%20on%202026-11-23%20one%20way
2026-09-02T09:37:49+00:00,tpe,Taipei,TPE,SJC,2026-11-24,483,?,Unknown,https://www.google.com/travel/flights?q=Flights%20from%20SJC%20to%20TPE%20on%202026-11-24%20one%20way
2026-09-03T09:50:38+00:00,tpe,Taipei,TPE,SJC,2026-11-25,483,Delta,1,https://www.google.com/travel/flights?q=Flights%20from%20SJC%20to%20TPE%20on%202026-11-25%20one%20way
2026-08-31T13:50:56+00:00,tpe,Taipei,TPE,SJC,2026-11-26,461,?,Unknown,https://www.google.com/travel/flights?q=Flights%20from%20SJC%20to%20TPE%20on%202026-11-26%20one%20way
2026-08-26T19:18:45+00:00,tpe,Taipei,TPE,SJC,2026-11-27,478,Delta,1,https://www.google.com/travel/flights?q=Flights%20from%20SJC%20to%20TPE%20on%202026-11-27%20one%20way
2026-09-01T14:53:27+00:00,tpe,Taipei,TPE,SJC,2026-11-28,483,?,Unknown,https://www.google.com/travel/flights?q=Flights%20from%20SJC%20to%20TPE%20on%202026-11-28%20one%20way
2026-09-02T14:29:37+00:00,tpe,Taipei,TPE,SJC,2026-11-29,483,?,Unknown,https://www.google.com/travel/flights?q=Flights%20from%20SJC%20to%20TPE%20on%202026-11-29%20one%20way
2026-09-03T14:34:41+00:00,tpe,Taipei,TPE,SJC,2026-11-30,483,Delta,1,https://www.google.com/travel/flights?q=Flights%20from%20SJC%20to%20TPE%20on%202026-11-30%20one%20way
2026-08-24T01:57:43+00:00,tpe,Taipei,TPE,SJC,2026-12-01,500,Delta,1,https://www.google.com/travel/flights?q=Flights%20from%20SJC%20to%20TPE%20on%202026-12-01%20one%20way
2026-09-01T18:30:46+00:00,tpe,Taipei,TPE,SJC,2026-12-02,487,?,Unknown,https://www.google.com/travel/flights?q=Flights%20from%20SJC%20to%20TPE%20on%202026-12-02%20one%20way
2026-09-02T18:42:50+00:00,tpe,Taipei,TPE,SJC,2026-12-03,471,"Alaska, JAL",2,https://www.google.com/travel/flights?q=Flights%20from%20SJC%20to%20TPE%20on%202026-12-03%20one%20way
2026-09-03T18:39:20+00:00,tpe,Taipei,TPE,SJC,2026-12-04,471,"Alaska, JAL",2,https://www.google.com/travel/flights?q=Flights%20from%20SJC%20to%20TPE%20on%202026-12-04%20one%20way
2026-09-01T21:46:54+00:00,tpe,Taipei,TPE,SJC,2026-12-05,471,"Alaska, JAL",2,https://www.google.com/travel/flights?q=Flights%20from%20SJC%20to%20TPE%20on%202026-12-05%20one%20way
2026-08-31T23:50:53+00:00,tpe,Taipei,TPE,SJC,2026-12-06,453,?,Unknown,https://www.google.com/travel/flights?q=Flights%20from%20SJC%20to%20TPE%20on%202026-12-06%20one%20way
2026-09-03T21:42:38+00:00,tpe,Taipei,TPE,SJC,2026-12-07,445,Delta,1,https://www.google.com/travel/flights?q=Flights%20from%20SJC%20to%20TPE%20on%202026-12-07%20one%20way
2026-08-25T07:58:10+00:00,tpe,Taipei,TPE,SJC,2026-12-08,479,?,Unknown,https://www.google.com/travel/flights?q=Flights%20from%20SJC%20to%20TPE%20on%202026-12-08%20one%20way
2026-09-02T00:14:40+00:00,tpe,Taipei,TPE,SJC,2026-12-09,487,?,Unknown,https://www.google.com/travel/flights?q=Flights%20from%20SJC%20to%20TPE%20on%202026-12-09%20one%20way
2026-09-03T00:15:57+00:00,tpe,Taipei,TPE,SJC,2026-12-10,636,?,Unknown,https://www.google.com/travel/flights?q=Flights%20from%20SJC%20to%20TPE%20on%202026-12-10%20one%20way
2026-09-04T00:06:22+00:00,tpe,Taipei,TPE,SJC,2026-12-11,622,?,Unknown,https://www.google.com/travel/flights?q=Flights%20from%20SJC%20to%20TPE%20on%202026-12-11%20one%20way
2026-08-31T05:35:23+00:00,tpe,Taipei,TPE,SJC,2026-12-12,818,"Alaska, Jetstar",2,https://www.google.com/travel/flights?q=Flights%20from%20SJC%20to%20TPE%20on%202026-12-12%20one%20way
2026-09-02T04:34:13+00:00,tpe,Taipei,TPE,SJC,2026-12-13,730,"Delta, Korean Air",2,https://www.google.com/travel/flights?q=Flights%20from%20SJC%20to%20TPE%20on%202026-12-13%20one%20way
2026-09-03T04:34:43+00:00,tpe,Taipei,TPE,SJC,2026-12-14,789,?,Unknown,https://www.google.com/travel/flights?q=Flights%20from%20SJC%20to%20TPE%20on%202026-12-14%20one%20way
2026-09-04T04:33:42+00:00,tpe,Taipei,TPE,SJC,2026-12-15,918,"Alaska, Jetstar",2,https://www.google.com/travel/flights?q=Flights%20from%20SJC%20to%20TPE%20on%202026-12-15%20one%20way
2026-08-29T11:05:19+00:00,tpe,Taipei,TPE,SJC,2026-12-16,946,"Alaska, EVA Air",2,https://www.google.com/travel/flights?q=Flights%20from%20SJC%20to%20TPE%20on%202026-12-16%20one%20way
2026-08-27T14:18:40+00:00,tpe,Taipei,TPE,SJC,2026-12-17,1058,?,Unknown,https://www.google.com/travel/flights?q=Flights%20from%20SJC%20to%20TPE%20on%202026-12-17%20one%20way
2026-09-02T09:37:49+00:00,tpe,Taipei,TPE,SJC,2026-12-18,1210,"Alaska, STARLUX Airlines",1,https://www.google.com/travel/flights?q=Flights%20from%20SJC%20to%20TPE%20on%202026-12-18%20one%20way
2026-09-03T09:50:38+00:00,tpe,Taipei,TPE,SJC,2026-12-19,1053,"Alaska, STARLUX Airlines",1,https://www.google.com/travel/flights?q=Flights%20from%20SJC%20to%20TPE%20on%202026-12-19%20one%20way
2026-08-25T19:45:51+00:00,tpe,Taipei,TPE,SJC,2026-12-20,1121,"Alaska, Jetstar",2,https://www.google.com/travel/flights?q=Flights%20from%20SJC%20to%20TPE%20on%202026-12-20%20one%20way
2026-08-26T19:18:45+00:00,tpe,Taipei,TPE,SJC,2026-12-21,1034,?,Unknown,https://www.google.com/travel/flights?q=Flights%20from%20SJC%20to%20TPE%20on%202026-12-21%20one%20way
2026-09-01T14:53:27+00:00,tpe,Taipei,TPE,SJC,2026-12-22,746,"Alaska, JAL",2,https://www.google.com/travel/flights?q=Flights%20from%20SJC%20to%20TPE%20on%202026-12-22%20one%20way
2026-09-02T14:29:37+00:00,tpe,Taipei,TPE,SJC,2026-12-23,722,"Alaska, Jetstar",2,https://www.google.com/travel/flights?q=Flights%20from%20SJC%20to%20TPE%20on%202026-12-23%20one%20way
2026-09-03T14:34:41+00:00,tpe,Taipei,TPE,SJC,2026-12-24,640,"Delta, Korean Air",2,https://www.google.com/travel/flights?q=Flights%20from%20SJC%20to%20TPE%20on%202026-12-24%20one%20way
2026-08-24T01:57:43+00:00,tpe,Taipei,TPE,SJC,2026-12-25,793,?,Unknown,https://www.google.com/travel/flights?q=Flights%20from%20SJC%20to%20TPE%20on%202026-12-25%20one%20way
2026-09-01T18:30:46+00:00,tpe,Taipei,TPE,SJC,2026-12-26,636,Delta,2,https://www.google.com/travel/flights?q=Flights%20from%20SJC%20to%20TPE%20on%202026-12-26%20one%20way
2026-09-02T18:42:50+00:00,tpe,Taipei,TPE,SJC,2026-12-27,630,Delta,1,https://www.google.com/travel/flights?q=Flights%20from%20SJC%20to%20TPE%20on%202026-12-27%20one%20way
2026-09-03T18:39:20+00:00,tpe,Taipei,TPE,SJC,2026-12-28,496,"American, JAL",3,https://www.google.com/travel/flights?q=Flights%20from%20SJC%20to%20TPE%20on%202026-12-28%20one%20way
2026-09-01T21:46:54+00:00,tpe,Taipei,TPE,SJC,2026-12-29,546,?,Unknown,https://www.google.com/travel/flights?q=Flights%20from%20SJC%20to%20TPE%20on%202026-12-29%20one%20way
2026-09-02T21:49:33+00:00,tpe,Taipei,TPE,SJC,2026-12-30,471,"Alaska, JAL",2,https://www.google.com/travel/flights?q=Flights%20from%20SJC%20to%20TPE%20on%202026-12-30%20one%20way
2026-09-03T21:42:38+00:00,tpe,Taipei,TPE,SJC,2026-12-31,453,?,Unknown,https://www.google.com/travel/flights?q=Flights%20from%20SJC%20to%20TPE%20on%202026-12-31%20one%20way
2026-08-25T07:58:10+00:00,tpe,Taipei,TPE,SJC,2027-01-01,593,?,Unknown,https://www.google.com/travel/flights?q=Flights%20from%20SJC%20to%20TPE%20on%202027-01-01%20one%20way
2026-09-02T00:14:40+00:00,tpe,Taipei,TPE,SJC,2027-01-02,572,"Alaska, China Airlines",1,https://www.google.com/travel/flights?q=Flights%20from%20SJC%20to%20TPE%20on%202027-01-02%20one%20way
2026-09-03T00:15:57+00:00,tpe,Taipei,TPE,SJC,2027-01-03,506,Delta,2,https://www.google.com/travel/flights?q=Flights%20from%20SJC%20to%20TPE%20on%202027-01-03%20one%20way
2026-09-04T00:06:22+00:00,tpe,Taipei,TPE,SJC,2027-01-04,433,Delta,1,https://www.google.com/travel/flights?q=Flights%20from%20SJC%20to%20TPE%20on%202027-01-04%20one%20way
2026-08-31T05:35:23+00:00,tpe,Taipei,TPE,SJC,2027-01-05,500,?,Unknown,https://www.google.com/travel/flights?q=Flights%20from%20SJC%20to%20TPE%20on%202027-01-05%20one%20way
2026-09-02T04:34:13+00:00,tpe,Taipei,TPE,SJC,2027-01-06,500,Delta,1,https://www.google.com/travel/flights?q=Flights%20from%20SJC%20to%20TPE%20on%202027-01-06%20one%20way
2026-09-03T04:34:43+00:00,tpe,Taipei,TPE,SJC,2027-01-07,500,?,Unknown,https://www.google.com/travel/flights?q=Flights%20from%20SJC%20to%20TPE%20on%202027-01-07%20one%20way
2026-08-28T11:23:35+00:00,tpe,Taipei,TPE,SJC,2027-01-08,500,Delta,1,https://www.google.com/travel/flights?q=Flights%20from%20SJC%20to%20TPE%20on%202027-01-08%20one%20way
2026-08-26T14:04:39+00:00,tpe,Taipei,TPE,SJC,2027-01-09,479,?,Unknown,https://www.google.com/travel/flights?q=Flights%20from%20SJC%20to%20TPE%20on%202027-01-09%20one%20way
2026-08-27T14:18:40+00:00,tpe,Taipei,TPE,SJC,2027-01-10,506,?,Unknown,https://www.google.com/travel/flights?q=Flights%20from%20SJC%20to%20TPE%20on%202027-01-10%20one%20way
2026-09-02T09:37:49+00:00,tpe,Taipei,TPE,SJC,2027-01-11,471,?,Unknown,https://www.google.com/travel/flights?q=Flights%20from%20SJC%20to%20TPE%20on%202027-01-11%20one%20way
2026-08-25T18:56:40+00:00,tpe,Taipei,TPE,SJC,2027-01-12,479,?,Unknown,https://www.google.com/travel/flights?q=Flights%20from%20SJC%20to%20TPE%20on%202027-01-12%20one%20way
2026-08-31T13:50:56+00:00,tpe,Taipei,TPE,SJC,2027-01-13,487,"Alaska, Jetstar",2,https://www.google.com/travel/flights?q=Flights%20from%20SJC%20to%20TPE%20on%202027-01-13%20one%20way
2026-08-26T19:18:45+00:00,tpe,Taipei,TPE,SJC,2027-01-14,490,Delta,1,https://www.google.com/travel/flights?q=Flights%20from%20SJC%20to%20TPE%20on%202027-01-14%20one%20way
2026-09-01T14:53:27+00:00,tpe,Taipei,TPE,SJC,2027-01-15,471,"Alaska, JAL",2,https://www.google.com/travel/flights?q=Flights%20from%20SJC%20to%20TPE%20on%202027-01-15%20one%20way
2026-09-02T14:29:37+00:00,tpe,Taipei,TPE,SJC,2027-01-16,500,?,Unknown,https://www.google.com/travel/flights?q=Flights%20from%20SJC%20to%20TPE%20on%202027-01-16%20one%20way
2026-09-03T14:34:41+00:00,tpe,Taipei,TPE,SJC,2027-01-17,471,?,Unknown,https://www.google.com/travel/flights?q=Flights%20from%20SJC%20to%20TPE%20on%202027-01-17%20one%20way
2026-08-24T01:57:43+00:00,tpe,Taipei,TPE,SJC,2027-01-18,496,"American, JAL",3,https://www.google.com/travel/flights?q=Flights%20from%20SJC%20to%20TPE%20on%202027-01-18%20one%20way
2026-09-01T18:30:46+00:00,tpe,Taipei,TPE,SJC,2027-01-19,471,"Alaska, JAL",2,https://www.google.com/travel/flights?q=Flights%20from%20SJC%20to%20TPE%20on%202027-01-19%20one%20way
2026-08-31T20:05:14+00:00,tpe,Taipei,TPE,SJC,2027-01-20,500,Delta,1,https://www.google.com/travel/flights?q=Flights%20from%20SJC%20to%20TPE%20on%202027-01-20%20one%20way
2026-09-03T18:39:20+00:00,tpe,Taipei,TPE,SJC,2027-01-21,500,?,Unknown,https://www.google.com/travel/flights?q=Flights%20from%20SJC%20to%20TPE%20on%202027-01-21%20one%20way
2026-09-01T21:46:54+00:00,tpe,Taipei,TPE,SJC,2027-01-22,500,Delta,1,https://www.google.com/travel/flights?q=Flights%20from%20SJC%20to%20TPE%20on%202027-01-22%20one%20way
2026-09-02T21:49:33+00:00,tpe,Taipei,TPE,SJC,2027-01-23,500,?,Unknown,https://www.google.com/travel/flights?q=Flights%20from%20SJC%20to%20TPE%20on%202027-01-23%20one%20way
2026-09-03T21:42:38+00:00,tpe,Taipei,TPE,SJC,2027-01-24,433,Delta,1,https://www.google.com/travel/flights?q=Flights%20from%20SJC%20to%20TPE%20on%202027-01-24%20one%20way
2026-08-25T07:58:10+00:00,tpe,Taipei,TPE,SJC,2027-01-25,479,?,Unknown,https://www.google.com/travel/flights?q=Flights%20from%20SJC%20to%20TPE%20on%202027-01-25%20one%20way
2026-09-02T00:14:40+00:00,tpe,Taipei,TPE,SJC,2027-01-26,500,Delta,1,https://www.google.com/travel/flights?q=Flights%20from%20SJC%20to%20TPE%20on%202027-01-26%20one%20way
2026-08-25T09:51:44+00:00,tpe,Taipei,TPE,SJC,2027-01-27,479,?,Unknown,https://www.google.com/travel/flights?q=Flights%20from%20SJC%20to%20TPE%20on%202027-01-27%20one%20way
2026-09-04T00:06:22+00:00,tpe,Taipei,TPE,SJC,2027-01-28,433,?,Unknown,https://www.google.com/travel/flights?q=Flights%20from%20SJC%20to%20TPE%20on%202027-01-28%20one%20way
2026-08-31T05:35:23+00:00,tpe,Taipei,TPE,SJC,2027-01-29,551,"Alaska, China Airlines",1,https://www.google.com/travel/flights?q=Flights%20from%20SJC%20to%20TPE%20on%202027-01-29%20one%20way
2026-09-02T04:34:13+00:00,tpe,Taipei,TPE,SJC,2027-01-30,500,Delta,1,https://www.google.com/travel/flights?q=Flights%20from%20SJC%20to%20TPE%20on%202027-01-30%20one%20way
2026-09-03T04:34:43+00:00,tpe,Taipei,TPE,SJC,2027-01-31,500,?,Unknown,https://www.google.com/travel/flights?q=Flights%20from%20SJC%20to%20TPE%20on%202027-01-31%20one%20way
2026-09-04T04:33:42+00:00,tpe,Taipei,TPE,SJC,2027-02-01,433,?,Unknown,https://www.google.com/travel/flights?q=Flights%20from%20SJC%20to%20TPE%20on%202027-02-01%20one%20way
2026-08-29T11:05:19+00:00,tpe,Taipei,TPE,SJC,2027-02-02,500,Delta,1,https://www.google.com/travel/flights?q=Flights%20from%20SJC%20to%20TPE%20on%202027-02-02%20one%20way
2026-08-27T14:18:40+00:00,tpe,Taipei,TPE,SJC,2027-02-03,500,?,Unknown,https://www.google.com/travel/flights?q=Flights%20from%20SJC%20to%20TPE%20on%202027-02-03%20one%20way
2026-09-02T09:37:49+00:00,tpe,Taipei,TPE,SJC,2027-02-04,500,Delta,1,https://www.google.com/travel/flights?q=Flights%20from%20SJC%20to%20TPE%20on%202027-02-04%20one%20way
2026-09-03T09:50:38+00:00,tpe,Taipei,TPE,SJC,2027-02-05,500,Delta,1,https://www.google.com/travel/flights?q=Flights%20from%20SJC%20to%20TPE%20on%202027-02-05%20one%20way
2026-08-31T13:50:56+00:00,tpe,Taipei,TPE,SJC,2027-02-06,500,Delta,1,https://www.google.com/travel/flights?q=Flights%20from%20SJC%20to%20TPE%20on%202027-02-06%20one%20way
2026-08-26T19:18:45+00:00,tpe,Taipei,TPE,SJC,2027-02-07,485,Delta,2,https://www.google.com/travel/flights?q=Flights%20from%20SJC%20to%20TPE%20on%202027-02-07%20one%20way
2026-09-01T14:53:27+00:00,tpe,Taipei,TPE,SJC,2027-02-08,500,?,Unknown,https://www.google.com/travel/flights?q=Flights%20from%20SJC%20to%20TPE%20on%202027-02-08%20one%20way
2026-09-02T14:29:37+00:00,tpe,Taipei,TPE,SJC,2027-02-09,516,?,Unknown,https://www.google.com/travel/flights?q=Flights%20from%20SJC%20to%20TPE%20on%202027-02-09%20one%20way
2026-09-03T14:34:41+00:00,tpe,Taipei,TPE,SJC,2027-02-10,500,Delta,1,https://www.google.com/travel/flights?q=Flights%20from%20SJC%20to%20TPE%20on%202027-02-10%20one%20way
2026-08-24T01:57:43+00:00,tpe,Taipei,TPE,SJC,2027-02-11,500,Delta,1,https://www.google.com/travel/flights?q=Flights%20from%20SJC%20to%20TPE%20on%202027-02-11%20one%20way
2026-09-01T18:30:46+00:00,tpe,Taipei,TPE,SJC,2027-02-12,576,"Alaska, Cathay Pacific",2,https://www.google.com/travel/flights?q=Flights%20from%20SJC%20to%20TPE%20on%202027-02-12%20one%20way
2026-09-02T18:42:50+00:00,tpe,Taipei,TPE,SJC,2027-02-13,511,Delta,1,https://www.google.com/travel/flights?q=Flights%20from%20SJC%20to%20TPE%20on%202027-02-13%20one%20way
2026-09-03T18:39:20+00:00,tpe,Taipei,TPE,SJC,2027-02-14,500,?,Unknown,https://www.google.com/travel/flights?q=Flights%20from%20SJC%20to%20TPE%20on%202027-02-14%20one%20way
2026-09-01T21:46:54+00:00,tpe,Taipei,TPE,SJC,2027-02-15,500,?,Unknown,https://www.google.com/travel/flights?q=Flights%20from%20SJC%20to%20TPE%20on%202027-02-15%20one%20way
2026-09-02T21:49:33+00:00,tpe,Taipei,TPE,SJC,2027-02-16,500,Delta,1,https://www.google.com/travel/flights?q=Flights%20from%20SJC%20to%20TPE%20on%202027-02-16%20one%20way
2026-09-03T21:42:38+00:00,tpe,Taipei,TPE,SJC,2027-02-17,433,Delta,1,https://www.google.com/travel/flights?q=Flights%20from%20SJC%20to%20TPE%20on%202027-02-17%20one%20way
2026-08-25T07:58:10+00:00,tpe,Taipei,TPE,SJC,2027-02-18,479,Delta,1,https://www.google.com/travel/flights?q=Flights%20from%20SJC%20to%20TPE%20on%202027-02-18%20one%20way
2026-09-02T00:14:40+00:00,tpe,Taipei,TPE,SJC,2027-02-19,500,Delta,1,https://www.google.com/travel/flights?q=Flights%20from%20SJC%20to%20TPE%20on%202027-02-19%20one%20way
2026-09-03T00:15:57+00:00,tpe,Taipei,TPE,SJC,2027-02-20,500,?,Unknown,https://www.google.com/travel/flights?q=Flights%20from%20SJC%20to%20TPE%20on%202027-02-20%20one%20way
2026-09-04T00:06:22+00:00,tpe,Taipei,TPE,SJC,2027-02-21,433,Delta,1,https://www.google.com/travel/flights?q=Flights%20from%20SJC%20to%20TPE%20on%202027-02-21%20one%20way
2026-08-31T05:35:23+00:00,tpe,Taipei,TPE,SJC,2027-02-22,500,?,Unknown,https://www.google.com/travel/flights?q=Flights%20from%20SJC%20to%20TPE%20on%202027-02-22%20one%20way
2026-09-02T04:34:13+00:00,tpe,Taipei,TPE,SJC,2027-02-23,500,Delta,1,https://www.google.com/travel/flights?q=Flights%20from%20SJC%20to%20TPE%20on%202027-02-23%20one%20way
2026-09-03T04:34:43+00:00,tpe,Taipei,TPE,SJC,2027-02-24,500,Delta,1,https://www.google.com/travel/flights?q=Flights%20from%20SJC%20to%20TPE%20on%202027-02-24%20one%20way
2026-09-04T04:33:42+00:00,tpe,Taipei,TPE,SJC,2027-02-25,433,Delta,1,https://www.google.com/travel/flights?q=Flights%20from%20SJC%20to%20TPE%20on%202027-02-25%20one%20way
2026-08-29T11:05:19+00:00,tpe,Taipei,TPE,SJC,2027-02-26,500,?,Unknown,https://www.google.com/travel/flights?q=Flights%20from%20SJC%20to%20TPE%20on%202027-02-26%20one%20way
2026-08-27T14:18:40+00:00,tpe,Taipei,TPE,SJC,2027-02-27,511,Delta,1,https://www.google.com/travel/flights?q=Flights%20from%20SJC%20to%20TPE%20on%202027-02-27%20one%20way
2026-09-02T09:37:49+00:00,tpe,Taipei,TPE,SJC,2027-02-28,500,Delta,1,https://www.google.com/travel/flights?q=Flights%20from%20SJC%20to%20TPE%20on%202027-02-28%20one%20way
2026-09-03T09:50:38+00:00,tpe,Taipei,TPE,SJC,2027-03-01,500,?,Unknown,https://www.google.com/travel/flights?q=Flights%20from%20SJC%20to%20TPE%20on%202027-03-01%20one%20way
2026-08-31T13:50:56+00:00,tpe,Taipei,TPE,SJC,2027-03-02,500,Delta,1,https://www.google.com/travel/flights?q=Flights%20from%20SJC%20to%20TPE%20on%202027-03-02%20one%20way
2026-08-26T19:18:45+00:00,tpe,Taipei,TPE,SJC,2027-03-03,489,"Delta, Korean Air",2,https://www.google.com/travel/flights?q=Flights%20from%20SJC%20to%20TPE%20on%202027-03-03%20one%20way
2026-09-01T14:53:27+00:00,tpe,Taipei,TPE,SJC,2027-03-04,500,Delta,2,https://www.google.com/travel/flights?q=Flights%20from%20SJC%20to%20TPE%20on%202027-03-04%20one%20way
2026-09-02T14:29:37+00:00,tpe,Taipei,TPE,SJC,2027-03-05,510,"Delta, Korean Air",2,https://www.google.com/travel/flights?q=Flights%20from%20SJC%20to%20TPE%20on%202027-03-05%20one%20way
2026-09-03T14:34:41+00:00,tpe,Taipei,TPE,SJC,2027-03-06,510,"Delta, Korean Air",2,https://www.google.com/travel/flights?q=Flights%20from%20SJC%20to%20TPE%20on%202027-03-06%20one%20way
2026-08-24T01:57:43+00:00,tpe,Taipei,TPE,SJC,2027-03-07,500,?,Unknown,https://www.google.com/travel/flights?q=Flights%20from%20SJC%20to%20TPE%20on%202027-03-07%20one%20way
2026-09-01T18:30:46+00:00,tpe,Taipei,TPE,SJC,2027-03-08,500,?,Unknown,https://www.google.com/travel/flights?q=Flights%20from%20SJC%20to%20TPE%20on%202027-03-08%20one%20way
2026-09-02T18:42:50+00:00,tpe,Taipei,TPE,SJC,2027-03-09,500,?,Unknown,https://www.google.com/travel/flights?q=Flights%20from%20SJC%20to%20TPE%20on%202027-03-09%20one%20way
2026-09-03T18:39:20+00:00,tpe,Taipei,TPE,SJC,2027-03-10,500,?,Unknown,https://www.google.com/travel/flights?q=Flights%20from%20SJC%20to%20TPE%20on%202027-03-10%20one%20way
2026-09-01T21:46:54+00:00,tpe,Taipei,TPE,SJC,2027-03-11,500,Delta,1,https://www.google.com/travel/flights?q=Flights%20from%20SJC%20to%20TPE%20on%202027-03-11%20one%20way
2026-08-31T23:50:53+00:00,tpe,Taipei,TPE,SJC,2027-03-12,572,"Alaska, China Airlines",1,https://www.google.com/travel/flights?q=Flights%20from%20SJC%20to%20TPE%20on%202027-03-12%20one%20way
2026-09-03T21:42:38+00:00,tpe,Taipei,TPE,SJC,2027-03-13,510,"Delta, Korean Air",2,https://www.google.com/travel/flights?q=Flights%20from%20SJC%20to%20TPE%20on%202027-03-13%20one%20way
2026-08-25T07:58:10+00:00,tpe,Taipei,TPE,SJC,2027-03-14,553,?,Unknown,https://www.google.com/travel/flights?q=Flights%20from%20SJC%20to%20TPE%20on%202027-03-14%20one%20way
2026-09-02T00:14:40+00:00,tpe,Taipei,TPE,SJC,2027-03-15,500,?,Unknown,https://www.google.com/travel/flights?q=Flights%20from%20SJC%20to%20TPE%20on%202027-03-15%20one%20way
2026-09-03T00:15:57+00:00,tpe,Taipei,TPE,SJC,2027-03-16,500,?,Unknown,https://www.google.com/travel/flights?q=Flights%20from%20SJC%20to%20TPE%20on%202027-03-16%20one%20way
2026-09-04T00:06:22+00:00,tpe,Taipei,TPE,SJC,2027-03-17,500,Delta,1,https://www.google.com/travel/flights?q=Flights%20from%20SJC%20to%20TPE%20on%202027-03-17%20one%20way
2026-08-31T05:35:23+00:00,tpe,Taipei,TPE,SJC,2027-03-18,516,?,Unknown,https://www.google.com/travel/flights?q=Flights%20from%20SJC%20to%20TPE%20on%202027-03-18%20one%20way
2026-09-02T04:34:13+00:00,tpe,Taipei,TPE,SJC,2027-03-19,576,?,Unknown,https://www.google.com/travel/flights?q=Flights%20from%20SJC%20to%20TPE%20on%202027-03-19%20one%20way
2026-09-03T04:34:43+00:00,tpe,Taipei,TPE,SJC,2027-03-20,510,"Delta, Korean Air",2,https://www.google.com/travel/flights?q=Flights%20from%20SJC%20to%20TPE%20on%202027-03-20%20one%20way
2026-08-28T11:23:35+00:00,tpe,Taipei,TPE,SJC,2027-03-21,510,?,Unknown,https://www.google.com/travel/flights?q=Flights%20from%20SJC%20to%20TPE%20on%202027-03-21%20one%20way
2026-08-29T11:05:19+00:00,tpe,Taipei,TPE,SJC,2027-03-22,500,Delta,1,https://www.google.com/travel/flights?q=Flights%20from%20SJC%20to%20TPE%20on%202027-03-22%20one%20way
2026-08-26T15:56:58+00:00,tpe,Taipei,TPE,SJC,2027-03-23,529,"Alaska, Cathay Pacific",2,https://www.google.com/travel/flights?q=Flights%20from%20SJC%20to%20TPE%20on%202027-03-23%20one%20way
2026-09-02T09:37:49+00:00,tpe,Taipei,TPE,SJC,2027-03-24,500,?,Unknown,https://www.google.com/travel/flights?q=Flights%20from%20SJC%20to%20TPE%20on%202027-03-24%20one%20way
2026-09-03T09:50:38+00:00,tpe,Taipei,TPE,SJC,2027-03-25,500,Delta,2,https://www.google.com/travel/flights?q=Flights%20from%20SJC%20to%20TPE%20on%202027-03-25%20one%20way
2026-08-31T13:50:56+00:00,tpe,Taipei,TPE,SJC,2027-03-26,576,"Alaska, Cathay Pacific",2,https://www.google.com/travel/flights?q=Flights%20from%20SJC%20to%20TPE%20on%202027-03-26%20one%20way
2026-08-26T19:18:45+00:00,tpe,Taipei,TPE,SJC,2027-03-27,589,?,Unknown,https://www.google.com/travel/flights?q=Flights%20from%20SJC%20to%20TPE%20on%202027-03-27%20one%20way
2026-09-01T14:53:27+00:00,tpe,Taipei,TPE,SJC,2027-03-28,516,?,Unknown,https://www.google.com/travel/flights?q=Flights%20from%20SJC%20to%20TPE%20on%202027-03-28%20one%20way
2026-09-02T14:29:37+00:00,tpe,Taipei,TPE,SJC,2027-03-29,500,Delta,2,https://www.google.com/travel/flights?q=Flights%20from%20SJC%20to%20TPE%20on%202027-03-29%20one%20way
2026-09-03T14:34:41+00:00,tpe,Taipei,TPE,SJC,2027-03-30,500,Delta,1,https://www.google.com/travel/flights?q=Flights%20from%20SJC%20to%20TPE%20on%202027-03-30%20one%20way
2026-08-24T01:57:43+00:00,tpe,Taipei,TPE,SJC,2027-03-31,487,"Alaska, Jetstar",2,https://www.google.com/travel/flights?q=Flights%20from%20SJC%20to%20TPE%20on%202027-03-31%20one%20way
2026-09-01T18:30:46+00:00,tpe,Taipei,TPE,SJC,2027-04-01,500,Delta,1,https://www.google.com/travel/flights?q=Flights%20from%20SJC%20to%20TPE%20on%202027-04-01%20one%20way
2026-09-02T18:42:50+00:00,tpe,Taipei,TPE,SJC,2027-04-02,551,?,Unknown,https://www.google.com/travel/flights?q=Flights%20from%20SJC%20to%20TPE%20on%202027-04-02%20one%20way
2026-09-03T18:39:20+00:00,tpe,Taipei,TPE,SJC,2027-04-03,511,Delta,1,https://www.google.com/travel/flights?q=Flights%20from%20SJC%20to%20TPE%20on%202027-04-03%20one%20way
2026-09-01T21:46:54+00:00,tpe,Taipei,TPE,SJC,2027-04-04,500,?,Unknown,https://www.google.com/travel/flights?q=Flights%20from%20SJC%20to%20TPE%20on%202027-04-04%20one%20way
2026-08-31T23:50:53+00:00,tpe,Taipei,TPE,SJC,2027-04-05,500,Delta,1,https://www.google.com/travel/flights?q=Flights%20from%20SJC%20to%20TPE%20on%202027-04-05%20one%20way
2026-09-03T21:42:38+00:00,tpe,Taipei,TPE,SJC,2027-04-06,433,?,Unknown,https://www.google.com/travel/flights?q=Flights%20from%20SJC%20to%20TPE%20on%202027-04-06%20one%20way
2026-08-25T07:58:10+00:00,tpe,Taipei,TPE,SJC,2027-04-07,479,?,Unknown,https://www.google.com/travel/flights?q=Flights%20from%20SJC%20to%20TPE%20on%202027-04-07%20one%20way
2026-09-02T00:14:40+00:00,tpe,Taipei,TPE,SJC,2027-04-08,500,Delta,1,https://www.google.com/travel/flights?q=Flights%20from%20SJC%20to%20TPE%20on%202027-04-08%20one%20way
2026-09-03T00:15:57+00:00,tpe,Taipei,TPE,SJC,2027-04-09,500,Delta,1,https://www.google.com/travel/flights?q=Flights%20from%20SJC%20to%20TPE%20on%202027-04-09%20one%20way
2026-09-04T00:06:22+00:00,tpe,Taipei,TPE,SJC,2027-04-10,500,Delta,2,https://www.google.com/travel/flights?q=Flights%20from%20SJC%20to%20TPE%20on%202027-04-10%20one%20way
2026-08-31T05:35:23+00:00,tpe,Taipei,TPE,SJC,2027-04-11,500,Delta,1,https://www.google.com/travel/flights?q=Flights%20from%20SJC%20to%20TPE%20on%202027-04-11%20one%20way
2026-09-02T04:34:13+00:00,tpe,Taipei,TPE,SJC,2027-04-12,500,Delta,1,https://www.google.com/travel/flights?q=Flights%20from%20SJC%20to%20TPE%20on%202027-04-12%20one%20way
2026-09-03T04:34:43+00:00,tpe,Taipei,TPE,SJC,2027-04-13,440,"Alaska, JAL",2,https://www.google.com/travel/flights?q=Flights%20from%20SJC%20to%20TPE%20on%202027-04-13%20one%20way
2026-09-04T04:33:42+00:00,tpe,Taipei,TPE,SJC,2027-04-14,440,?,Unknown,https://www.google.com/travel/flights?q=Flights%20from%20SJC%20to%20TPE%20on%202027-04-14%20one%20way
2026-08-29T11:05:19+00:00,tpe,Taipei,TPE,SJC,2027-04-15,490,?,Unknown,https://www.google.com/travel/flights?q=Flights%20from%20SJC%20to%20TPE%20on%202027-04-15%20one%20way
2026-08-27T14:18:40+00:00,tpe,Taipei,TPE,SJC,2027-04-16,500,Delta,1,https://www.google.com/travel/flights?q=Flights%20from%20SJC%20to%20TPE%20on%202027-04-16%20one%20way
2026-09-02T09:37:49+00:00,tpe,Taipei,TPE,SJC,2027-04-17,500,?,Unknown,https://www.google.com/travel/flights?q=Flights%20from%20SJC%20to%20TPE%20on%202027-04-17%20one%20way
2026-09-03T09:50:38+00:00,tpe,Taipei,TPE,SJC,2027-04-18,500,Delta,1,https://www.google.com/travel/flights?q=Flights%20from%20SJC%20to%20TPE%20on%202027-04-18%20one%20way
2026-08-31T13:50:56+00:00,tpe,Taipei,TPE,SJC,2027-04-19,500,?,Unknown,https://www.google.com/travel/flights?q=Flights%20from%20SJC%20to%20TPE%20on%202027-04-19%20one%20way
2026-08-25T20:45:57+00:00,tpe,Taipei,TPE,SJC,2027-04-20,479,?,Unknown,https://www.google.com/travel/flights?q=Flights%20from%20SJC%20to%20TPE%20on%202027-04-20%20one%20way
2026-09-01T14:53:27+00:00,tpe,Taipei,TPE,SJC,2027-04-21,390,?,Unknown,https://www.google.com/travel/flights?q=Flights%20from%20SJC%20to%20TPE%20on%202027-04-21%20one%20way
2026-09-02T14:29:37+00:00,tpe,Taipei,TPE,SJC,2027-04-22,500,?,Unknown,https://www.google.com/travel/flights?q=Flights%20from%20SJC%20to%20TPE%20on%202027-04-22%20one%20way
2026-09-03T14:34:41+00:00,tpe,Taipei,TPE,SJC,2027-04-23,500,?,Unknown,https://www.google.com/travel/flights?q=Flights%20from%20SJC%20to%20TPE%20on%202027-04-23%20one%20way
2026-08-24T01:57:43+00:00,tpe,Taipei,TPE,SJC,2027-04-24,500,?,Unknown,https://www.google.com/travel/flights?q=Flights%20from%20SJC%20to%20TPE%20on%202027-04-24%20one%20way
2026-09-01T18:30:46+00:00,tpe,Taipei,TPE,SJC,2027-04-25,500,Delta,1,https://www.google.com/travel/flights?q=Flights%20from%20SJC%20to%20TPE%20on%202027-04-25%20one%20way
2026-09-02T18:42:50+00:00,tpe,Taipei,TPE,SJC,2027-04-26,500,Delta,1,https://www.google.com/travel/flights?q=Flights%20from%20SJC%20to%20TPE%20on%202027-04-26%20one%20way
2026-09-03T18:39:20+00:00,tpe,Taipei,TPE,SJC,2027-04-27,500,?,Unknown,https://www.google.com/travel/flights?q=Flights%20from%20SJC%20to%20TPE%20on%202027-04-27%20one%20way
2026-09-01T21:46:54+00:00,tpe,Taipei,TPE,SJC,2027-04-28,500,Delta,1,https://www.google.com/travel/flights?q=Flights%20from%20SJC%20to%20TPE%20on%202027-04-28%20one%20way
2026-09-02T21:49:33+00:00,tpe,Taipei,TPE,SJC,2027-04-29,500,?,Unknown,https://www.google.com/travel/flights?q=Flights%20from%20SJC%20to%20TPE%20on%202027-04-29%20one%20way
2026-09-03T21:42:38+00:00,tpe,Taipei,TPE,SJC,2027-04-30,433,Delta,1,https://www.google.com/travel/flights?q=Flights%20from%20SJC%20to%20TPE%20on%202027-04-30%20one%20way
2026-08-25T07:58:10+00:00,tpe,Taipei,TPE,SJC,2027-05-01,479,?,Unknown,https://www.google.com/travel/flights?q=Flights%20from%20SJC%20to%20TPE%20on%202027-05-01%20one%20way
2026-09-02T00:14:40+00:00,tpe,Taipei,TPE,SJC,2027-05-02,500,Delta,1,https://www.google.com/travel/flights?q=Flights%20from%20SJC%20to%20TPE%20on%202027-05-02%20one%20way
2026-09-03T00:15:57+00:00,tpe,Taipei,TPE,SJC,2027-05-03,500,Delta,1,https://www.google.com/travel/flights?q=Flights%20from%20SJC%20to%20TPE%20on%202027-05-03%20one%20way
2026-09-04T00:06:22+00:00,tpe,Taipei,TPE,SJC,2027-05-04,433,?,Unknown,https://www.google.com/travel/flights?q=Flights%20from%20SJC%20to%20TPE%20on%202027-05-04%20one%20way
2026-08-31T05:35:23+00:00,tpe,Taipei,TPE,SJC,2027-05-05,500,?,Unknown,https://www.google.com/travel/flights?q=Flights%20from%20SJC%20to%20TPE%20on%202027-05-05%20one%20way
2026-09-02T04:34:13+00:00,tpe,Taipei,TPE,SJC,2027-05-06,516,"Alaska, Cathay Pacific",2,https://www.google.com/travel/flights?q=Flights%20from%20SJC%20to%20TPE%20on%202027-05-06%20one%20way
2026-09-03T04:34:43+00:00,tpe,Taipei,TPE,SJC,2027-05-07,461,"Alaska, EVA Air",2,https://www.google.com/travel/flights?q=Flights%20from%20SJC%20to%20TPE%20on%202027-05-07%20one%20way
2026-09-04T04:33:42+00:00,tpe,Taipei,TPE,SJC,2027-05-08,510,"Delta, Korean Air",2,https://www.google.com/travel/flights?q=Flights%20from%20SJC%20to%20TPE%20on%202027-05-08%20one%20way
2026-08-26T14:04:39+00:00,tpe,Taipei,TPE,SJC,2027-05-09,542,?,Unknown,https://www.google.com/travel/flights?q=Flights%20from%20SJC%20to%20TPE%20on%202027-05-09%20one%20way
2026-08-27T14:18:40+00:00,tpe,Taipei,TPE,SJC,2027-05-10,511,Delta,1,https://www.google.com/travel/flights?q=Flights%20from%20SJC%20to%20TPE%20on%202027-05-10%20one%20way
2026-09-02T09:37:49+00:00,tpe,Taipei,TPE,SJC,2027-05-11,461,"Alaska, EVA Air",2,https://www.google.com/travel/flights?q=Flights%20from%20SJC%20to%20TPE%20on%202027-05-11%20one%20way
2026-09-03T09:50:38+00:00,tpe,Taipei,TPE,SJC,2027-05-12,461,"Alaska, EVA Air",2,https://www.google.com/travel/flights?q=Flights%20from%20SJC%20to%20TPE%20on%202027-05-12%20one%20way
2026-08-31T13:50:56+00:00,tpe,Taipei,TPE,SJC,2027-05-13,461,"Alaska, EVA Air",2,https://www.google.com/travel/flights?q=Flights%20from%20SJC%20to%20TPE%20on%202027-05-13%20one%20way
2026-08-25T20:45:57+00:00,tpe,Taipei,TPE,SJC,2027-05-14,461,?,Unknown,https://www.google.com/travel/flights?q=Flights%20from%20SJC%20to%20TPE%20on%202027-05-14%20one%20way
2026-09-01T14:53:27+00:00,tpe,Taipei,TPE,SJC,2027-05-15,511,Delta,1,https://www.google.com/travel/flights?q=Flights%20from%20SJC%20to%20TPE%20on%202027-05-15%20one%20way
2026-09-02T14:29:37+00:00,tpe,Taipei,TPE,SJC,2027-05-16,548,?,Unknown,https://www.google.com/travel/flights?q=Flights%20from%20SJC%20to%20TPE%20on%202027-05-16%20one%20way
2026-09-03T14:34:41+00:00,tpe,Taipei,TPE,SJC,2027-05-17,548,?,Unknown,https://www.google.com/travel/flights?q=Flights%20from%20SJC%20to%20TPE%20on%202027-05-17%20one%20way
2026-09-01T18:30:46+00:00,tpe,Taipei,TPE,SJC,2027-05-19,552,?,Unknown,https://www.google.com/travel/flights?q=Flights%20from%20SJC%20to%20TPE%20on%202027-05-19%20one%20way
2026-09-02T18:42:50+00:00,tpe,Taipei,TPE,SJC,2027-05-20,553,?,Unknown,https://www.google.com/travel/flights?q=Flights%20from%20SJC%20to%20TPE%20on%202027-05-20%20one%20way
2026-09-03T18:39:20+00:00,tpe,Taipei,TPE,SJC,2027-05-21,560,"Alaska, EVA Air",2,https://www.google.com/travel/flights?q=Flights%20from%20SJC%20to%20TPE%20on%202027-05-21%20one%20way
2026-09-01T21:46:54+00:00,tpe,Taipei,TPE,SJC,2027-05-22,717,"Alaska, Cathay Pacific",2,https://www.google.com/travel/flights?q=Flights%20from%20SJC%20to%20TPE%20on%202027-05-22%20one%20way
2026-09-03T21:42:38+00:00,tpe,Taipei,TPE,SJC,2027-05-24,732,?,Unknown,https://www.google.com/travel/flights?q=Flights%20from%20SJC%20to%20TPE%20on%202027-05-24%20one%20way
